[0.055s] DEBUG:colcon:Command line arguments: ['/usr/bin/colcon', 'build', '--symlink-install']
[0.055s] DEBUG:colcon:Parsed command line arguments: Namespace(log_base=None, log_level=None, verb_name='build', build_base='build', install_base='install', merge_install=False, symlink_install=True, test_result_base=None, continue_on_error=False, executor='parallel', parallel_workers=32, event_handlers=None, ignore_user_meta=False, metas=['./colcon.meta'], base_paths=['.'], packages_ignore=None, packages_ignore_regex=None, paths=None, packages_up_to=None, packages_up_to_regex=None, packages_above=None, packages_above_and_dependencies=None, packages_above_depth=None, packages_select_by_dep=None, packages_skip_by_dep=None, packages_skip_up_to=None, packages_select_build_failed=False, packages_skip_build_finished=False, packages_select_test_failures=False, packages_skip_test_passed=False, packages_select=None, packages_skip=None, packages_select_regex=None, packages_skip_regex=None, packages_start=None, packages_end=None, allow_overriding=[], cmake_args=None, cmake_target=None, cmake_target_skip_unavailable=False, cmake_clean_cache=False, cmake_clean_first=False, cmake_force_configure=False, ament_cmake_args=None, catkin_cmake_args=None, catkin_skip_building_tests=False, verb_parser=<colcon_defaults.argument_parser.defaults.DefaultArgumentsDecorator object at 0x7c4a73b68820>, verb_extension=<colcon_core.verb.build.BuildVerb object at 0x7c4a73b33a60>, main=<bound method BuildVerb.main of <colcon_core.verb.build.BuildVerb object at 0x7c4a73b33a60>>)
[0.126s] Level 1:colcon.colcon_core.package_discovery:discover_packages(colcon_meta) check parameters
[0.126s] Level 1:colcon.colcon_core.package_discovery:discover_packages(recursive) check parameters
[0.126s] Level 1:colcon.colcon_core.package_discovery:discover_packages(ignore) check parameters
[0.126s] Level 1:colcon.colcon_core.package_discovery:discover_packages(path) check parameters
[0.126s] Level 1:colcon.colcon_core.package_discovery:discover_packages(colcon_meta) discover
[0.126s] Level 1:colcon.colcon_core.package_discovery:discover_packages(recursive) discover
[0.126s] INFO:colcon.colcon_core.package_discovery:Crawling recursively for packages in '/home/spaceshipecsat/ur_10_CatapultTest'
[0.126s] Level 1:colcon.colcon_core.package_identification:_identify(.) by extensions ['ignore', 'ignore_ament_install']
[0.126s] Level 1:colcon.colcon_core.package_identification:_identify(.) by extension 'ignore'
[0.126s] Level 1:colcon.colcon_core.package_identification:_identify(.) by extension 'ignore_ament_install'
[0.126s] Level 1:colcon.colcon_core.package_identification:_identify(.) by extensions ['colcon_pkg']
[0.126s] Level 1:colcon.colcon_core.package_identification:_identify(.) by extension 'colcon_pkg'
[0.126s] Level 1:colcon.colcon_core.package_identification:_identify(.) by extensions ['colcon_meta']
[0.126s] Level 1:colcon.colcon_core.package_identification:_identify(.) by extension 'colcon_meta'
[0.126s] Level 1:colcon.colcon_core.package_identification:_identify(.) by extensions ['ros']
[0.126s] Level 1:colcon.colcon_core.package_identification:_identify(.) by extension 'ros'
[0.131s] Level 1:colcon.colcon_core.package_identification:_identify(.) by extensions ['cmake', 'python']
[0.131s] Level 1:colcon.colcon_core.package_identification:_identify(.) by extension 'cmake'
[0.131s] Level 1:colcon.colcon_core.package_identification:_identify(.) by extension 'python'
[0.131s] Level 1:colcon.colcon_core.package_identification:_identify(.) by extensions ['python_setup_py']
[0.131s] Level 1:colcon.colcon_core.package_identification:_identify(.) by extension 'python_setup_py'
[0.131s] Level 1:colcon.colcon_core.package_identification:_identify(build) by extensions ['ignore', 'ignore_ament_install']
[0.131s] Level 1:colcon.colcon_core.package_identification:_identify(build) by extension 'ignore'
[0.131s] Level 1:colcon.colcon_core.package_identification:_identify(build) ignored
[0.131s] Level 1:colcon.colcon_core.package_identification:_identify(install) by extensions ['ignore', 'ignore_ament_install']
[0.132s] Level 1:colcon.colcon_core.package_identification:_identify(install) by extension 'ignore'
[0.132s] Level 1:colcon.colcon_core.package_identification:_identify(install) ignored
[0.132s] Level 1:colcon.colcon_core.package_identification:_identify(log) by extensions ['ignore', 'ignore_ament_install']
[0.132s] Level 1:colcon.colcon_core.package_identification:_identify(log) by extension 'ignore'
[0.132s] Level 1:colcon.colcon_core.package_identification:_identify(log) ignored
[0.132s] Level 1:colcon.colcon_core.package_identification:_identify(src) by extensions ['ignore', 'ignore_ament_install']
[0.132s] Level 1:colcon.colcon_core.package_identification:_identify(src) by extension 'ignore'
[0.132s] Level 1:colcon.colcon_core.package_identification:_identify(src) by extension 'ignore_ament_install'
[0.132s] Level 1:colcon.colcon_core.package_identification:_identify(src) by extensions ['colcon_pkg']
[0.132s] Level 1:colcon.colcon_core.package_identification:_identify(src) by extension 'colcon_pkg'
[0.132s] Level 1:colcon.colcon_core.package_identification:_identify(src) by extensions ['colcon_meta']
[0.132s] Level 1:colcon.colcon_core.package_identification:_identify(src) by extension 'colcon_meta'
[0.132s] Level 1:colcon.colcon_core.package_identification:_identify(src) by extensions ['ros']
[0.132s] Level 1:colcon.colcon_core.package_identification:_identify(src) by extension 'ros'
[0.132s] Level 1:colcon.colcon_core.package_identification:_identify(src) by extensions ['cmake', 'python']
[0.132s] Level 1:colcon.colcon_core.package_identification:_identify(src) by extension 'cmake'
[0.132s] Level 1:colcon.colcon_core.package_identification:_identify(src) by extension 'python'
[0.132s] Level 1:colcon.colcon_core.package_identification:_identify(src) by extensions ['python_setup_py']
[0.132s] Level 1:colcon.colcon_core.package_identification:_identify(src) by extension 'python_setup_py'
[0.132s] Level 1:colcon.colcon_core.package_identification:_identify(src/IFRA_LinkAttacher) by extensions ['ignore', 'ignore_ament_install']
[0.132s] Level 1:colcon.colcon_core.package_identification:_identify(src/IFRA_LinkAttacher) by extension 'ignore'
[0.132s] Level 1:colcon.colcon_core.package_identification:_identify(src/IFRA_LinkAttacher) by extension 'ignore_ament_install'
[0.132s] Level 1:colcon.colcon_core.package_identification:_identify(src/IFRA_LinkAttacher) by extensions ['colcon_pkg']
[0.132s] Level 1:colcon.colcon_core.package_identification:_identify(src/IFRA_LinkAttacher) by extension 'colcon_pkg'
[0.132s] Level 1:colcon.colcon_core.package_identification:_identify(src/IFRA_LinkAttacher) by extensions ['colcon_meta']
[0.132s] Level 1:colcon.colcon_core.package_identification:_identify(src/IFRA_LinkAttacher) by extension 'colcon_meta'
[0.132s] Level 1:colcon.colcon_core.package_identification:_identify(src/IFRA_LinkAttacher) by extensions ['ros']
[0.132s] Level 1:colcon.colcon_core.package_identification:_identify(src/IFRA_LinkAttacher) by extension 'ros'
[0.132s] Level 1:colcon.colcon_core.package_identification:_identify(src/IFRA_LinkAttacher) by extensions ['cmake', 'python']
[0.132s] Level 1:colcon.colcon_core.package_identification:_identify(src/IFRA_LinkAttacher) by extension 'cmake'
[0.132s] Level 1:colcon.colcon_core.package_identification:_identify(src/IFRA_LinkAttacher) by extension 'python'
[0.132s] Level 1:colcon.colcon_core.package_identification:_identify(src/IFRA_LinkAttacher) by extensions ['python_setup_py']
[0.132s] Level 1:colcon.colcon_core.package_identification:_identify(src/IFRA_LinkAttacher) by extension 'python_setup_py'
[0.132s] Level 1:colcon.colcon_core.package_identification:_identify(src/IFRA_LinkAttacher/linkattacher_msgs) by extensions ['ignore', 'ignore_ament_install']
[0.132s] Level 1:colcon.colcon_core.package_identification:_identify(src/IFRA_LinkAttacher/linkattacher_msgs) by extension 'ignore'
[0.132s] Level 1:colcon.colcon_core.package_identification:_identify(src/IFRA_LinkAttacher/linkattacher_msgs) by extension 'ignore_ament_install'
[0.132s] Level 1:colcon.colcon_core.package_identification:_identify(src/IFRA_LinkAttacher/linkattacher_msgs) by extensions ['colcon_pkg']
[0.132s] Level 1:colcon.colcon_core.package_identification:_identify(src/IFRA_LinkAttacher/linkattacher_msgs) by extension 'colcon_pkg'
[0.132s] Level 1:colcon.colcon_core.package_identification:_identify(src/IFRA_LinkAttacher/linkattacher_msgs) by extensions ['colcon_meta']
[0.132s] Level 1:colcon.colcon_core.package_identification:_identify(src/IFRA_LinkAttacher/linkattacher_msgs) by extension 'colcon_meta'
[0.132s] Level 1:colcon.colcon_core.package_identification:_identify(src/IFRA_LinkAttacher/linkattacher_msgs) by extensions ['ros']
[0.132s] Level 1:colcon.colcon_core.package_identification:_identify(src/IFRA_LinkAttacher/linkattacher_msgs) by extension 'ros'
[0.133s] DEBUG:colcon.colcon_core.package_identification:Package 'src/IFRA_LinkAttacher/linkattacher_msgs' with type 'ros.ament_cmake' and name 'linkattacher_msgs'
[0.133s] Level 1:colcon.colcon_core.package_identification:_identify(src/IFRA_LinkAttacher/ros2_LinkAttacher) by extensions ['ignore', 'ignore_ament_install']
[0.133s] Level 1:colcon.colcon_core.package_identification:_identify(src/IFRA_LinkAttacher/ros2_LinkAttacher) by extension 'ignore'
[0.133s] Level 1:colcon.colcon_core.package_identification:_identify(src/IFRA_LinkAttacher/ros2_LinkAttacher) by extension 'ignore_ament_install'
[0.134s] Level 1:colcon.colcon_core.package_identification:_identify(src/IFRA_LinkAttacher/ros2_LinkAttacher) by extensions ['colcon_pkg']
[0.134s] Level 1:colcon.colcon_core.package_identification:_identify(src/IFRA_LinkAttacher/ros2_LinkAttacher) by extension 'colcon_pkg'
[0.134s] Level 1:colcon.colcon_core.package_identification:_identify(src/IFRA_LinkAttacher/ros2_LinkAttacher) by extensions ['colcon_meta']
[0.134s] Level 1:colcon.colcon_core.package_identification:_identify(src/IFRA_LinkAttacher/ros2_LinkAttacher) by extension 'colcon_meta'
[0.134s] Level 1:colcon.colcon_core.package_identification:_identify(src/IFRA_LinkAttacher/ros2_LinkAttacher) by extensions ['ros']
[0.134s] Level 1:colcon.colcon_core.package_identification:_identify(src/IFRA_LinkAttacher/ros2_LinkAttacher) by extension 'ros'
[0.134s] DEBUG:colcon.colcon_core.package_identification:Package 'src/IFRA_LinkAttacher/ros2_LinkAttacher' with type 'ros.ament_cmake' and name 'ros2_linkattacher'
[0.134s] Level 1:colcon.colcon_core.package_identification:_identify(src/Universal_Robots_ROS2_Description) by extensions ['ignore', 'ignore_ament_install']
[0.134s] Level 1:colcon.colcon_core.package_identification:_identify(src/Universal_Robots_ROS2_Description) by extension 'ignore'
[0.134s] Level 1:colcon.colcon_core.package_identification:_identify(src/Universal_Robots_ROS2_Description) by extension 'ignore_ament_install'
[0.134s] Level 1:colcon.colcon_core.package_identification:_identify(src/Universal_Robots_ROS2_Description) by extensions ['colcon_pkg']
[0.134s] Level 1:colcon.colcon_core.package_identification:_identify(src/Universal_Robots_ROS2_Description) by extension 'colcon_pkg'
[0.134s] Level 1:colcon.colcon_core.package_identification:_identify(src/Universal_Robots_ROS2_Description) by extensions ['colcon_meta']
[0.134s] Level 1:colcon.colcon_core.package_identification:_identify(src/Universal_Robots_ROS2_Description) by extension 'colcon_meta'
[0.134s] Level 1:colcon.colcon_core.package_identification:_identify(src/Universal_Robots_ROS2_Description) by extensions ['ros']
[0.134s] Level 1:colcon.colcon_core.package_identification:_identify(src/Universal_Robots_ROS2_Description) by extension 'ros'
[0.135s] DEBUG:colcon.colcon_core.package_identification:Package 'src/Universal_Robots_ROS2_Description' with type 'ros.ament_cmake' and name 'ur_description'
[0.135s] Level 1:colcon.colcon_core.package_identification:_identify(src/Universal_Robots_ROS2_Gazebo_Simulation) by extensions ['ignore', 'ignore_ament_install']
[0.135s] Level 1:colcon.colcon_core.package_identification:_identify(src/Universal_Robots_ROS2_Gazebo_Simulation) by extension 'ignore'
[0.135s] Level 1:colcon.colcon_core.package_identification:_identify(src/Universal_Robots_ROS2_Gazebo_Simulation) by extension 'ignore_ament_install'
[0.135s] Level 1:colcon.colcon_core.package_identification:_identify(src/Universal_Robots_ROS2_Gazebo_Simulation) by extensions ['colcon_pkg']
[0.135s] Level 1:colcon.colcon_core.package_identification:_identify(src/Universal_Robots_ROS2_Gazebo_Simulation) by extension 'colcon_pkg'
[0.135s] Level 1:colcon.colcon_core.package_identification:_identify(src/Universal_Robots_ROS2_Gazebo_Simulation) by extensions ['colcon_meta']
[0.135s] Level 1:colcon.colcon_core.package_identification:_identify(src/Universal_Robots_ROS2_Gazebo_Simulation) by extension 'colcon_meta'
[0.135s] Level 1:colcon.colcon_core.package_identification:_identify(src/Universal_Robots_ROS2_Gazebo_Simulation) by extensions ['ros']
[0.135s] Level 1:colcon.colcon_core.package_identification:_identify(src/Universal_Robots_ROS2_Gazebo_Simulation) by extension 'ros'
[0.135s] Level 1:colcon.colcon_core.package_identification:_identify(src/Universal_Robots_ROS2_Gazebo_Simulation) by extensions ['cmake', 'python']
[0.135s] Level 1:colcon.colcon_core.package_identification:_identify(src/Universal_Robots_ROS2_Gazebo_Simulation) by extension 'cmake'
[0.135s] Level 1:colcon.colcon_core.package_identification:_identify(src/Universal_Robots_ROS2_Gazebo_Simulation) by extension 'python'
[0.135s] Level 1:colcon.colcon_core.package_identification:_identify(src/Universal_Robots_ROS2_Gazebo_Simulation) by extensions ['python_setup_py']
[0.135s] Level 1:colcon.colcon_core.package_identification:_identify(src/Universal_Robots_ROS2_Gazebo_Simulation) by extension 'python_setup_py'
[0.135s] Level 1:colcon.colcon_core.package_identification:_identify(src/Universal_Robots_ROS2_Gazebo_Simulation/ur_simulation_gazebo) by extensions ['ignore', 'ignore_ament_install']
[0.135s] Level 1:colcon.colcon_core.package_identification:_identify(src/Universal_Robots_ROS2_Gazebo_Simulation/ur_simulation_gazebo) by extension 'ignore'
[0.135s] Level 1:colcon.colcon_core.package_identification:_identify(src/Universal_Robots_ROS2_Gazebo_Simulation/ur_simulation_gazebo) by extension 'ignore_ament_install'
[0.135s] Level 1:colcon.colcon_core.package_identification:_identify(src/Universal_Robots_ROS2_Gazebo_Simulation/ur_simulation_gazebo) by extensions ['colcon_pkg']
[0.135s] Level 1:colcon.colcon_core.package_identification:_identify(src/Universal_Robots_ROS2_Gazebo_Simulation/ur_simulation_gazebo) by extension 'colcon_pkg'
[0.135s] Level 1:colcon.colcon_core.package_identification:_identify(src/Universal_Robots_ROS2_Gazebo_Simulation/ur_simulation_gazebo) by extensions ['colcon_meta']
[0.135s] Level 1:colcon.colcon_core.package_identification:_identify(src/Universal_Robots_ROS2_Gazebo_Simulation/ur_simulation_gazebo) by extension 'colcon_meta'
[0.135s] Level 1:colcon.colcon_core.package_identification:_identify(src/Universal_Robots_ROS2_Gazebo_Simulation/ur_simulation_gazebo) by extensions ['ros']
[0.135s] Level 1:colcon.colcon_core.package_identification:_identify(src/Universal_Robots_ROS2_Gazebo_Simulation/ur_simulation_gazebo) by extension 'ros'
[0.136s] DEBUG:colcon.colcon_core.package_identification:Package 'src/Universal_Robots_ROS2_Gazebo_Simulation/ur_simulation_gazebo' with type 'ros.ament_cmake' and name 'ur_simulation_gazebo'
[0.136s] Level 1:colcon.colcon_core.package_identification:_identify(src/aruco_markers) by extensions ['ignore', 'ignore_ament_install']
[0.136s] Level 1:colcon.colcon_core.package_identification:_identify(src/aruco_markers) by extension 'ignore'
[0.136s] Level 1:colcon.colcon_core.package_identification:_identify(src/aruco_markers) by extension 'ignore_ament_install'
[0.136s] Level 1:colcon.colcon_core.package_identification:_identify(src/aruco_markers) by extensions ['colcon_pkg']
[0.136s] Level 1:colcon.colcon_core.package_identification:_identify(src/aruco_markers) by extension 'colcon_pkg'
[0.136s] Level 1:colcon.colcon_core.package_identification:_identify(src/aruco_markers) by extensions ['colcon_meta']
[0.136s] Level 1:colcon.colcon_core.package_identification:_identify(src/aruco_markers) by extension 'colcon_meta'
[0.136s] Level 1:colcon.colcon_core.package_identification:_identify(src/aruco_markers) by extensions ['ros']
[0.136s] Level 1:colcon.colcon_core.package_identification:_identify(src/aruco_markers) by extension 'ros'
[0.136s] Level 1:colcon.colcon_core.package_identification:_identify(src/aruco_markers) by extensions ['cmake', 'python']
[0.136s] Level 1:colcon.colcon_core.package_identification:_identify(src/aruco_markers) by extension 'cmake'
[0.136s] Level 1:colcon.colcon_core.package_identification:_identify(src/aruco_markers) by extension 'python'
[0.136s] Level 1:colcon.colcon_core.package_identification:_identify(src/aruco_markers) by extensions ['python_setup_py']
[0.136s] Level 1:colcon.colcon_core.package_identification:_identify(src/aruco_markers) by extension 'python_setup_py'
[0.136s] Level 1:colcon.colcon_core.package_identification:_identify(src/build_local) by extensions ['ignore', 'ignore_ament_install']
[0.136s] Level 1:colcon.colcon_core.package_identification:_identify(src/build_local) by extension 'ignore'
[0.136s] Level 1:colcon.colcon_core.package_identification:_identify(src/build_local) ignored
[0.136s] Level 1:colcon.colcon_core.package_identification:_identify(src/build_tmp) by extensions ['ignore', 'ignore_ament_install']
[0.136s] Level 1:colcon.colcon_core.package_identification:_identify(src/build_tmp) by extension 'ignore'
[0.136s] Level 1:colcon.colcon_core.package_identification:_identify(src/build_tmp) ignored
[0.136s] Level 1:colcon.colcon_core.package_identification:_identify(src/build_tmp2) by extensions ['ignore', 'ignore_ament_install']
[0.136s] Level 1:colcon.colcon_core.package_identification:_identify(src/build_tmp2) by extension 'ignore'
[0.136s] Level 1:colcon.colcon_core.package_identification:_identify(src/build_tmp2) ignored
[0.136s] Level 1:colcon.colcon_core.package_identification:_identify(src/install_local) by extensions ['ignore', 'ignore_ament_install']
[0.136s] Level 1:colcon.colcon_core.package_identification:_identify(src/install_local) by extension 'ignore'
[0.136s] Level 1:colcon.colcon_core.package_identification:_identify(src/install_local) ignored
[0.136s] Level 1:colcon.colcon_core.package_identification:_identify(src/install_tmp) by extensions ['ignore', 'ignore_ament_install']
[0.136s] Level 1:colcon.colcon_core.package_identification:_identify(src/install_tmp) by extension 'ignore'
[0.136s] Level 1:colcon.colcon_core.package_identification:_identify(src/install_tmp) ignored
[0.136s] Level 1:colcon.colcon_core.package_identification:_identify(src/install_tmp2) by extensions ['ignore', 'ignore_ament_install']
[0.136s] Level 1:colcon.colcon_core.package_identification:_identify(src/install_tmp2) by extension 'ignore'
[0.136s] Level 1:colcon.colcon_core.package_identification:_identify(src/install_tmp2) ignored
[0.136s] Level 1:colcon.colcon_core.package_identification:_identify(src/log_local) by extensions ['ignore', 'ignore_ament_install']
[0.136s] Level 1:colcon.colcon_core.package_identification:_identify(src/log_local) by extension 'ignore'
[0.136s] Level 1:colcon.colcon_core.package_identification:_identify(src/log_local) ignored
[0.136s] Level 1:colcon.colcon_core.package_identification:_identify(src/log_tmp) by extensions ['ignore', 'ignore_ament_install']
[0.137s] Level 1:colcon.colcon_core.package_identification:_identify(src/log_tmp) by extension 'ignore'
[0.137s] Level 1:colcon.colcon_core.package_identification:_identify(src/log_tmp) ignored
[0.137s] Level 1:colcon.colcon_core.package_identification:_identify(src/log_tmp2) by extensions ['ignore', 'ignore_ament_install']
[0.137s] Level 1:colcon.colcon_core.package_identification:_identify(src/log_tmp2) by extension 'ignore'
[0.137s] Level 1:colcon.colcon_core.package_identification:_identify(src/log_tmp2) ignored
[0.137s] Level 1:colcon.colcon_core.package_identification:_identify(src/ros2_robotiq_gripper) by extensions ['ignore', 'ignore_ament_install']
[0.137s] Level 1:colcon.colcon_core.package_identification:_identify(src/ros2_robotiq_gripper) by extension 'ignore'
[0.137s] Level 1:colcon.colcon_core.package_identification:_identify(src/ros2_robotiq_gripper) by extension 'ignore_ament_install'
[0.137s] Level 1:colcon.colcon_core.package_identification:_identify(src/ros2_robotiq_gripper) by extensions ['colcon_pkg']
[0.137s] Level 1:colcon.colcon_core.package_identification:_identify(src/ros2_robotiq_gripper) by extension 'colcon_pkg'
[0.137s] Level 1:colcon.colcon_core.package_identification:_identify(src/ros2_robotiq_gripper) by extensions ['colcon_meta']
[0.137s] Level 1:colcon.colcon_core.package_identification:_identify(src/ros2_robotiq_gripper) by extension 'colcon_meta'
[0.137s] Level 1:colcon.colcon_core.package_identification:_identify(src/ros2_robotiq_gripper) by extensions ['ros']
[0.137s] Level 1:colcon.colcon_core.package_identification:_identify(src/ros2_robotiq_gripper) by extension 'ros'
[0.137s] Level 1:colcon.colcon_core.package_identification:_identify(src/ros2_robotiq_gripper) by extensions ['cmake', 'python']
[0.137s] Level 1:colcon.colcon_core.package_identification:_identify(src/ros2_robotiq_gripper) by extension 'cmake'
[0.137s] Level 1:colcon.colcon_core.package_identification:_identify(src/ros2_robotiq_gripper) by extension 'python'
[0.137s] Level 1:colcon.colcon_core.package_identification:_identify(src/ros2_robotiq_gripper) by extensions ['python_setup_py']
[0.137s] Level 1:colcon.colcon_core.package_identification:_identify(src/ros2_robotiq_gripper) by extension 'python_setup_py'
[0.137s] Level 1:colcon.colcon_core.package_identification:_identify(src/ros2_robotiq_gripper/robotiq_controllers) by extensions ['ignore', 'ignore_ament_install']
[0.137s] Level 1:colcon.colcon_core.package_identification:_identify(src/ros2_robotiq_gripper/robotiq_controllers) by extension 'ignore'
[0.137s] Level 1:colcon.colcon_core.package_identification:_identify(src/ros2_robotiq_gripper/robotiq_controllers) by extension 'ignore_ament_install'
[0.137s] Level 1:colcon.colcon_core.package_identification:_identify(src/ros2_robotiq_gripper/robotiq_controllers) by extensions ['colcon_pkg']
[0.137s] Level 1:colcon.colcon_core.package_identification:_identify(src/ros2_robotiq_gripper/robotiq_controllers) by extension 'colcon_pkg'
[0.137s] Level 1:colcon.colcon_core.package_identification:_identify(src/ros2_robotiq_gripper/robotiq_controllers) by extensions ['colcon_meta']
[0.137s] Level 1:colcon.colcon_core.package_identification:_identify(src/ros2_robotiq_gripper/robotiq_controllers) by extension 'colcon_meta'
[0.137s] Level 1:colcon.colcon_core.package_identification:_identify(src/ros2_robotiq_gripper/robotiq_controllers) by extensions ['ros']
[0.137s] Level 1:colcon.colcon_core.package_identification:_identify(src/ros2_robotiq_gripper/robotiq_controllers) by extension 'ros'
[0.137s] DEBUG:colcon.colcon_core.package_identification:Package 'src/ros2_robotiq_gripper/robotiq_controllers' with type 'ros.ament_cmake' and name 'robotiq_controllers'
[0.137s] Level 1:colcon.colcon_core.package_identification:_identify(src/ros2_robotiq_gripper/robotiq_description) by extensions ['ignore', 'ignore_ament_install']
[0.137s] Level 1:colcon.colcon_core.package_identification:_identify(src/ros2_robotiq_gripper/robotiq_description) by extension 'ignore'
[0.137s] Level 1:colcon.colcon_core.package_identification:_identify(src/ros2_robotiq_gripper/robotiq_description) by extension 'ignore_ament_install'
[0.137s] Level 1:colcon.colcon_core.package_identification:_identify(src/ros2_robotiq_gripper/robotiq_description) by extensions ['colcon_pkg']
[0.137s] Level 1:colcon.colcon_core.package_identification:_identify(src/ros2_robotiq_gripper/robotiq_description) by extension 'colcon_pkg'
[0.137s] Level 1:colcon.colcon_core.package_identification:_identify(src/ros2_robotiq_gripper/robotiq_description) by extensions ['colcon_meta']
[0.137s] Level 1:colcon.colcon_core.package_identification:_identify(src/ros2_robotiq_gripper/robotiq_description) by extension 'colcon_meta'
[0.137s] Level 1:colcon.colcon_core.package_identification:_identify(src/ros2_robotiq_gripper/robotiq_description) by extensions ['ros']
[0.137s] Level 1:colcon.colcon_core.package_identification:_identify(src/ros2_robotiq_gripper/robotiq_description) by extension 'ros'
[0.138s] DEBUG:colcon.colcon_core.package_identification:Package 'src/ros2_robotiq_gripper/robotiq_description' with type 'ros.ament_cmake' and name 'robotiq_description'
[0.138s] Level 1:colcon.colcon_core.package_identification:_identify(src/ros2_robotiq_gripper/robotiq_driver) by extensions ['ignore', 'ignore_ament_install']
[0.138s] Level 1:colcon.colcon_core.package_identification:_identify(src/ros2_robotiq_gripper/robotiq_driver) by extension 'ignore'
[0.138s] Level 1:colcon.colcon_core.package_identification:_identify(src/ros2_robotiq_gripper/robotiq_driver) by extension 'ignore_ament_install'
[0.138s] Level 1:colcon.colcon_core.package_identification:_identify(src/ros2_robotiq_gripper/robotiq_driver) by extensions ['colcon_pkg']
[0.138s] Level 1:colcon.colcon_core.package_identification:_identify(src/ros2_robotiq_gripper/robotiq_driver) by extension 'colcon_pkg'
[0.138s] Level 1:colcon.colcon_core.package_identification:_identify(src/ros2_robotiq_gripper/robotiq_driver) by extensions ['colcon_meta']
[0.138s] Level 1:colcon.colcon_core.package_identification:_identify(src/ros2_robotiq_gripper/robotiq_driver) by extension 'colcon_meta'
[0.138s] Level 1:colcon.colcon_core.package_identification:_identify(src/ros2_robotiq_gripper/robotiq_driver) by extensions ['ros']
[0.138s] Level 1:colcon.colcon_core.package_identification:_identify(src/ros2_robotiq_gripper/robotiq_driver) by extension 'ros'
[0.138s] Level 1:colcon.colcon_core.package_identification:_identify(src/ros2_robotiq_gripper/robotiq_driver) by extensions ['cmake', 'python']
[0.138s] Level 1:colcon.colcon_core.package_identification:_identify(src/ros2_robotiq_gripper/robotiq_driver) by extension 'cmake'
[0.138s] Level 1:colcon.colcon_core.package_identification:_identify(src/ros2_robotiq_gripper/robotiq_driver) by extension 'python'
[0.138s] Level 1:colcon.colcon_core.package_identification:_identify(src/ros2_robotiq_gripper/robotiq_driver) by extensions ['python_setup_py']
[0.138s] Level 1:colcon.colcon_core.package_identification:_identify(src/ros2_robotiq_gripper/robotiq_driver) by extension 'python_setup_py'
[0.138s] Level 1:colcon.colcon_core.package_identification:_identify(src/ros2_robotiq_gripper/robotiq_hardware_tests) by extensions ['ignore', 'ignore_ament_install']
[0.138s] Level 1:colcon.colcon_core.package_identification:_identify(src/ros2_robotiq_gripper/robotiq_hardware_tests) by extension 'ignore'
[0.138s] Level 1:colcon.colcon_core.package_identification:_identify(src/ros2_robotiq_gripper/robotiq_hardware_tests) by extension 'ignore_ament_install'
[0.138s] Level 1:colcon.colcon_core.package_identification:_identify(src/ros2_robotiq_gripper/robotiq_hardware_tests) by extensions ['colcon_pkg']
[0.138s] Level 1:colcon.colcon_core.package_identification:_identify(src/ros2_robotiq_gripper/robotiq_hardware_tests) by extension 'colcon_pkg'
[0.138s] Level 1:colcon.colcon_core.package_identification:_identify(src/ros2_robotiq_gripper/robotiq_hardware_tests) by extensions ['colcon_meta']
[0.138s] Level 1:colcon.colcon_core.package_identification:_identify(src/ros2_robotiq_gripper/robotiq_hardware_tests) by extension 'colcon_meta'
[0.138s] Level 1:colcon.colcon_core.package_identification:_identify(src/ros2_robotiq_gripper/robotiq_hardware_tests) by extensions ['ros']
[0.138s] Level 1:colcon.colcon_core.package_identification:_identify(src/ros2_robotiq_gripper/robotiq_hardware_tests) by extension 'ros'
[0.138s] Level 1:colcon.colcon_core.package_identification:_identify(src/ros2_robotiq_gripper/robotiq_hardware_tests) by extensions ['cmake', 'python']
[0.138s] Level 1:colcon.colcon_core.package_identification:_identify(src/ros2_robotiq_gripper/robotiq_hardware_tests) by extension 'cmake'
[0.138s] Level 1:colcon.colcon_core.package_identification:_identify(src/ros2_robotiq_gripper/robotiq_hardware_tests) by extension 'python'
[0.138s] Level 1:colcon.colcon_core.package_identification:_identify(src/ros2_robotiq_gripper/robotiq_hardware_tests) by extensions ['python_setup_py']
[0.138s] Level 1:colcon.colcon_core.package_identification:_identify(src/ros2_robotiq_gripper/robotiq_hardware_tests) by extension 'python_setup_py'
[0.138s] Level 1:colcon.colcon_core.package_identification:_identify(src/ur10_camera_gripper_moveit_config) by extensions ['ignore', 'ignore_ament_install']
[0.138s] Level 1:colcon.colcon_core.package_identification:_identify(src/ur10_camera_gripper_moveit_config) by extension 'ignore'
[0.138s] Level 1:colcon.colcon_core.package_identification:_identify(src/ur10_camera_gripper_moveit_config) by extension 'ignore_ament_install'
[0.138s] Level 1:colcon.colcon_core.package_identification:_identify(src/ur10_camera_gripper_moveit_config) by extensions ['colcon_pkg']
[0.138s] Level 1:colcon.colcon_core.package_identification:_identify(src/ur10_camera_gripper_moveit_config) by extension 'colcon_pkg'
[0.138s] Level 1:colcon.colcon_core.package_identification:_identify(src/ur10_camera_gripper_moveit_config) by extensions ['colcon_meta']
[0.138s] Level 1:colcon.colcon_core.package_identification:_identify(src/ur10_camera_gripper_moveit_config) by extension 'colcon_meta'
[0.138s] Level 1:colcon.colcon_core.package_identification:_identify(src/ur10_camera_gripper_moveit_config) by extensions ['ros']
[0.138s] Level 1:colcon.colcon_core.package_identification:_identify(src/ur10_camera_gripper_moveit_config) by extension 'ros'
[0.142s] DEBUG:colcon.colcon_core.package_identification:Package 'src/ur10_camera_gripper_moveit_config' with type 'ros.ament_cmake' and name 'ur10_camera_gripper_moveit_config'
[0.142s] Level 1:colcon.colcon_core.package_identification:_identify(src/ur10_camera_moveit_config) by extensions ['ignore', 'ignore_ament_install']
[0.142s] Level 1:colcon.colcon_core.package_identification:_identify(src/ur10_camera_moveit_config) by extension 'ignore'
[0.142s] Level 1:colcon.colcon_core.package_identification:_identify(src/ur10_camera_moveit_config) by extension 'ignore_ament_install'
[0.142s] Level 1:colcon.colcon_core.package_identification:_identify(src/ur10_camera_moveit_config) by extensions ['colcon_pkg']
[0.142s] Level 1:colcon.colcon_core.package_identification:_identify(src/ur10_camera_moveit_config) by extension 'colcon_pkg'
[0.142s] Level 1:colcon.colcon_core.package_identification:_identify(src/ur10_camera_moveit_config) by extensions ['colcon_meta']
[0.142s] Level 1:colcon.colcon_core.package_identification:_identify(src/ur10_camera_moveit_config) by extension 'colcon_meta'
[0.142s] Level 1:colcon.colcon_core.package_identification:_identify(src/ur10_camera_moveit_config) by extensions ['ros']
[0.142s] Level 1:colcon.colcon_core.package_identification:_identify(src/ur10_camera_moveit_config) by extension 'ros'
[0.143s] DEBUG:colcon.colcon_core.package_identification:Package 'src/ur10_camera_moveit_config' with type 'ros.ament_cmake' and name 'ur10_camera_moveit_config'
[0.143s] Level 1:colcon.colcon_core.package_identification:_identify(src/ur5_camera_gripper_moveit_config) by extensions ['ignore', 'ignore_ament_install']
[0.143s] Level 1:colcon.colcon_core.package_identification:_identify(src/ur5_camera_gripper_moveit_config) by extension 'ignore'
[0.143s] Level 1:colcon.colcon_core.package_identification:_identify(src/ur5_camera_gripper_moveit_config) by extension 'ignore_ament_install'
[0.143s] Level 1:colcon.colcon_core.package_identification:_identify(src/ur5_camera_gripper_moveit_config) by extensions ['colcon_pkg']
[0.143s] Level 1:colcon.colcon_core.package_identification:_identify(src/ur5_camera_gripper_moveit_config) by extension 'colcon_pkg'
[0.143s] Level 1:colcon.colcon_core.package_identification:_identify(src/ur5_camera_gripper_moveit_config) by extensions ['colcon_meta']
[0.143s] Level 1:colcon.colcon_core.package_identification:_identify(src/ur5_camera_gripper_moveit_config) by extension 'colcon_meta'
[0.143s] Level 1:colcon.colcon_core.package_identification:_identify(src/ur5_camera_gripper_moveit_config) by extensions ['ros']
[0.143s] Level 1:colcon.colcon_core.package_identification:_identify(src/ur5_camera_gripper_moveit_config) by extension 'ros'
[0.143s] DEBUG:colcon.colcon_core.package_identification:Package 'src/ur5_camera_gripper_moveit_config' with type 'ros.ament_cmake' and name 'ur5_camera_gripper_moveit_config'
[0.143s] Level 1:colcon.colcon_core.package_identification:_identify(src/ur5_camera_moveit_config) by extensions ['ignore', 'ignore_ament_install']
[0.143s] Level 1:colcon.colcon_core.package_identification:_identify(src/ur5_camera_moveit_config) by extension 'ignore'
[0.143s] Level 1:colcon.colcon_core.package_identification:_identify(src/ur5_camera_moveit_config) by extension 'ignore_ament_install'
[0.143s] Level 1:colcon.colcon_core.package_identification:_identify(src/ur5_camera_moveit_config) by extensions ['colcon_pkg']
[0.143s] Level 1:colcon.colcon_core.package_identification:_identify(src/ur5_camera_moveit_config) by extension 'colcon_pkg'
[0.143s] Level 1:colcon.colcon_core.package_identification:_identify(src/ur5_camera_moveit_config) by extensions ['colcon_meta']
[0.143s] Level 1:colcon.colcon_core.package_identification:_identify(src/ur5_camera_moveit_config) by extension 'colcon_meta'
[0.144s] Level 1:colcon.colcon_core.package_identification:_identify(src/ur5_camera_moveit_config) by extensions ['ros']
[0.144s] Level 1:colcon.colcon_core.package_identification:_identify(src/ur5_camera_moveit_config) by extension 'ros'
[0.144s] DEBUG:colcon.colcon_core.package_identification:Package 'src/ur5_camera_moveit_config' with type 'ros.ament_cmake' and name 'ur5_camera_moveit_config'
[0.144s] Level 1:colcon.colcon_core.package_identification:_identify(src/ur_yt_sim) by extensions ['ignore', 'ignore_ament_install']
[0.144s] Level 1:colcon.colcon_core.package_identification:_identify(src/ur_yt_sim) by extension 'ignore'
[0.144s] Level 1:colcon.colcon_core.package_identification:_identify(src/ur_yt_sim) by extension 'ignore_ament_install'
[0.144s] Level 1:colcon.colcon_core.package_identification:_identify(src/ur_yt_sim) by extensions ['colcon_pkg']
[0.144s] Level 1:colcon.colcon_core.package_identification:_identify(src/ur_yt_sim) by extension 'colcon_pkg'
[0.144s] Level 1:colcon.colcon_core.package_identification:_identify(src/ur_yt_sim) by extensions ['colcon_meta']
[0.144s] Level 1:colcon.colcon_core.package_identification:_identify(src/ur_yt_sim) by extension 'colcon_meta'
[0.144s] Level 1:colcon.colcon_core.package_identification:_identify(src/ur_yt_sim) by extensions ['ros']
[0.144s] Level 1:colcon.colcon_core.package_identification:_identify(src/ur_yt_sim) by extension 'ros'
[0.145s] DEBUG:colcon.colcon_core.package_identification:Package 'src/ur_yt_sim' with type 'ros.ament_cmake' and name 'ur_yt_sim'
[0.145s] Level 1:colcon.colcon_core.package_discovery:discover_packages(recursive) using defaults
[0.145s] Level 1:colcon.colcon_core.package_discovery:discover_packages(ignore) discover
[0.145s] Level 1:colcon.colcon_core.package_discovery:discover_packages(ignore) using defaults
[0.145s] Level 1:colcon.colcon_core.package_discovery:discover_packages(path) discover
[0.145s] Level 1:colcon.colcon_core.package_discovery:discover_packages(path) using defaults
[0.155s] Level 1:colcon.colcon_core.package_discovery:discover_packages(prefix_path) check parameters
[0.155s] Level 1:colcon.colcon_core.package_discovery:discover_packages(prefix_path) discover
[0.156s] DEBUG:colcon.colcon_installed_package_information.package_discovery:Found 11 installed packages in /home/spaceshipecsat/ur_10_CatapultTest/install
[0.156s] DEBUG:colcon.colcon_installed_package_information.package_discovery:Found 413 installed packages in /opt/ros/humble
[0.158s] Level 1:colcon.colcon_core.package_discovery:discover_packages(prefix_path) using defaults
[0.178s] WARNING:colcon.colcon_core.package_selection:Some selected packages are already built in one or more underlay workspaces:
	'ur_description' is in: /home/spaceshipecsat/ur_10_CatapultTest/install/ur_description, /opt/ros/humble
If a package in a merged underlay workspace is overridden and it installs headers, then all packages in the overlay must sort their include directories by workspace order. Failure to do so may result in build failures or undefined behavior at run time.
If the overridden package is used by another package in any underlay, then the overriding package in the overlay must be API and ABI compatible or undefined behavior at run time may occur.

If you understand the risks and want to override a package anyways, add the following to the command line:
	--allow-overriding ur_description

This may be promoted to an error in a future release of colcon-override-check.
[0.178s] Level 5:colcon.colcon_core.verb:set package 'linkattacher_msgs' build argument 'cmake_args' from command line to 'None'
[0.178s] Level 5:colcon.colcon_core.verb:set package 'linkattacher_msgs' build argument 'cmake_target' from command line to 'None'
[0.178s] Level 5:colcon.colcon_core.verb:set package 'linkattacher_msgs' build argument 'cmake_target_skip_unavailable' from command line to 'False'
[0.178s] Level 5:colcon.colcon_core.verb:set package 'linkattacher_msgs' build argument 'cmake_clean_cache' from command line to 'False'
[0.178s] Level 5:colcon.colcon_core.verb:set package 'linkattacher_msgs' build argument 'cmake_clean_first' from command line to 'False'
[0.178s] Level 5:colcon.colcon_core.verb:set package 'linkattacher_msgs' build argument 'cmake_force_configure' from command line to 'False'
[0.178s] Level 5:colcon.colcon_core.verb:set package 'linkattacher_msgs' build argument 'ament_cmake_args' from command line to 'None'
[0.178s] Level 5:colcon.colcon_core.verb:set package 'linkattacher_msgs' build argument 'catkin_cmake_args' from command line to 'None'
[0.178s] Level 5:colcon.colcon_core.verb:set package 'linkattacher_msgs' build argument 'catkin_skip_building_tests' from command line to 'False'
[0.178s] DEBUG:colcon.colcon_core.verb:Building package 'linkattacher_msgs' with the following arguments: {'ament_cmake_args': None, 'build_base': '/home/spaceshipecsat/ur_10_CatapultTest/build/linkattacher_msgs', 'catkin_cmake_args': None, 'catkin_skip_building_tests': False, 'cmake_args': None, 'cmake_clean_cache': False, 'cmake_clean_first': False, 'cmake_force_configure': False, 'cmake_target': None, 'cmake_target_skip_unavailable': False, 'install_base': '/home/spaceshipecsat/ur_10_CatapultTest/install/linkattacher_msgs', 'merge_install': False, 'path': '/home/spaceshipecsat/ur_10_CatapultTest/src/IFRA_LinkAttacher/linkattacher_msgs', 'symlink_install': True, 'test_result_base': None}
[0.178s] Level 5:colcon.colcon_core.verb:set package 'robotiq_controllers' build argument 'cmake_args' from command line to 'None'
[0.178s] Level 5:colcon.colcon_core.verb:set package 'robotiq_controllers' build argument 'cmake_target' from command line to 'None'
[0.178s] Level 5:colcon.colcon_core.verb:set package 'robotiq_controllers' build argument 'cmake_target_skip_unavailable' from command line to 'False'
[0.178s] Level 5:colcon.colcon_core.verb:set package 'robotiq_controllers' build argument 'cmake_clean_cache' from command line to 'False'
[0.178s] Level 5:colcon.colcon_core.verb:set package 'robotiq_controllers' build argument 'cmake_clean_first' from command line to 'False'
[0.178s] Level 5:colcon.colcon_core.verb:set package 'robotiq_controllers' build argument 'cmake_force_configure' from command line to 'False'
[0.178s] Level 5:colcon.colcon_core.verb:set package 'robotiq_controllers' build argument 'ament_cmake_args' from command line to 'None'
[0.178s] Level 5:colcon.colcon_core.verb:set package 'robotiq_controllers' build argument 'catkin_cmake_args' from command line to 'None'
[0.178s] Level 5:colcon.colcon_core.verb:set package 'robotiq_controllers' build argument 'catkin_skip_building_tests' from command line to 'False'
[0.178s] DEBUG:colcon.colcon_core.verb:Building package 'robotiq_controllers' with the following arguments: {'ament_cmake_args': None, 'build_base': '/home/spaceshipecsat/ur_10_CatapultTest/build/robotiq_controllers', 'catkin_cmake_args': None, 'catkin_skip_building_tests': False, 'cmake_args': None, 'cmake_clean_cache': False, 'cmake_clean_first': False, 'cmake_force_configure': False, 'cmake_target': None, 'cmake_target_skip_unavailable': False, 'install_base': '/home/spaceshipecsat/ur_10_CatapultTest/install/robotiq_controllers', 'merge_install': False, 'path': '/home/spaceshipecsat/ur_10_CatapultTest/src/ros2_robotiq_gripper/robotiq_controllers', 'symlink_install': True, 'test_result_base': None}
[0.178s] Level 5:colcon.colcon_core.verb:set package 'robotiq_description' build argument 'cmake_args' from command line to 'None'
[0.178s] Level 5:colcon.colcon_core.verb:set package 'robotiq_description' build argument 'cmake_target' from command line to 'None'
[0.178s] Level 5:colcon.colcon_core.verb:set package 'robotiq_description' build argument 'cmake_target_skip_unavailable' from command line to 'False'
[0.178s] Level 5:colcon.colcon_core.verb:set package 'robotiq_description' build argument 'cmake_clean_cache' from command line to 'False'
[0.178s] Level 5:colcon.colcon_core.verb:set package 'robotiq_description' build argument 'cmake_clean_first' from command line to 'False'
[0.179s] Level 5:colcon.colcon_core.verb:set package 'robotiq_description' build argument 'cmake_force_configure' from command line to 'False'
[0.179s] Level 5:colcon.colcon_core.verb:set package 'robotiq_description' build argument 'ament_cmake_args' from command line to 'None'
[0.179s] Level 5:colcon.colcon_core.verb:set package 'robotiq_description' build argument 'catkin_cmake_args' from command line to 'None'
[0.179s] Level 5:colcon.colcon_core.verb:set package 'robotiq_description' build argument 'catkin_skip_building_tests' from command line to 'False'
[0.179s] DEBUG:colcon.colcon_core.verb:Building package 'robotiq_description' with the following arguments: {'ament_cmake_args': None, 'build_base': '/home/spaceshipecsat/ur_10_CatapultTest/build/robotiq_description', 'catkin_cmake_args': None, 'catkin_skip_building_tests': False, 'cmake_args': None, 'cmake_clean_cache': False, 'cmake_clean_first': False, 'cmake_force_configure': False, 'cmake_target': None, 'cmake_target_skip_unavailable': False, 'install_base': '/home/spaceshipecsat/ur_10_CatapultTest/install/robotiq_description', 'merge_install': False, 'path': '/home/spaceshipecsat/ur_10_CatapultTest/src/ros2_robotiq_gripper/robotiq_description', 'symlink_install': True, 'test_result_base': None}
[0.179s] Level 5:colcon.colcon_core.verb:set package 'ur_description' build argument 'cmake_args' from command line to 'None'
[0.179s] Level 5:colcon.colcon_core.verb:set package 'ur_description' build argument 'cmake_target' from command line to 'None'
[0.179s] Level 5:colcon.colcon_core.verb:set package 'ur_description' build argument 'cmake_target_skip_unavailable' from command line to 'False'
[0.179s] Level 5:colcon.colcon_core.verb:set package 'ur_description' build argument 'cmake_clean_cache' from command line to 'False'
[0.179s] Level 5:colcon.colcon_core.verb:set package 'ur_description' build argument 'cmake_clean_first' from command line to 'False'
[0.179s] Level 5:colcon.colcon_core.verb:set package 'ur_description' build argument 'cmake_force_configure' from command line to 'False'
[0.179s] Level 5:colcon.colcon_core.verb:set package 'ur_description' build argument 'ament_cmake_args' from command line to 'None'
[0.179s] Level 5:colcon.colcon_core.verb:set package 'ur_description' build argument 'catkin_cmake_args' from command line to 'None'
[0.179s] Level 5:colcon.colcon_core.verb:set package 'ur_description' build argument 'catkin_skip_building_tests' from command line to 'False'
[0.179s] DEBUG:colcon.colcon_core.verb:Building package 'ur_description' with the following arguments: {'ament_cmake_args': None, 'build_base': '/home/spaceshipecsat/ur_10_CatapultTest/build/ur_description', 'catkin_cmake_args': None, 'catkin_skip_building_tests': False, 'cmake_args': None, 'cmake_clean_cache': False, 'cmake_clean_first': False, 'cmake_force_configure': False, 'cmake_target': None, 'cmake_target_skip_unavailable': False, 'install_base': '/home/spaceshipecsat/ur_10_CatapultTest/install/ur_description', 'merge_install': False, 'path': '/home/spaceshipecsat/ur_10_CatapultTest/src/Universal_Robots_ROS2_Description', 'symlink_install': True, 'test_result_base': None}
[0.179s] Level 5:colcon.colcon_core.verb:set package 'ros2_linkattacher' build argument 'cmake_args' from command line to 'None'
[0.179s] Level 5:colcon.colcon_core.verb:set package 'ros2_linkattacher' build argument 'cmake_target' from command line to 'None'
[0.179s] Level 5:colcon.colcon_core.verb:set package 'ros2_linkattacher' build argument 'cmake_target_skip_unavailable' from command line to 'False'
[0.179s] Level 5:colcon.colcon_core.verb:set package 'ros2_linkattacher' build argument 'cmake_clean_cache' from command line to 'False'
[0.179s] Level 5:colcon.colcon_core.verb:set package 'ros2_linkattacher' build argument 'cmake_clean_first' from command line to 'False'
[0.179s] Level 5:colcon.colcon_core.verb:set package 'ros2_linkattacher' build argument 'cmake_force_configure' from command line to 'False'
[0.179s] Level 5:colcon.colcon_core.verb:set package 'ros2_linkattacher' build argument 'ament_cmake_args' from command line to 'None'
[0.179s] Level 5:colcon.colcon_core.verb:set package 'ros2_linkattacher' build argument 'catkin_cmake_args' from command line to 'None'
[0.179s] Level 5:colcon.colcon_core.verb:set package 'ros2_linkattacher' build argument 'catkin_skip_building_tests' from command line to 'False'
[0.179s] DEBUG:colcon.colcon_core.verb:Building package 'ros2_linkattacher' with the following arguments: {'ament_cmake_args': None, 'build_base': '/home/spaceshipecsat/ur_10_CatapultTest/build/ros2_linkattacher', 'catkin_cmake_args': None, 'catkin_skip_building_tests': False, 'cmake_args': None, 'cmake_clean_cache': False, 'cmake_clean_first': False, 'cmake_force_configure': False, 'cmake_target': None, 'cmake_target_skip_unavailable': False, 'install_base': '/home/spaceshipecsat/ur_10_CatapultTest/install/ros2_linkattacher', 'merge_install': False, 'path': '/home/spaceshipecsat/ur_10_CatapultTest/src/IFRA_LinkAttacher/ros2_LinkAttacher', 'symlink_install': True, 'test_result_base': None}
[0.179s] Level 5:colcon.colcon_core.verb:set package 'ur_simulation_gazebo' build argument 'cmake_args' from command line to 'None'
[0.179s] Level 5:colcon.colcon_core.verb:set package 'ur_simulation_gazebo' build argument 'cmake_target' from command line to 'None'
[0.179s] Level 5:colcon.colcon_core.verb:set package 'ur_simulation_gazebo' build argument 'cmake_target_skip_unavailable' from command line to 'False'
[0.179s] Level 5:colcon.colcon_core.verb:set package 'ur_simulation_gazebo' build argument 'cmake_clean_cache' from command line to 'False'
[0.179s] Level 5:colcon.colcon_core.verb:set package 'ur_simulation_gazebo' build argument 'cmake_clean_first' from command line to 'False'
[0.179s] Level 5:colcon.colcon_core.verb:set package 'ur_simulation_gazebo' build argument 'cmake_force_configure' from command line to 'False'
[0.179s] Level 5:colcon.colcon_core.verb:set package 'ur_simulation_gazebo' build argument 'ament_cmake_args' from command line to 'None'
[0.179s] Level 5:colcon.colcon_core.verb:set package 'ur_simulation_gazebo' build argument 'catkin_cmake_args' from command line to 'None'
[0.179s] Level 5:colcon.colcon_core.verb:set package 'ur_simulation_gazebo' build argument 'catkin_skip_building_tests' from command line to 'False'
[0.179s] DEBUG:colcon.colcon_core.verb:Building package 'ur_simulation_gazebo' with the following arguments: {'ament_cmake_args': None, 'build_base': '/home/spaceshipecsat/ur_10_CatapultTest/build/ur_simulation_gazebo', 'catkin_cmake_args': None, 'catkin_skip_building_tests': False, 'cmake_args': None, 'cmake_clean_cache': False, 'cmake_clean_first': False, 'cmake_force_configure': False, 'cmake_target': None, 'cmake_target_skip_unavailable': False, 'install_base': '/home/spaceshipecsat/ur_10_CatapultTest/install/ur_simulation_gazebo', 'merge_install': False, 'path': '/home/spaceshipecsat/ur_10_CatapultTest/src/Universal_Robots_ROS2_Gazebo_Simulation/ur_simulation_gazebo', 'symlink_install': True, 'test_result_base': None}
[0.179s] Level 5:colcon.colcon_core.verb:set package 'ur_yt_sim' build argument 'cmake_args' from command line to 'None'
[0.179s] Level 5:colcon.colcon_core.verb:set package 'ur_yt_sim' build argument 'cmake_target' from command line to 'None'
[0.179s] Level 5:colcon.colcon_core.verb:set package 'ur_yt_sim' build argument 'cmake_target_skip_unavailable' from command line to 'False'
[0.179s] Level 5:colcon.colcon_core.verb:set package 'ur_yt_sim' build argument 'cmake_clean_cache' from command line to 'False'
[0.179s] Level 5:colcon.colcon_core.verb:set package 'ur_yt_sim' build argument 'cmake_clean_first' from command line to 'False'
[0.179s] Level 5:colcon.colcon_core.verb:set package 'ur_yt_sim' build argument 'cmake_force_configure' from command line to 'False'
[0.179s] Level 5:colcon.colcon_core.verb:set package 'ur_yt_sim' build argument 'ament_cmake_args' from command line to 'None'
[0.179s] Level 5:colcon.colcon_core.verb:set package 'ur_yt_sim' build argument 'catkin_cmake_args' from command line to 'None'
[0.179s] Level 5:colcon.colcon_core.verb:set package 'ur_yt_sim' build argument 'catkin_skip_building_tests' from command line to 'False'
[0.179s] DEBUG:colcon.colcon_core.verb:Building package 'ur_yt_sim' with the following arguments: {'ament_cmake_args': None, 'build_base': '/home/spaceshipecsat/ur_10_CatapultTest/build/ur_yt_sim', 'catkin_cmake_args': None, 'catkin_skip_building_tests': False, 'cmake_args': None, 'cmake_clean_cache': False, 'cmake_clean_first': False, 'cmake_force_configure': False, 'cmake_target': None, 'cmake_target_skip_unavailable': False, 'install_base': '/home/spaceshipecsat/ur_10_CatapultTest/install/ur_yt_sim', 'merge_install': False, 'path': '/home/spaceshipecsat/ur_10_CatapultTest/src/ur_yt_sim', 'symlink_install': True, 'test_result_base': None}
[0.180s] Level 5:colcon.colcon_core.verb:set package 'ur10_camera_gripper_moveit_config' build argument 'cmake_args' from command line to 'None'
[0.180s] Level 5:colcon.colcon_core.verb:set package 'ur10_camera_gripper_moveit_config' build argument 'cmake_target' from command line to 'None'
[0.180s] Level 5:colcon.colcon_core.verb:set package 'ur10_camera_gripper_moveit_config' build argument 'cmake_target_skip_unavailable' from command line to 'False'
[0.180s] Level 5:colcon.colcon_core.verb:set package 'ur10_camera_gripper_moveit_config' build argument 'cmake_clean_cache' from command line to 'False'
[0.180s] Level 5:colcon.colcon_core.verb:set package 'ur10_camera_gripper_moveit_config' build argument 'cmake_clean_first' from command line to 'False'
[0.180s] Level 5:colcon.colcon_core.verb:set package 'ur10_camera_gripper_moveit_config' build argument 'cmake_force_configure' from command line to 'False'
[0.180s] Level 5:colcon.colcon_core.verb:set package 'ur10_camera_gripper_moveit_config' build argument 'ament_cmake_args' from command line to 'None'
[0.180s] Level 5:colcon.colcon_core.verb:set package 'ur10_camera_gripper_moveit_config' build argument 'catkin_cmake_args' from command line to 'None'
[0.180s] Level 5:colcon.colcon_core.verb:set package 'ur10_camera_gripper_moveit_config' build argument 'catkin_skip_building_tests' from command line to 'False'
[0.180s] DEBUG:colcon.colcon_core.verb:Building package 'ur10_camera_gripper_moveit_config' with the following arguments: {'ament_cmake_args': None, 'build_base': '/home/spaceshipecsat/ur_10_CatapultTest/build/ur10_camera_gripper_moveit_config', 'catkin_cmake_args': None, 'catkin_skip_building_tests': False, 'cmake_args': None, 'cmake_clean_cache': False, 'cmake_clean_first': False, 'cmake_force_configure': False, 'cmake_target': None, 'cmake_target_skip_unavailable': False, 'install_base': '/home/spaceshipecsat/ur_10_CatapultTest/install/ur10_camera_gripper_moveit_config', 'merge_install': False, 'path': '/home/spaceshipecsat/ur_10_CatapultTest/src/ur10_camera_gripper_moveit_config', 'symlink_install': True, 'test_result_base': None}
[0.180s] Level 5:colcon.colcon_core.verb:set package 'ur10_camera_moveit_config' build argument 'cmake_args' from command line to 'None'
[0.180s] Level 5:colcon.colcon_core.verb:set package 'ur10_camera_moveit_config' build argument 'cmake_target' from command line to 'None'
[0.180s] Level 5:colcon.colcon_core.verb:set package 'ur10_camera_moveit_config' build argument 'cmake_target_skip_unavailable' from command line to 'False'
[0.180s] Level 5:colcon.colcon_core.verb:set package 'ur10_camera_moveit_config' build argument 'cmake_clean_cache' from command line to 'False'
[0.180s] Level 5:colcon.colcon_core.verb:set package 'ur10_camera_moveit_config' build argument 'cmake_clean_first' from command line to 'False'
[0.180s] Level 5:colcon.colcon_core.verb:set package 'ur10_camera_moveit_config' build argument 'cmake_force_configure' from command line to 'False'
[0.180s] Level 5:colcon.colcon_core.verb:set package 'ur10_camera_moveit_config' build argument 'ament_cmake_args' from command line to 'None'
[0.180s] Level 5:colcon.colcon_core.verb:set package 'ur10_camera_moveit_config' build argument 'catkin_cmake_args' from command line to 'None'
[0.180s] Level 5:colcon.colcon_core.verb:set package 'ur10_camera_moveit_config' build argument 'catkin_skip_building_tests' from command line to 'False'
[0.180s] DEBUG:colcon.colcon_core.verb:Building package 'ur10_camera_moveit_config' with the following arguments: {'ament_cmake_args': None, 'build_base': '/home/spaceshipecsat/ur_10_CatapultTest/build/ur10_camera_moveit_config', 'catkin_cmake_args': None, 'catkin_skip_building_tests': False, 'cmake_args': None, 'cmake_clean_cache': False, 'cmake_clean_first': False, 'cmake_force_configure': False, 'cmake_target': None, 'cmake_target_skip_unavailable': False, 'install_base': '/home/spaceshipecsat/ur_10_CatapultTest/install/ur10_camera_moveit_config', 'merge_install': False, 'path': '/home/spaceshipecsat/ur_10_CatapultTest/src/ur10_camera_moveit_config', 'symlink_install': True, 'test_result_base': None}
[0.180s] Level 5:colcon.colcon_core.verb:set package 'ur5_camera_gripper_moveit_config' build argument 'cmake_args' from command line to 'None'
[0.180s] Level 5:colcon.colcon_core.verb:set package 'ur5_camera_gripper_moveit_config' build argument 'cmake_target' from command line to 'None'
[0.180s] Level 5:colcon.colcon_core.verb:set package 'ur5_camera_gripper_moveit_config' build argument 'cmake_target_skip_unavailable' from command line to 'False'
[0.180s] Level 5:colcon.colcon_core.verb:set package 'ur5_camera_gripper_moveit_config' build argument 'cmake_clean_cache' from command line to 'False'
[0.180s] Level 5:colcon.colcon_core.verb:set package 'ur5_camera_gripper_moveit_config' build argument 'cmake_clean_first' from command line to 'False'
[0.180s] Level 5:colcon.colcon_core.verb:set package 'ur5_camera_gripper_moveit_config' build argument 'cmake_force_configure' from command line to 'False'
[0.180s] Level 5:colcon.colcon_core.verb:set package 'ur5_camera_gripper_moveit_config' build argument 'ament_cmake_args' from command line to 'None'
[0.180s] Level 5:colcon.colcon_core.verb:set package 'ur5_camera_gripper_moveit_config' build argument 'catkin_cmake_args' from command line to 'None'
[0.180s] Level 5:colcon.colcon_core.verb:set package 'ur5_camera_gripper_moveit_config' build argument 'catkin_skip_building_tests' from command line to 'False'
[0.180s] DEBUG:colcon.colcon_core.verb:Building package 'ur5_camera_gripper_moveit_config' with the following arguments: {'ament_cmake_args': None, 'build_base': '/home/spaceshipecsat/ur_10_CatapultTest/build/ur5_camera_gripper_moveit_config', 'catkin_cmake_args': None, 'catkin_skip_building_tests': False, 'cmake_args': None, 'cmake_clean_cache': False, 'cmake_clean_first': False, 'cmake_force_configure': False, 'cmake_target': None, 'cmake_target_skip_unavailable': False, 'install_base': '/home/spaceshipecsat/ur_10_CatapultTest/install/ur5_camera_gripper_moveit_config', 'merge_install': False, 'path': '/home/spaceshipecsat/ur_10_CatapultTest/src/ur5_camera_gripper_moveit_config', 'symlink_install': True, 'test_result_base': None}
[0.180s] Level 5:colcon.colcon_core.verb:set package 'ur5_camera_moveit_config' build argument 'cmake_args' from command line to 'None'
[0.180s] Level 5:colcon.colcon_core.verb:set package 'ur5_camera_moveit_config' build argument 'cmake_target' from command line to 'None'
[0.180s] Level 5:colcon.colcon_core.verb:set package 'ur5_camera_moveit_config' build argument 'cmake_target_skip_unavailable' from command line to 'False'
[0.180s] Level 5:colcon.colcon_core.verb:set package 'ur5_camera_moveit_config' build argument 'cmake_clean_cache' from command line to 'False'
[0.180s] Level 5:colcon.colcon_core.verb:set package 'ur5_camera_moveit_config' build argument 'cmake_clean_first' from command line to 'False'
[0.180s] Level 5:colcon.colcon_core.verb:set package 'ur5_camera_moveit_config' build argument 'cmake_force_configure' from command line to 'False'
[0.180s] Level 5:colcon.colcon_core.verb:set package 'ur5_camera_moveit_config' build argument 'ament_cmake_args' from command line to 'None'
[0.180s] Level 5:colcon.colcon_core.verb:set package 'ur5_camera_moveit_config' build argument 'catkin_cmake_args' from command line to 'None'
[0.180s] Level 5:colcon.colcon_core.verb:set package 'ur5_camera_moveit_config' build argument 'catkin_skip_building_tests' from command line to 'False'
[0.180s] DEBUG:colcon.colcon_core.verb:Building package 'ur5_camera_moveit_config' with the following arguments: {'ament_cmake_args': None, 'build_base': '/home/spaceshipecsat/ur_10_CatapultTest/build/ur5_camera_moveit_config', 'catkin_cmake_args': None, 'catkin_skip_building_tests': False, 'cmake_args': None, 'cmake_clean_cache': False, 'cmake_clean_first': False, 'cmake_force_configure': False, 'cmake_target': None, 'cmake_target_skip_unavailable': False, 'install_base': '/home/spaceshipecsat/ur_10_CatapultTest/install/ur5_camera_moveit_config', 'merge_install': False, 'path': '/home/spaceshipecsat/ur_10_CatapultTest/src/ur5_camera_moveit_config', 'symlink_install': True, 'test_result_base': None}
[0.180s] INFO:colcon.colcon_core.executor:Executing jobs using 'parallel' executor
[0.181s] DEBUG:colcon.colcon_parallel_executor.executor.parallel:run_until_complete
[0.181s] INFO:colcon.colcon_ros.task.ament_cmake.build:Building ROS package in '/home/spaceshipecsat/ur_10_CatapultTest/src/Universal_Robots_ROS2_Description' with build type 'ament_cmake'
[0.181s] INFO:colcon.colcon_cmake.task.cmake.build:Building CMake package in '/home/spaceshipecsat/ur_10_CatapultTest/src/Universal_Robots_ROS2_Description'
[0.182s] INFO:colcon.colcon_core.plugin_system:Skipping extension 'colcon_core.shell.bat': Not used on non-Windows systems
[0.182s] INFO:colcon.colcon_core.shell:Skip shell extension 'powershell' for command environment: Not usable outside of PowerShell
[0.182s] DEBUG:colcon.colcon_core.shell:Skip shell extension 'dsv' for command environment
[0.184s] INFO:colcon.colcon_ros.task.ament_cmake.build:Building ROS package in '/home/spaceshipecsat/ur_10_CatapultTest/src/ros2_robotiq_gripper/robotiq_description' with build type 'ament_cmake'
[0.184s] INFO:colcon.colcon_cmake.task.cmake.build:Building CMake package in '/home/spaceshipecsat/ur_10_CatapultTest/src/ros2_robotiq_gripper/robotiq_description'
[0.184s] INFO:colcon.colcon_core.shell:Skip shell extension 'powershell' for command environment: Not usable outside of PowerShell
[0.184s] DEBUG:colcon.colcon_core.shell:Skip shell extension 'dsv' for command environment
[0.186s] INFO:colcon.colcon_ros.task.ament_cmake.build:Building ROS package in '/home/spaceshipecsat/ur_10_CatapultTest/src/IFRA_LinkAttacher/linkattacher_msgs' with build type 'ament_cmake'
[0.186s] INFO:colcon.colcon_cmake.task.cmake.build:Building CMake package in '/home/spaceshipecsat/ur_10_CatapultTest/src/IFRA_LinkAttacher/linkattacher_msgs'
[0.186s] INFO:colcon.colcon_core.shell:Skip shell extension 'powershell' for command environment: Not usable outside of PowerShell
[0.186s] DEBUG:colcon.colcon_core.shell:Skip shell extension 'dsv' for command environment
[0.188s] INFO:colcon.colcon_ros.task.ament_cmake.build:Building ROS package in '/home/spaceshipecsat/ur_10_CatapultTest/src/ros2_robotiq_gripper/robotiq_controllers' with build type 'ament_cmake'
[0.188s] INFO:colcon.colcon_cmake.task.cmake.build:Building CMake package in '/home/spaceshipecsat/ur_10_CatapultTest/src/ros2_robotiq_gripper/robotiq_controllers'
[0.188s] INFO:colcon.colcon_core.shell:Skip shell extension 'powershell' for command environment: Not usable outside of PowerShell
[0.188s] DEBUG:colcon.colcon_core.shell:Skip shell extension 'dsv' for command environment
[0.192s] DEBUG:colcon.colcon_core.event_handler.log_command:Invoking command in '/home/spaceshipecsat/ur_10_CatapultTest/build/ur_description': CMAKE_PREFIX_PATH=${CMAKE_PREFIX_PATH}:/opt/ros/humble /usr/bin/cmake --build /home/spaceshipecsat/ur_10_CatapultTest/build/ur_description -- -j32 -l32
[0.193s] DEBUG:colcon.colcon_core.event_handler.log_command:Invoking command in '/home/spaceshipecsat/ur_10_CatapultTest/build/robotiq_description': CMAKE_PREFIX_PATH=${CMAKE_PREFIX_PATH}:/opt/ros/humble /usr/bin/cmake --build /home/spaceshipecsat/ur_10_CatapultTest/build/robotiq_description -- -j32 -l32
[0.194s] DEBUG:colcon.colcon_core.event_handler.log_command:Invoking command in '/home/spaceshipecsat/ur_10_CatapultTest/build/linkattacher_msgs': CMAKE_PREFIX_PATH=${CMAKE_PREFIX_PATH}:/opt/ros/humble /usr/bin/cmake --build /home/spaceshipecsat/ur_10_CatapultTest/build/linkattacher_msgs -- -j32 -l32
[0.196s] DEBUG:colcon.colcon_core.event_handler.log_command:Invoking command in '/home/spaceshipecsat/ur_10_CatapultTest/build/robotiq_controllers': CMAKE_PREFIX_PATH=${CMAKE_PREFIX_PATH}:/opt/ros/humble /usr/bin/cmake --build /home/spaceshipecsat/ur_10_CatapultTest/build/robotiq_controllers -- -j32 -l32
[0.218s] DEBUG:colcon.colcon_core.event_handler.log_command:Invoked command in '/home/spaceshipecsat/ur_10_CatapultTest/build/ur_description' returned '0': CMAKE_PREFIX_PATH=${CMAKE_PREFIX_PATH}:/opt/ros/humble /usr/bin/cmake --build /home/spaceshipecsat/ur_10_CatapultTest/build/ur_description -- -j32 -l32
[0.224s] DEBUG:colcon.colcon_core.event_handler.log_command:Invoking command in '/home/spaceshipecsat/ur_10_CatapultTest/build/ur_description': CMAKE_PREFIX_PATH=${CMAKE_PREFIX_PATH}:/opt/ros/humble /usr/bin/cmake --install /home/spaceshipecsat/ur_10_CatapultTest/build/ur_description
[0.225s] DEBUG:colcon.colcon_core.event_handler.log_command:Invoked command in '/home/spaceshipecsat/ur_10_CatapultTest/build/robotiq_description' returned '0': CMAKE_PREFIX_PATH=${CMAKE_PREFIX_PATH}:/opt/ros/humble /usr/bin/cmake --build /home/spaceshipecsat/ur_10_CatapultTest/build/robotiq_description -- -j32 -l32
[0.226s] DEBUG:colcon.colcon_core.event_handler.log_command:Invoking command in '/home/spaceshipecsat/ur_10_CatapultTest/build/robotiq_description': CMAKE_PREFIX_PATH=${CMAKE_PREFIX_PATH}:/opt/ros/humble /usr/bin/cmake --install /home/spaceshipecsat/ur_10_CatapultTest/build/robotiq_description
[0.239s] DEBUG:colcon.colcon_core.event_handler.log_command:Invoked command in '/home/spaceshipecsat/ur_10_CatapultTest/build/robotiq_controllers' returned '0': CMAKE_PREFIX_PATH=${CMAKE_PREFIX_PATH}:/opt/ros/humble /usr/bin/cmake --build /home/spaceshipecsat/ur_10_CatapultTest/build/robotiq_controllers -- -j32 -l32
[0.241s] Level 1:colcon.colcon_core.environment:create_environment_scripts_only(robotiq_description)
[0.245s] DEBUG:colcon.colcon_core.event_handler.log_command:Invoking command in '/home/spaceshipecsat/ur_10_CatapultTest/build/robotiq_controllers': CMAKE_PREFIX_PATH=${CMAKE_PREFIX_PATH}:/opt/ros/humble /usr/bin/cmake --install /home/spaceshipecsat/ur_10_CatapultTest/build/robotiq_controllers
[0.247s] Level 1:colcon.colcon_core.environment:checking '/home/spaceshipecsat/ur_10_CatapultTest/install/robotiq_description' for CMake module files
[0.247s] DEBUG:colcon.colcon_core.event_handler.log_command:Invoked command in '/home/spaceshipecsat/ur_10_CatapultTest/build/robotiq_description' returned '0': CMAKE_PREFIX_PATH=${CMAKE_PREFIX_PATH}:/opt/ros/humble /usr/bin/cmake --install /home/spaceshipecsat/ur_10_CatapultTest/build/robotiq_description
[0.248s] Level 1:colcon.colcon_core.environment:checking '/home/spaceshipecsat/ur_10_CatapultTest/install/robotiq_description' for CMake config files
[0.251s] Level 1:colcon.colcon_core.shell:create_environment_hook('robotiq_description', 'cmake_prefix_path')
[0.251s] INFO:colcon.colcon_core.shell:Creating environment hook '/home/spaceshipecsat/ur_10_CatapultTest/install/robotiq_description/share/robotiq_description/hook/cmake_prefix_path.ps1'
[0.253s] INFO:colcon.colcon_core.shell:Creating environment descriptor '/home/spaceshipecsat/ur_10_CatapultTest/install/robotiq_description/share/robotiq_description/hook/cmake_prefix_path.dsv'
[0.253s] INFO:colcon.colcon_core.shell:Creating environment hook '/home/spaceshipecsat/ur_10_CatapultTest/install/robotiq_description/share/robotiq_description/hook/cmake_prefix_path.sh'
[0.254s] Level 1:colcon.colcon_core.environment:checking '/home/spaceshipecsat/ur_10_CatapultTest/install/robotiq_description/bin'
[0.254s] Level 1:colcon.colcon_core.environment:checking '/home/spaceshipecsat/ur_10_CatapultTest/install/robotiq_description/lib/pkgconfig/robotiq_description.pc'
[0.254s] Level 1:colcon.colcon_core.environment:checking '/home/spaceshipecsat/ur_10_CatapultTest/install/robotiq_description/lib/python3.10/site-packages'
[0.254s] Level 1:colcon.colcon_core.environment:checking '/home/spaceshipecsat/ur_10_CatapultTest/install/robotiq_description/bin'
[0.254s] INFO:colcon.colcon_core.shell:Creating package script '/home/spaceshipecsat/ur_10_CatapultTest/install/robotiq_description/share/robotiq_description/package.ps1'
[0.255s] INFO:colcon.colcon_core.shell:Creating package descriptor '/home/spaceshipecsat/ur_10_CatapultTest/install/robotiq_description/share/robotiq_description/package.dsv'
[0.255s] INFO:colcon.colcon_core.shell:Creating package script '/home/spaceshipecsat/ur_10_CatapultTest/install/robotiq_description/share/robotiq_description/package.sh'
[0.255s] INFO:colcon.colcon_core.shell:Creating package script '/home/spaceshipecsat/ur_10_CatapultTest/install/robotiq_description/share/robotiq_description/package.bash'
[0.256s] INFO:colcon.colcon_core.shell:Creating package script '/home/spaceshipecsat/ur_10_CatapultTest/install/robotiq_description/share/robotiq_description/package.zsh'
[0.256s] Level 1:colcon.colcon_core.environment:create_file_with_runtime_dependencies(/home/spaceshipecsat/ur_10_CatapultTest/install/robotiq_description/share/colcon-core/packages/robotiq_description)
[0.256s] Level 1:colcon.colcon_core.environment:create_environment_scripts_only(robotiq_description)
[0.256s] Level 1:colcon.colcon_core.environment:checking '/home/spaceshipecsat/ur_10_CatapultTest/install/robotiq_description' for CMake module files
[0.256s] Level 1:colcon.colcon_core.environment:checking '/home/spaceshipecsat/ur_10_CatapultTest/install/robotiq_description' for CMake config files
[0.256s] Level 1:colcon.colcon_core.shell:create_environment_hook('robotiq_description', 'cmake_prefix_path')
[0.256s] INFO:colcon.colcon_core.shell:Creating environment hook '/home/spaceshipecsat/ur_10_CatapultTest/install/robotiq_description/share/robotiq_description/hook/cmake_prefix_path.ps1'
[0.257s] INFO:colcon.colcon_core.shell:Creating environment descriptor '/home/spaceshipecsat/ur_10_CatapultTest/install/robotiq_description/share/robotiq_description/hook/cmake_prefix_path.dsv'
[0.257s] INFO:colcon.colcon_core.shell:Creating environment hook '/home/spaceshipecsat/ur_10_CatapultTest/install/robotiq_description/share/robotiq_description/hook/cmake_prefix_path.sh'
[0.257s] Level 1:colcon.colcon_core.environment:checking '/home/spaceshipecsat/ur_10_CatapultTest/install/robotiq_description/bin'
[0.257s] Level 1:colcon.colcon_core.environment:checking '/home/spaceshipecsat/ur_10_CatapultTest/install/robotiq_description/lib/pkgconfig/robotiq_description.pc'
[0.257s] Level 1:colcon.colcon_core.environment:checking '/home/spaceshipecsat/ur_10_CatapultTest/install/robotiq_description/lib/python3.10/site-packages'
[0.257s] Level 1:colcon.colcon_core.environment:checking '/home/spaceshipecsat/ur_10_CatapultTest/install/robotiq_description/bin'
[0.257s] INFO:colcon.colcon_core.shell:Creating package script '/home/spaceshipecsat/ur_10_CatapultTest/install/robotiq_description/share/robotiq_description/package.ps1'
[0.258s] INFO:colcon.colcon_core.shell:Creating package descriptor '/home/spaceshipecsat/ur_10_CatapultTest/install/robotiq_description/share/robotiq_description/package.dsv'
[0.258s] INFO:colcon.colcon_core.shell:Creating package script '/home/spaceshipecsat/ur_10_CatapultTest/install/robotiq_description/share/robotiq_description/package.sh'
[0.258s] INFO:colcon.colcon_core.shell:Creating package script '/home/spaceshipecsat/ur_10_CatapultTest/install/robotiq_description/share/robotiq_description/package.bash'
[0.258s] INFO:colcon.colcon_core.shell:Creating package script '/home/spaceshipecsat/ur_10_CatapultTest/install/robotiq_description/share/robotiq_description/package.zsh'
[0.258s] Level 1:colcon.colcon_core.environment:create_file_with_runtime_dependencies(/home/spaceshipecsat/ur_10_CatapultTest/install/robotiq_description/share/colcon-core/packages/robotiq_description)
[0.259s] Level 1:colcon.colcon_core.environment:create_environment_scripts_only(ur_description)
[0.259s] Level 1:colcon.colcon_core.environment:checking '/home/spaceshipecsat/ur_10_CatapultTest/install/ur_description' for CMake module files
[0.259s] DEBUG:colcon.colcon_core.event_handler.log_command:Invoked command in '/home/spaceshipecsat/ur_10_CatapultTest/build/ur_description' returned '0': CMAKE_PREFIX_PATH=${CMAKE_PREFIX_PATH}:/opt/ros/humble /usr/bin/cmake --install /home/spaceshipecsat/ur_10_CatapultTest/build/ur_description
[0.259s] Level 1:colcon.colcon_core.environment:checking '/home/spaceshipecsat/ur_10_CatapultTest/install/ur_description' for CMake config files
[0.259s] Level 1:colcon.colcon_core.shell:create_environment_hook('ur_description', 'cmake_prefix_path')
[0.259s] INFO:colcon.colcon_core.shell:Creating environment hook '/home/spaceshipecsat/ur_10_CatapultTest/install/ur_description/share/ur_description/hook/cmake_prefix_path.ps1'
[0.260s] INFO:colcon.colcon_core.shell:Creating environment descriptor '/home/spaceshipecsat/ur_10_CatapultTest/install/ur_description/share/ur_description/hook/cmake_prefix_path.dsv'
[0.260s] INFO:colcon.colcon_core.shell:Creating environment hook '/home/spaceshipecsat/ur_10_CatapultTest/install/ur_description/share/ur_description/hook/cmake_prefix_path.sh'
[0.260s] Level 1:colcon.colcon_core.environment:checking '/home/spaceshipecsat/ur_10_CatapultTest/install/ur_description/bin'
[0.260s] Level 1:colcon.colcon_core.environment:checking '/home/spaceshipecsat/ur_10_CatapultTest/install/ur_description/lib/pkgconfig/ur_description.pc'
[0.260s] Level 1:colcon.colcon_core.environment:checking '/home/spaceshipecsat/ur_10_CatapultTest/install/ur_description/lib/python3.10/site-packages'
[0.260s] Level 1:colcon.colcon_core.environment:checking '/home/spaceshipecsat/ur_10_CatapultTest/install/ur_description/bin'
[0.260s] INFO:colcon.colcon_core.shell:Creating package script '/home/spaceshipecsat/ur_10_CatapultTest/install/ur_description/share/ur_description/package.ps1'
[0.260s] INFO:colcon.colcon_core.shell:Creating package descriptor '/home/spaceshipecsat/ur_10_CatapultTest/install/ur_description/share/ur_description/package.dsv'
[0.260s] INFO:colcon.colcon_core.shell:Creating package script '/home/spaceshipecsat/ur_10_CatapultTest/install/ur_description/share/ur_description/package.sh'
[0.261s] INFO:colcon.colcon_core.shell:Creating package script '/home/spaceshipecsat/ur_10_CatapultTest/install/ur_description/share/ur_description/package.bash'
[0.261s] INFO:colcon.colcon_core.shell:Creating package script '/home/spaceshipecsat/ur_10_CatapultTest/install/ur_description/share/ur_description/package.zsh'
[0.261s] Level 1:colcon.colcon_core.environment:create_file_with_runtime_dependencies(/home/spaceshipecsat/ur_10_CatapultTest/install/ur_description/share/colcon-core/packages/ur_description)
[0.261s] Level 1:colcon.colcon_core.environment:create_environment_scripts_only(ur_description)
[0.261s] Level 1:colcon.colcon_core.environment:checking '/home/spaceshipecsat/ur_10_CatapultTest/install/ur_description' for CMake module files
[0.261s] Level 1:colcon.colcon_core.environment:checking '/home/spaceshipecsat/ur_10_CatapultTest/install/ur_description' for CMake config files
[0.262s] Level 1:colcon.colcon_core.shell:create_environment_hook('ur_description', 'cmake_prefix_path')
[0.262s] INFO:colcon.colcon_core.shell:Creating environment hook '/home/spaceshipecsat/ur_10_CatapultTest/install/ur_description/share/ur_description/hook/cmake_prefix_path.ps1'
[0.262s] INFO:colcon.colcon_core.shell:Creating environment descriptor '/home/spaceshipecsat/ur_10_CatapultTest/install/ur_description/share/ur_description/hook/cmake_prefix_path.dsv'
[0.262s] INFO:colcon.colcon_core.shell:Creating environment hook '/home/spaceshipecsat/ur_10_CatapultTest/install/ur_description/share/ur_description/hook/cmake_prefix_path.sh'
[0.262s] Level 1:colcon.colcon_core.environment:checking '/home/spaceshipecsat/ur_10_CatapultTest/install/ur_description/bin'
[0.262s] Level 1:colcon.colcon_core.environment:checking '/home/spaceshipecsat/ur_10_CatapultTest/install/ur_description/lib/pkgconfig/ur_description.pc'
[0.262s] Level 1:colcon.colcon_core.environment:checking '/home/spaceshipecsat/ur_10_CatapultTest/install/ur_description/lib/python3.10/site-packages'
[0.262s] Level 1:colcon.colcon_core.environment:checking '/home/spaceshipecsat/ur_10_CatapultTest/install/ur_description/bin'
[0.262s] INFO:colcon.colcon_core.shell:Creating package script '/home/spaceshipecsat/ur_10_CatapultTest/install/ur_description/share/ur_description/package.ps1'
[0.263s] INFO:colcon.colcon_core.shell:Creating package descriptor '/home/spaceshipecsat/ur_10_CatapultTest/install/ur_description/share/ur_description/package.dsv'
[0.263s] INFO:colcon.colcon_core.shell:Creating package script '/home/spaceshipecsat/ur_10_CatapultTest/install/ur_description/share/ur_description/package.sh'
[0.263s] INFO:colcon.colcon_core.shell:Creating package script '/home/spaceshipecsat/ur_10_CatapultTest/install/ur_description/share/ur_description/package.bash'
[0.263s] INFO:colcon.colcon_core.shell:Creating package script '/home/spaceshipecsat/ur_10_CatapultTest/install/ur_description/share/ur_description/package.zsh'
[0.263s] Level 1:colcon.colcon_core.environment:create_file_with_runtime_dependencies(/home/spaceshipecsat/ur_10_CatapultTest/install/ur_description/share/colcon-core/packages/ur_description)
[0.263s] INFO:colcon.colcon_ros.task.ament_cmake.build:Building ROS package in '/home/spaceshipecsat/ur_10_CatapultTest/src/ur_yt_sim' with build type 'ament_cmake'
[0.263s] INFO:colcon.colcon_cmake.task.cmake.build:Building CMake package in '/home/spaceshipecsat/ur_10_CatapultTest/src/ur_yt_sim'
[0.263s] INFO:colcon.colcon_core.shell:Skip shell extension 'powershell' for command environment: Not usable outside of PowerShell
[0.263s] DEBUG:colcon.colcon_core.shell:Skip shell extension 'dsv' for command environment
[0.265s] INFO:colcon.colcon_ros.task.ament_cmake.build:Building ROS package in '/home/spaceshipecsat/ur_10_CatapultTest/src/Universal_Robots_ROS2_Gazebo_Simulation/ur_simulation_gazebo' with build type 'ament_cmake'
[0.265s] INFO:colcon.colcon_cmake.task.cmake.build:Building CMake package in '/home/spaceshipecsat/ur_10_CatapultTest/src/Universal_Robots_ROS2_Gazebo_Simulation/ur_simulation_gazebo'
[0.265s] INFO:colcon.colcon_core.shell:Skip shell extension 'powershell' for command environment: Not usable outside of PowerShell
[0.265s] DEBUG:colcon.colcon_core.shell:Skip shell extension 'dsv' for command environment
[0.267s] Level 1:colcon.colcon_core.environment:create_environment_scripts_only(robotiq_controllers)
[0.267s] Level 1:colcon.colcon_core.environment:checking '/home/spaceshipecsat/ur_10_CatapultTest/install/robotiq_controllers' for CMake module files
[0.267s] DEBUG:colcon.colcon_core.event_handler.log_command:Invoked command in '/home/spaceshipecsat/ur_10_CatapultTest/build/robotiq_controllers' returned '0': CMAKE_PREFIX_PATH=${CMAKE_PREFIX_PATH}:/opt/ros/humble /usr/bin/cmake --install /home/spaceshipecsat/ur_10_CatapultTest/build/robotiq_controllers
[0.268s] Level 1:colcon.colcon_core.environment:checking '/home/spaceshipecsat/ur_10_CatapultTest/install/robotiq_controllers' for CMake config files
[0.268s] Level 1:colcon.colcon_core.shell:create_environment_hook('robotiq_controllers', 'cmake_prefix_path')
[0.268s] INFO:colcon.colcon_core.shell:Creating environment hook '/home/spaceshipecsat/ur_10_CatapultTest/install/robotiq_controllers/share/robotiq_controllers/hook/cmake_prefix_path.ps1'
[0.268s] INFO:colcon.colcon_core.shell:Creating environment descriptor '/home/spaceshipecsat/ur_10_CatapultTest/install/robotiq_controllers/share/robotiq_controllers/hook/cmake_prefix_path.dsv'
[0.268s] INFO:colcon.colcon_core.shell:Creating environment hook '/home/spaceshipecsat/ur_10_CatapultTest/install/robotiq_controllers/share/robotiq_controllers/hook/cmake_prefix_path.sh'
[0.268s] Level 1:colcon.colcon_core.environment:checking '/home/spaceshipecsat/ur_10_CatapultTest/install/robotiq_controllers/lib'
[0.268s] Level 1:colcon.colcon_core.shell:create_environment_hook('robotiq_controllers', 'ld_library_path_lib')
[0.268s] INFO:colcon.colcon_core.shell:Creating environment hook '/home/spaceshipecsat/ur_10_CatapultTest/install/robotiq_controllers/share/robotiq_controllers/hook/ld_library_path_lib.ps1'
[0.269s] INFO:colcon.colcon_core.shell:Creating environment descriptor '/home/spaceshipecsat/ur_10_CatapultTest/install/robotiq_controllers/share/robotiq_controllers/hook/ld_library_path_lib.dsv'
[0.269s] INFO:colcon.colcon_core.shell:Creating environment hook '/home/spaceshipecsat/ur_10_CatapultTest/install/robotiq_controllers/share/robotiq_controllers/hook/ld_library_path_lib.sh'
[0.269s] Level 1:colcon.colcon_core.environment:checking '/home/spaceshipecsat/ur_10_CatapultTest/install/robotiq_controllers/bin'
[0.269s] Level 1:colcon.colcon_core.environment:checking '/home/spaceshipecsat/ur_10_CatapultTest/install/robotiq_controllers/lib/pkgconfig/robotiq_controllers.pc'
[0.269s] Level 1:colcon.colcon_core.environment:checking '/home/spaceshipecsat/ur_10_CatapultTest/install/robotiq_controllers/lib/python3.10/site-packages'
[0.269s] Level 1:colcon.colcon_core.environment:checking '/home/spaceshipecsat/ur_10_CatapultTest/install/robotiq_controllers/bin'
[0.269s] INFO:colcon.colcon_core.shell:Creating package script '/home/spaceshipecsat/ur_10_CatapultTest/install/robotiq_controllers/share/robotiq_controllers/package.ps1'
[0.270s] INFO:colcon.colcon_core.shell:Creating package descriptor '/home/spaceshipecsat/ur_10_CatapultTest/install/robotiq_controllers/share/robotiq_controllers/package.dsv'
[0.270s] INFO:colcon.colcon_core.shell:Creating package script '/home/spaceshipecsat/ur_10_CatapultTest/install/robotiq_controllers/share/robotiq_controllers/package.sh'
[0.270s] INFO:colcon.colcon_core.shell:Creating package script '/home/spaceshipecsat/ur_10_CatapultTest/install/robotiq_controllers/share/robotiq_controllers/package.bash'
[0.270s] INFO:colcon.colcon_core.shell:Creating package script '/home/spaceshipecsat/ur_10_CatapultTest/install/robotiq_controllers/share/robotiq_controllers/package.zsh'
[0.270s] Level 1:colcon.colcon_core.environment:create_file_with_runtime_dependencies(/home/spaceshipecsat/ur_10_CatapultTest/install/robotiq_controllers/share/colcon-core/packages/robotiq_controllers)
[0.270s] Level 1:colcon.colcon_core.environment:create_environment_scripts_only(robotiq_controllers)
[0.270s] Level 1:colcon.colcon_core.environment:checking '/home/spaceshipecsat/ur_10_CatapultTest/install/robotiq_controllers' for CMake module files
[0.271s] Level 1:colcon.colcon_core.environment:checking '/home/spaceshipecsat/ur_10_CatapultTest/install/robotiq_controllers' for CMake config files
[0.271s] Level 1:colcon.colcon_core.shell:create_environment_hook('robotiq_controllers', 'cmake_prefix_path')
[0.271s] INFO:colcon.colcon_core.shell:Creating environment hook '/home/spaceshipecsat/ur_10_CatapultTest/install/robotiq_controllers/share/robotiq_controllers/hook/cmake_prefix_path.ps1'
[0.271s] INFO:colcon.colcon_core.shell:Creating environment descriptor '/home/spaceshipecsat/ur_10_CatapultTest/install/robotiq_controllers/share/robotiq_controllers/hook/cmake_prefix_path.dsv'
[0.271s] INFO:colcon.colcon_core.shell:Creating environment hook '/home/spaceshipecsat/ur_10_CatapultTest/install/robotiq_controllers/share/robotiq_controllers/hook/cmake_prefix_path.sh'
[0.271s] Level 1:colcon.colcon_core.environment:checking '/home/spaceshipecsat/ur_10_CatapultTest/install/robotiq_controllers/lib'
[0.271s] Level 1:colcon.colcon_core.shell:create_environment_hook('robotiq_controllers', 'ld_library_path_lib')
[0.271s] INFO:colcon.colcon_core.shell:Creating environment hook '/home/spaceshipecsat/ur_10_CatapultTest/install/robotiq_controllers/share/robotiq_controllers/hook/ld_library_path_lib.ps1'
[0.271s] INFO:colcon.colcon_core.shell:Creating environment descriptor '/home/spaceshipecsat/ur_10_CatapultTest/install/robotiq_controllers/share/robotiq_controllers/hook/ld_library_path_lib.dsv'
[0.272s] INFO:colcon.colcon_core.shell:Creating environment hook '/home/spaceshipecsat/ur_10_CatapultTest/install/robotiq_controllers/share/robotiq_controllers/hook/ld_library_path_lib.sh'
[0.272s] Level 1:colcon.colcon_core.environment:checking '/home/spaceshipecsat/ur_10_CatapultTest/install/robotiq_controllers/bin'
[0.272s] Level 1:colcon.colcon_core.environment:checking '/home/spaceshipecsat/ur_10_CatapultTest/install/robotiq_controllers/lib/pkgconfig/robotiq_controllers.pc'
[0.272s] Level 1:colcon.colcon_core.environment:checking '/home/spaceshipecsat/ur_10_CatapultTest/install/robotiq_controllers/lib/python3.10/site-packages'
[0.272s] Level 1:colcon.colcon_core.environment:checking '/home/spaceshipecsat/ur_10_CatapultTest/install/robotiq_controllers/bin'
[0.272s] INFO:colcon.colcon_core.shell:Creating package script '/home/spaceshipecsat/ur_10_CatapultTest/install/robotiq_controllers/share/robotiq_controllers/package.ps1'
[0.272s] INFO:colcon.colcon_core.shell:Creating package descriptor '/home/spaceshipecsat/ur_10_CatapultTest/install/robotiq_controllers/share/robotiq_controllers/package.dsv'
[0.272s] INFO:colcon.colcon_core.shell:Creating package script '/home/spaceshipecsat/ur_10_CatapultTest/install/robotiq_controllers/share/robotiq_controllers/package.sh'
[0.273s] INFO:colcon.colcon_core.shell:Creating package script '/home/spaceshipecsat/ur_10_CatapultTest/install/robotiq_controllers/share/robotiq_controllers/package.bash'
[0.273s] INFO:colcon.colcon_core.shell:Creating package script '/home/spaceshipecsat/ur_10_CatapultTest/install/robotiq_controllers/share/robotiq_controllers/package.zsh'
[0.273s] Level 1:colcon.colcon_core.environment:create_file_with_runtime_dependencies(/home/spaceshipecsat/ur_10_CatapultTest/install/robotiq_controllers/share/colcon-core/packages/robotiq_controllers)
[0.275s] DEBUG:colcon.colcon_core.event_handler.log_command:Invoking command in '/home/spaceshipecsat/ur_10_CatapultTest/build/ur_yt_sim': CMAKE_PREFIX_PATH=/home/spaceshipecsat/ur_10_CatapultTest/install/ur_description:/home/spaceshipecsat/ur_10_CatapultTest/install/robotiq_description:/home/spaceshipecsat/ur_10_CatapultTest/install/ur5_camera_moveit_config:/home/spaceshipecsat/ur_10_CatapultTest/install/ur5_camera_gripper_moveit_config:/home/spaceshipecsat/ur_10_CatapultTest/install/ur10_camera_moveit_config:/home/spaceshipecsat/ur_10_CatapultTest/install/ur10_camera_gripper_moveit_config:/home/spaceshipecsat/ur_10_CatapultTest/install/ur_yt_sim:/home/spaceshipecsat/ur_10_CatapultTest/install/ur_simulation_gazebo:/home/spaceshipecsat/ur_10_CatapultTest/install/ros2_linkattacher:/home/spaceshipecsat/ur_10_CatapultTest/install/robotiq_controllers:/home/spaceshipecsat/ur_10_CatapultTest/install/linkattacher_msgs:/opt/ros/humble /usr/bin/cmake --build /home/spaceshipecsat/ur_10_CatapultTest/build/ur_yt_sim -- -j32 -l32
[0.276s] DEBUG:colcon.colcon_core.event_handler.log_command:Invoking command in '/home/spaceshipecsat/ur_10_CatapultTest/build/ur_simulation_gazebo': CMAKE_PREFIX_PATH=/home/spaceshipecsat/ur_10_CatapultTest/install/ur_description:/home/spaceshipecsat/ur_10_CatapultTest/install/ur5_camera_moveit_config:/home/spaceshipecsat/ur_10_CatapultTest/install/ur5_camera_gripper_moveit_config:/home/spaceshipecsat/ur_10_CatapultTest/install/ur10_camera_moveit_config:/home/spaceshipecsat/ur_10_CatapultTest/install/ur10_camera_gripper_moveit_config:/home/spaceshipecsat/ur_10_CatapultTest/install/ur_yt_sim:/home/spaceshipecsat/ur_10_CatapultTest/install/ur_simulation_gazebo:/home/spaceshipecsat/ur_10_CatapultTest/install/ros2_linkattacher:/home/spaceshipecsat/ur_10_CatapultTest/install/robotiq_description:/home/spaceshipecsat/ur_10_CatapultTest/install/robotiq_controllers:/home/spaceshipecsat/ur_10_CatapultTest/install/linkattacher_msgs:/opt/ros/humble /usr/bin/cmake --build /home/spaceshipecsat/ur_10_CatapultTest/build/ur_simulation_gazebo -- -j32 -l32
[0.298s] DEBUG:colcon.colcon_core.event_handler.log_command:Invoked command in '/home/spaceshipecsat/ur_10_CatapultTest/build/ur_simulation_gazebo' returned '0': CMAKE_PREFIX_PATH=/home/spaceshipecsat/ur_10_CatapultTest/install/ur_description:/home/spaceshipecsat/ur_10_CatapultTest/install/ur5_camera_moveit_config:/home/spaceshipecsat/ur_10_CatapultTest/install/ur5_camera_gripper_moveit_config:/home/spaceshipecsat/ur_10_CatapultTest/install/ur10_camera_moveit_config:/home/spaceshipecsat/ur_10_CatapultTest/install/ur10_camera_gripper_moveit_config:/home/spaceshipecsat/ur_10_CatapultTest/install/ur_yt_sim:/home/spaceshipecsat/ur_10_CatapultTest/install/ur_simulation_gazebo:/home/spaceshipecsat/ur_10_CatapultTest/install/ros2_linkattacher:/home/spaceshipecsat/ur_10_CatapultTest/install/robotiq_description:/home/spaceshipecsat/ur_10_CatapultTest/install/robotiq_controllers:/home/spaceshipecsat/ur_10_CatapultTest/install/linkattacher_msgs:/opt/ros/humble /usr/bin/cmake --build /home/spaceshipecsat/ur_10_CatapultTest/build/ur_simulation_gazebo -- -j32 -l32
[0.299s] DEBUG:colcon.colcon_core.event_handler.log_command:Invoking command in '/home/spaceshipecsat/ur_10_CatapultTest/build/ur_simulation_gazebo': CMAKE_PREFIX_PATH=/home/spaceshipecsat/ur_10_CatapultTest/install/ur_description:/home/spaceshipecsat/ur_10_CatapultTest/install/ur5_camera_moveit_config:/home/spaceshipecsat/ur_10_CatapultTest/install/ur5_camera_gripper_moveit_config:/home/spaceshipecsat/ur_10_CatapultTest/install/ur10_camera_moveit_config:/home/spaceshipecsat/ur_10_CatapultTest/install/ur10_camera_gripper_moveit_config:/home/spaceshipecsat/ur_10_CatapultTest/install/ur_yt_sim:/home/spaceshipecsat/ur_10_CatapultTest/install/ur_simulation_gazebo:/home/spaceshipecsat/ur_10_CatapultTest/install/ros2_linkattacher:/home/spaceshipecsat/ur_10_CatapultTest/install/robotiq_description:/home/spaceshipecsat/ur_10_CatapultTest/install/robotiq_controllers:/home/spaceshipecsat/ur_10_CatapultTest/install/linkattacher_msgs:/opt/ros/humble /usr/bin/cmake --install /home/spaceshipecsat/ur_10_CatapultTest/build/ur_simulation_gazebo
[0.311s] Level 1:colcon.colcon_core.environment:create_environment_scripts_only(ur_simulation_gazebo)
[0.311s] Level 1:colcon.colcon_core.environment:checking '/home/spaceshipecsat/ur_10_CatapultTest/install/ur_simulation_gazebo' for CMake module files
[0.311s] DEBUG:colcon.colcon_core.event_handler.log_command:Invoked command in '/home/spaceshipecsat/ur_10_CatapultTest/build/ur_simulation_gazebo' returned '0': CMAKE_PREFIX_PATH=/home/spaceshipecsat/ur_10_CatapultTest/install/ur_description:/home/spaceshipecsat/ur_10_CatapultTest/install/ur5_camera_moveit_config:/home/spaceshipecsat/ur_10_CatapultTest/install/ur5_camera_gripper_moveit_config:/home/spaceshipecsat/ur_10_CatapultTest/install/ur10_camera_moveit_config:/home/spaceshipecsat/ur_10_CatapultTest/install/ur10_camera_gripper_moveit_config:/home/spaceshipecsat/ur_10_CatapultTest/install/ur_yt_sim:/home/spaceshipecsat/ur_10_CatapultTest/install/ur_simulation_gazebo:/home/spaceshipecsat/ur_10_CatapultTest/install/ros2_linkattacher:/home/spaceshipecsat/ur_10_CatapultTest/install/robotiq_description:/home/spaceshipecsat/ur_10_CatapultTest/install/robotiq_controllers:/home/spaceshipecsat/ur_10_CatapultTest/install/linkattacher_msgs:/opt/ros/humble /usr/bin/cmake --install /home/spaceshipecsat/ur_10_CatapultTest/build/ur_simulation_gazebo
[0.312s] Level 1:colcon.colcon_core.environment:checking '/home/spaceshipecsat/ur_10_CatapultTest/install/ur_simulation_gazebo' for CMake config files
[0.312s] Level 1:colcon.colcon_core.shell:create_environment_hook('ur_simulation_gazebo', 'cmake_prefix_path')
[0.312s] INFO:colcon.colcon_core.shell:Creating environment hook '/home/spaceshipecsat/ur_10_CatapultTest/install/ur_simulation_gazebo/share/ur_simulation_gazebo/hook/cmake_prefix_path.ps1'
[0.312s] INFO:colcon.colcon_core.shell:Creating environment descriptor '/home/spaceshipecsat/ur_10_CatapultTest/install/ur_simulation_gazebo/share/ur_simulation_gazebo/hook/cmake_prefix_path.dsv'
[0.313s] INFO:colcon.colcon_core.shell:Creating environment hook '/home/spaceshipecsat/ur_10_CatapultTest/install/ur_simulation_gazebo/share/ur_simulation_gazebo/hook/cmake_prefix_path.sh'
[0.313s] Level 1:colcon.colcon_core.environment:checking '/home/spaceshipecsat/ur_10_CatapultTest/install/ur_simulation_gazebo/bin'
[0.313s] Level 1:colcon.colcon_core.environment:checking '/home/spaceshipecsat/ur_10_CatapultTest/install/ur_simulation_gazebo/lib/pkgconfig/ur_simulation_gazebo.pc'
[0.313s] Level 1:colcon.colcon_core.environment:checking '/home/spaceshipecsat/ur_10_CatapultTest/install/ur_simulation_gazebo/lib/python3.10/site-packages'
[0.313s] Level 1:colcon.colcon_core.environment:checking '/home/spaceshipecsat/ur_10_CatapultTest/install/ur_simulation_gazebo/bin'
[0.313s] INFO:colcon.colcon_core.shell:Creating package script '/home/spaceshipecsat/ur_10_CatapultTest/install/ur_simulation_gazebo/share/ur_simulation_gazebo/package.ps1'
[0.314s] INFO:colcon.colcon_core.shell:Creating package descriptor '/home/spaceshipecsat/ur_10_CatapultTest/install/ur_simulation_gazebo/share/ur_simulation_gazebo/package.dsv'
[0.314s] INFO:colcon.colcon_core.shell:Creating package script '/home/spaceshipecsat/ur_10_CatapultTest/install/ur_simulation_gazebo/share/ur_simulation_gazebo/package.sh'
[0.314s] INFO:colcon.colcon_core.shell:Creating package script '/home/spaceshipecsat/ur_10_CatapultTest/install/ur_simulation_gazebo/share/ur_simulation_gazebo/package.bash'
[0.314s] INFO:colcon.colcon_core.shell:Creating package script '/home/spaceshipecsat/ur_10_CatapultTest/install/ur_simulation_gazebo/share/ur_simulation_gazebo/package.zsh'
[0.314s] Level 1:colcon.colcon_core.environment:create_file_with_runtime_dependencies(/home/spaceshipecsat/ur_10_CatapultTest/install/ur_simulation_gazebo/share/colcon-core/packages/ur_simulation_gazebo)
[0.315s] Level 1:colcon.colcon_core.environment:create_environment_scripts_only(ur_simulation_gazebo)
[0.315s] Level 1:colcon.colcon_core.environment:checking '/home/spaceshipecsat/ur_10_CatapultTest/install/ur_simulation_gazebo' for CMake module files
[0.315s] Level 1:colcon.colcon_core.environment:checking '/home/spaceshipecsat/ur_10_CatapultTest/install/ur_simulation_gazebo' for CMake config files
[0.315s] Level 1:colcon.colcon_core.shell:create_environment_hook('ur_simulation_gazebo', 'cmake_prefix_path')
[0.315s] INFO:colcon.colcon_core.shell:Creating environment hook '/home/spaceshipecsat/ur_10_CatapultTest/install/ur_simulation_gazebo/share/ur_simulation_gazebo/hook/cmake_prefix_path.ps1'
[0.315s] INFO:colcon.colcon_core.shell:Creating environment descriptor '/home/spaceshipecsat/ur_10_CatapultTest/install/ur_simulation_gazebo/share/ur_simulation_gazebo/hook/cmake_prefix_path.dsv'
[0.315s] INFO:colcon.colcon_core.shell:Creating environment hook '/home/spaceshipecsat/ur_10_CatapultTest/install/ur_simulation_gazebo/share/ur_simulation_gazebo/hook/cmake_prefix_path.sh'
[0.315s] Level 1:colcon.colcon_core.environment:checking '/home/spaceshipecsat/ur_10_CatapultTest/install/ur_simulation_gazebo/bin'
[0.315s] Level 1:colcon.colcon_core.environment:checking '/home/spaceshipecsat/ur_10_CatapultTest/install/ur_simulation_gazebo/lib/pkgconfig/ur_simulation_gazebo.pc'
[0.316s] Level 1:colcon.colcon_core.environment:checking '/home/spaceshipecsat/ur_10_CatapultTest/install/ur_simulation_gazebo/lib/python3.10/site-packages'
[0.316s] Level 1:colcon.colcon_core.environment:checking '/home/spaceshipecsat/ur_10_CatapultTest/install/ur_simulation_gazebo/bin'
[0.316s] INFO:colcon.colcon_core.shell:Creating package script '/home/spaceshipecsat/ur_10_CatapultTest/install/ur_simulation_gazebo/share/ur_simulation_gazebo/package.ps1'
[0.316s] INFO:colcon.colcon_core.shell:Creating package descriptor '/home/spaceshipecsat/ur_10_CatapultTest/install/ur_simulation_gazebo/share/ur_simulation_gazebo/package.dsv'
[0.316s] INFO:colcon.colcon_core.shell:Creating package script '/home/spaceshipecsat/ur_10_CatapultTest/install/ur_simulation_gazebo/share/ur_simulation_gazebo/package.sh'
[0.316s] INFO:colcon.colcon_core.shell:Creating package script '/home/spaceshipecsat/ur_10_CatapultTest/install/ur_simulation_gazebo/share/ur_simulation_gazebo/package.bash'
[0.316s] INFO:colcon.colcon_core.shell:Creating package script '/home/spaceshipecsat/ur_10_CatapultTest/install/ur_simulation_gazebo/share/ur_simulation_gazebo/package.zsh'
[0.317s] Level 1:colcon.colcon_core.environment:create_file_with_runtime_dependencies(/home/spaceshipecsat/ur_10_CatapultTest/install/ur_simulation_gazebo/share/colcon-core/packages/ur_simulation_gazebo)
[0.365s] DEBUG:colcon.colcon_core.event_handler.log_command:Invoked command in '/home/spaceshipecsat/ur_10_CatapultTest/build/linkattacher_msgs' returned '0': CMAKE_PREFIX_PATH=${CMAKE_PREFIX_PATH}:/opt/ros/humble /usr/bin/cmake --build /home/spaceshipecsat/ur_10_CatapultTest/build/linkattacher_msgs -- -j32 -l32
[0.366s] DEBUG:colcon.colcon_core.event_handler.log_command:Invoking command in '/home/spaceshipecsat/ur_10_CatapultTest/build/linkattacher_msgs': CMAKE_PREFIX_PATH=${CMAKE_PREFIX_PATH}:/opt/ros/humble /usr/bin/cmake --install /home/spaceshipecsat/ur_10_CatapultTest/build/linkattacher_msgs
[0.398s] Level 1:colcon.colcon_core.environment:create_environment_scripts_only(linkattacher_msgs)
[0.398s] Level 1:colcon.colcon_core.environment:checking '/home/spaceshipecsat/ur_10_CatapultTest/install/linkattacher_msgs' for CMake module files
[0.398s] DEBUG:colcon.colcon_core.event_handler.log_command:Invoked command in '/home/spaceshipecsat/ur_10_CatapultTest/build/linkattacher_msgs' returned '0': CMAKE_PREFIX_PATH=${CMAKE_PREFIX_PATH}:/opt/ros/humble /usr/bin/cmake --install /home/spaceshipecsat/ur_10_CatapultTest/build/linkattacher_msgs
[0.398s] Level 1:colcon.colcon_core.environment:checking '/home/spaceshipecsat/ur_10_CatapultTest/install/linkattacher_msgs' for CMake config files
[0.398s] Level 1:colcon.colcon_core.shell:create_environment_hook('linkattacher_msgs', 'cmake_prefix_path')
[0.399s] INFO:colcon.colcon_core.shell:Creating environment hook '/home/spaceshipecsat/ur_10_CatapultTest/install/linkattacher_msgs/share/linkattacher_msgs/hook/cmake_prefix_path.ps1'
[0.399s] INFO:colcon.colcon_core.shell:Creating environment descriptor '/home/spaceshipecsat/ur_10_CatapultTest/install/linkattacher_msgs/share/linkattacher_msgs/hook/cmake_prefix_path.dsv'
[0.399s] INFO:colcon.colcon_core.shell:Creating environment hook '/home/spaceshipecsat/ur_10_CatapultTest/install/linkattacher_msgs/share/linkattacher_msgs/hook/cmake_prefix_path.sh'
[0.399s] Level 1:colcon.colcon_core.environment:checking '/home/spaceshipecsat/ur_10_CatapultTest/install/linkattacher_msgs/lib'
[0.399s] Level 1:colcon.colcon_core.shell:create_environment_hook('linkattacher_msgs', 'ld_library_path_lib')
[0.399s] INFO:colcon.colcon_core.shell:Creating environment hook '/home/spaceshipecsat/ur_10_CatapultTest/install/linkattacher_msgs/share/linkattacher_msgs/hook/ld_library_path_lib.ps1'
[0.399s] INFO:colcon.colcon_core.shell:Creating environment descriptor '/home/spaceshipecsat/ur_10_CatapultTest/install/linkattacher_msgs/share/linkattacher_msgs/hook/ld_library_path_lib.dsv'
[0.399s] INFO:colcon.colcon_core.shell:Creating environment hook '/home/spaceshipecsat/ur_10_CatapultTest/install/linkattacher_msgs/share/linkattacher_msgs/hook/ld_library_path_lib.sh'
[0.400s] Level 1:colcon.colcon_core.environment:checking '/home/spaceshipecsat/ur_10_CatapultTest/install/linkattacher_msgs/bin'
[0.400s] Level 1:colcon.colcon_core.environment:checking '/home/spaceshipecsat/ur_10_CatapultTest/install/linkattacher_msgs/lib/pkgconfig/linkattacher_msgs.pc'
[0.400s] Level 1:colcon.colcon_core.environment:checking '/home/spaceshipecsat/ur_10_CatapultTest/install/linkattacher_msgs/lib/python3.10/site-packages'
[0.400s] Level 1:colcon.colcon_core.environment:checking '/home/spaceshipecsat/ur_10_CatapultTest/install/linkattacher_msgs/bin'
[0.400s] INFO:colcon.colcon_core.shell:Creating package script '/home/spaceshipecsat/ur_10_CatapultTest/install/linkattacher_msgs/share/linkattacher_msgs/package.ps1'
[0.400s] INFO:colcon.colcon_core.shell:Creating package descriptor '/home/spaceshipecsat/ur_10_CatapultTest/install/linkattacher_msgs/share/linkattacher_msgs/package.dsv'
[0.400s] INFO:colcon.colcon_core.shell:Creating package script '/home/spaceshipecsat/ur_10_CatapultTest/install/linkattacher_msgs/share/linkattacher_msgs/package.sh'
[0.400s] INFO:colcon.colcon_core.shell:Creating package script '/home/spaceshipecsat/ur_10_CatapultTest/install/linkattacher_msgs/share/linkattacher_msgs/package.bash'
[0.401s] INFO:colcon.colcon_core.shell:Creating package script '/home/spaceshipecsat/ur_10_CatapultTest/install/linkattacher_msgs/share/linkattacher_msgs/package.zsh'
[0.401s] Level 1:colcon.colcon_core.environment:create_file_with_runtime_dependencies(/home/spaceshipecsat/ur_10_CatapultTest/install/linkattacher_msgs/share/colcon-core/packages/linkattacher_msgs)
[0.401s] Level 1:colcon.colcon_core.environment:create_environment_scripts_only(linkattacher_msgs)
[0.401s] Level 1:colcon.colcon_core.environment:checking '/home/spaceshipecsat/ur_10_CatapultTest/install/linkattacher_msgs' for CMake module files
[0.401s] Level 1:colcon.colcon_core.environment:checking '/home/spaceshipecsat/ur_10_CatapultTest/install/linkattacher_msgs' for CMake config files
[0.401s] Level 1:colcon.colcon_core.shell:create_environment_hook('linkattacher_msgs', 'cmake_prefix_path')
[0.401s] INFO:colcon.colcon_core.shell:Creating environment hook '/home/spaceshipecsat/ur_10_CatapultTest/install/linkattacher_msgs/share/linkattacher_msgs/hook/cmake_prefix_path.ps1'
[0.402s] INFO:colcon.colcon_core.shell:Creating environment descriptor '/home/spaceshipecsat/ur_10_CatapultTest/install/linkattacher_msgs/share/linkattacher_msgs/hook/cmake_prefix_path.dsv'
[0.402s] INFO:colcon.colcon_core.shell:Creating environment hook '/home/spaceshipecsat/ur_10_CatapultTest/install/linkattacher_msgs/share/linkattacher_msgs/hook/cmake_prefix_path.sh'
[0.402s] Level 1:colcon.colcon_core.environment:checking '/home/spaceshipecsat/ur_10_CatapultTest/install/linkattacher_msgs/lib'
[0.402s] Level 1:colcon.colcon_core.shell:create_environment_hook('linkattacher_msgs', 'ld_library_path_lib')
[0.402s] INFO:colcon.colcon_core.shell:Creating environment hook '/home/spaceshipecsat/ur_10_CatapultTest/install/linkattacher_msgs/share/linkattacher_msgs/hook/ld_library_path_lib.ps1'
[0.402s] INFO:colcon.colcon_core.shell:Creating environment descriptor '/home/spaceshipecsat/ur_10_CatapultTest/install/linkattacher_msgs/share/linkattacher_msgs/hook/ld_library_path_lib.dsv'
[0.402s] INFO:colcon.colcon_core.shell:Creating environment hook '/home/spaceshipecsat/ur_10_CatapultTest/install/linkattacher_msgs/share/linkattacher_msgs/hook/ld_library_path_lib.sh'
[0.402s] Level 1:colcon.colcon_core.environment:checking '/home/spaceshipecsat/ur_10_CatapultTest/install/linkattacher_msgs/bin'
[0.403s] Level 1:colcon.colcon_core.environment:checking '/home/spaceshipecsat/ur_10_CatapultTest/install/linkattacher_msgs/lib/pkgconfig/linkattacher_msgs.pc'
[0.403s] Level 1:colcon.colcon_core.environment:checking '/home/spaceshipecsat/ur_10_CatapultTest/install/linkattacher_msgs/lib/python3.10/site-packages'
[0.403s] Level 1:colcon.colcon_core.environment:checking '/home/spaceshipecsat/ur_10_CatapultTest/install/linkattacher_msgs/bin'
[0.403s] INFO:colcon.colcon_core.shell:Creating package script '/home/spaceshipecsat/ur_10_CatapultTest/install/linkattacher_msgs/share/linkattacher_msgs/package.ps1'
[0.403s] INFO:colcon.colcon_core.shell:Creating package descriptor '/home/spaceshipecsat/ur_10_CatapultTest/install/linkattacher_msgs/share/linkattacher_msgs/package.dsv'
[0.403s] INFO:colcon.colcon_core.shell:Creating package script '/home/spaceshipecsat/ur_10_CatapultTest/install/linkattacher_msgs/share/linkattacher_msgs/package.sh'
[0.403s] INFO:colcon.colcon_core.shell:Creating package script '/home/spaceshipecsat/ur_10_CatapultTest/install/linkattacher_msgs/share/linkattacher_msgs/package.bash'
[0.403s] INFO:colcon.colcon_core.shell:Creating package script '/home/spaceshipecsat/ur_10_CatapultTest/install/linkattacher_msgs/share/linkattacher_msgs/package.zsh'
[0.404s] Level 1:colcon.colcon_core.environment:create_file_with_runtime_dependencies(/home/spaceshipecsat/ur_10_CatapultTest/install/linkattacher_msgs/share/colcon-core/packages/linkattacher_msgs)
[0.404s] INFO:colcon.colcon_ros.task.ament_cmake.build:Building ROS package in '/home/spaceshipecsat/ur_10_CatapultTest/src/IFRA_LinkAttacher/ros2_LinkAttacher' with build type 'ament_cmake'
[0.404s] INFO:colcon.colcon_cmake.task.cmake.build:Building CMake package in '/home/spaceshipecsat/ur_10_CatapultTest/src/IFRA_LinkAttacher/ros2_LinkAttacher'
[0.404s] INFO:colcon.colcon_core.shell:Skip shell extension 'powershell' for command environment: Not usable outside of PowerShell
[0.404s] DEBUG:colcon.colcon_core.shell:Skip shell extension 'dsv' for command environment
[0.411s] DEBUG:colcon.colcon_core.event_handler.log_command:Invoking command in '/home/spaceshipecsat/ur_10_CatapultTest/build/ros2_linkattacher': CMAKE_PREFIX_PATH=/home/spaceshipecsat/ur_10_CatapultTest/install/linkattacher_msgs:/home/spaceshipecsat/ur_10_CatapultTest/install/ur5_camera_moveit_config:/home/spaceshipecsat/ur_10_CatapultTest/install/ur5_camera_gripper_moveit_config:/home/spaceshipecsat/ur_10_CatapultTest/install/ur10_camera_moveit_config:/home/spaceshipecsat/ur_10_CatapultTest/install/ur10_camera_gripper_moveit_config:/home/spaceshipecsat/ur_10_CatapultTest/install/ur_yt_sim:/home/spaceshipecsat/ur_10_CatapultTest/install/ur_simulation_gazebo:/home/spaceshipecsat/ur_10_CatapultTest/install/ur_description:/home/spaceshipecsat/ur_10_CatapultTest/install/ros2_linkattacher:/home/spaceshipecsat/ur_10_CatapultTest/install/robotiq_description:/home/spaceshipecsat/ur_10_CatapultTest/install/robotiq_controllers:/opt/ros/humble LD_LIBRARY_PATH=/home/spaceshipecsat/ur_10_CatapultTest/install/linkattacher_msgs/lib:/home/spaceshipecsat/ur_10_CatapultTest/install/ros2_linkattacher/lib:/home/spaceshipecsat/ur_10_CatapultTest/install/robotiq_controllers/lib:/usr/lib/x86_64-linux-gnu/gazebo-11/plugins:/opt/ros/humble/opt/rviz_ogre_vendor/lib:/opt/ros/humble/lib/x86_64-linux-gnu:/opt/ros/humble/lib /usr/bin/cmake --build /home/spaceshipecsat/ur_10_CatapultTest/build/ros2_linkattacher -- -j32 -l32
[0.462s] DEBUG:colcon.colcon_core.event_handler.log_command:Invoked command in '/home/spaceshipecsat/ur_10_CatapultTest/build/ros2_linkattacher' returned '0': CMAKE_PREFIX_PATH=/home/spaceshipecsat/ur_10_CatapultTest/install/linkattacher_msgs:/home/spaceshipecsat/ur_10_CatapultTest/install/ur5_camera_moveit_config:/home/spaceshipecsat/ur_10_CatapultTest/install/ur5_camera_gripper_moveit_config:/home/spaceshipecsat/ur_10_CatapultTest/install/ur10_camera_moveit_config:/home/spaceshipecsat/ur_10_CatapultTest/install/ur10_camera_gripper_moveit_config:/home/spaceshipecsat/ur_10_CatapultTest/install/ur_yt_sim:/home/spaceshipecsat/ur_10_CatapultTest/install/ur_simulation_gazebo:/home/spaceshipecsat/ur_10_CatapultTest/install/ur_description:/home/spaceshipecsat/ur_10_CatapultTest/install/ros2_linkattacher:/home/spaceshipecsat/ur_10_CatapultTest/install/robotiq_description:/home/spaceshipecsat/ur_10_CatapultTest/install/robotiq_controllers:/opt/ros/humble LD_LIBRARY_PATH=/home/spaceshipecsat/ur_10_CatapultTest/install/linkattacher_msgs/lib:/home/spaceshipecsat/ur_10_CatapultTest/install/ros2_linkattacher/lib:/home/spaceshipecsat/ur_10_CatapultTest/install/robotiq_controllers/lib:/usr/lib/x86_64-linux-gnu/gazebo-11/plugins:/opt/ros/humble/opt/rviz_ogre_vendor/lib:/opt/ros/humble/lib/x86_64-linux-gnu:/opt/ros/humble/lib /usr/bin/cmake --build /home/spaceshipecsat/ur_10_CatapultTest/build/ros2_linkattacher -- -j32 -l32
[0.463s] DEBUG:colcon.colcon_core.event_handler.log_command:Invoking command in '/home/spaceshipecsat/ur_10_CatapultTest/build/ros2_linkattacher': CMAKE_PREFIX_PATH=/home/spaceshipecsat/ur_10_CatapultTest/install/linkattacher_msgs:/home/spaceshipecsat/ur_10_CatapultTest/install/ur5_camera_moveit_config:/home/spaceshipecsat/ur_10_CatapultTest/install/ur5_camera_gripper_moveit_config:/home/spaceshipecsat/ur_10_CatapultTest/install/ur10_camera_moveit_config:/home/spaceshipecsat/ur_10_CatapultTest/install/ur10_camera_gripper_moveit_config:/home/spaceshipecsat/ur_10_CatapultTest/install/ur_yt_sim:/home/spaceshipecsat/ur_10_CatapultTest/install/ur_simulation_gazebo:/home/spaceshipecsat/ur_10_CatapultTest/install/ur_description:/home/spaceshipecsat/ur_10_CatapultTest/install/ros2_linkattacher:/home/spaceshipecsat/ur_10_CatapultTest/install/robotiq_description:/home/spaceshipecsat/ur_10_CatapultTest/install/robotiq_controllers:/opt/ros/humble LD_LIBRARY_PATH=/home/spaceshipecsat/ur_10_CatapultTest/install/linkattacher_msgs/lib:/home/spaceshipecsat/ur_10_CatapultTest/install/ros2_linkattacher/lib:/home/spaceshipecsat/ur_10_CatapultTest/install/robotiq_controllers/lib:/usr/lib/x86_64-linux-gnu/gazebo-11/plugins:/opt/ros/humble/opt/rviz_ogre_vendor/lib:/opt/ros/humble/lib/x86_64-linux-gnu:/opt/ros/humble/lib /usr/bin/cmake --install /home/spaceshipecsat/ur_10_CatapultTest/build/ros2_linkattacher
[0.472s] Level 1:colcon.colcon_core.environment:create_environment_scripts_only(ros2_linkattacher)
[0.472s] Level 1:colcon.colcon_core.environment:checking '/home/spaceshipecsat/ur_10_CatapultTest/install/ros2_linkattacher' for CMake module files
[0.473s] DEBUG:colcon.colcon_core.event_handler.log_command:Invoked command in '/home/spaceshipecsat/ur_10_CatapultTest/build/ros2_linkattacher' returned '0': CMAKE_PREFIX_PATH=/home/spaceshipecsat/ur_10_CatapultTest/install/linkattacher_msgs:/home/spaceshipecsat/ur_10_CatapultTest/install/ur5_camera_moveit_config:/home/spaceshipecsat/ur_10_CatapultTest/install/ur5_camera_gripper_moveit_config:/home/spaceshipecsat/ur_10_CatapultTest/install/ur10_camera_moveit_config:/home/spaceshipecsat/ur_10_CatapultTest/install/ur10_camera_gripper_moveit_config:/home/spaceshipecsat/ur_10_CatapultTest/install/ur_yt_sim:/home/spaceshipecsat/ur_10_CatapultTest/install/ur_simulation_gazebo:/home/spaceshipecsat/ur_10_CatapultTest/install/ur_description:/home/spaceshipecsat/ur_10_CatapultTest/install/ros2_linkattacher:/home/spaceshipecsat/ur_10_CatapultTest/install/robotiq_description:/home/spaceshipecsat/ur_10_CatapultTest/install/robotiq_controllers:/opt/ros/humble LD_LIBRARY_PATH=/home/spaceshipecsat/ur_10_CatapultTest/install/linkattacher_msgs/lib:/home/spaceshipecsat/ur_10_CatapultTest/install/ros2_linkattacher/lib:/home/spaceshipecsat/ur_10_CatapultTest/install/robotiq_controllers/lib:/usr/lib/x86_64-linux-gnu/gazebo-11/plugins:/opt/ros/humble/opt/rviz_ogre_vendor/lib:/opt/ros/humble/lib/x86_64-linux-gnu:/opt/ros/humble/lib /usr/bin/cmake --install /home/spaceshipecsat/ur_10_CatapultTest/build/ros2_linkattacher
[0.473s] Level 1:colcon.colcon_core.environment:checking '/home/spaceshipecsat/ur_10_CatapultTest/install/ros2_linkattacher' for CMake config files
[0.473s] Level 1:colcon.colcon_core.shell:create_environment_hook('ros2_linkattacher', 'cmake_prefix_path')
[0.473s] INFO:colcon.colcon_core.shell:Creating environment hook '/home/spaceshipecsat/ur_10_CatapultTest/install/ros2_linkattacher/share/ros2_linkattacher/hook/cmake_prefix_path.ps1'
[0.473s] INFO:colcon.colcon_core.shell:Creating environment descriptor '/home/spaceshipecsat/ur_10_CatapultTest/install/ros2_linkattacher/share/ros2_linkattacher/hook/cmake_prefix_path.dsv'
[0.473s] INFO:colcon.colcon_core.shell:Creating environment hook '/home/spaceshipecsat/ur_10_CatapultTest/install/ros2_linkattacher/share/ros2_linkattacher/hook/cmake_prefix_path.sh'
[0.473s] Level 1:colcon.colcon_core.environment:checking '/home/spaceshipecsat/ur_10_CatapultTest/install/ros2_linkattacher/lib'
[0.473s] Level 1:colcon.colcon_core.shell:create_environment_hook('ros2_linkattacher', 'ld_library_path_lib')
[0.474s] INFO:colcon.colcon_core.shell:Creating environment hook '/home/spaceshipecsat/ur_10_CatapultTest/install/ros2_linkattacher/share/ros2_linkattacher/hook/ld_library_path_lib.ps1'
[0.474s] INFO:colcon.colcon_core.shell:Creating environment descriptor '/home/spaceshipecsat/ur_10_CatapultTest/install/ros2_linkattacher/share/ros2_linkattacher/hook/ld_library_path_lib.dsv'
[0.474s] INFO:colcon.colcon_core.shell:Creating environment hook '/home/spaceshipecsat/ur_10_CatapultTest/install/ros2_linkattacher/share/ros2_linkattacher/hook/ld_library_path_lib.sh'
[0.474s] Level 1:colcon.colcon_core.environment:checking '/home/spaceshipecsat/ur_10_CatapultTest/install/ros2_linkattacher/bin'
[0.474s] Level 1:colcon.colcon_core.environment:checking '/home/spaceshipecsat/ur_10_CatapultTest/install/ros2_linkattacher/lib/pkgconfig/ros2_linkattacher.pc'
[0.474s] Level 1:colcon.colcon_core.environment:checking '/home/spaceshipecsat/ur_10_CatapultTest/install/ros2_linkattacher/lib/python3.10/site-packages'
[0.474s] Level 1:colcon.colcon_core.environment:checking '/home/spaceshipecsat/ur_10_CatapultTest/install/ros2_linkattacher/bin'
[0.474s] INFO:colcon.colcon_core.shell:Creating package script '/home/spaceshipecsat/ur_10_CatapultTest/install/ros2_linkattacher/share/ros2_linkattacher/package.ps1'
[0.474s] INFO:colcon.colcon_core.shell:Creating package descriptor '/home/spaceshipecsat/ur_10_CatapultTest/install/ros2_linkattacher/share/ros2_linkattacher/package.dsv'
[0.475s] INFO:colcon.colcon_core.shell:Creating package script '/home/spaceshipecsat/ur_10_CatapultTest/install/ros2_linkattacher/share/ros2_linkattacher/package.sh'
[0.475s] INFO:colcon.colcon_core.shell:Creating package script '/home/spaceshipecsat/ur_10_CatapultTest/install/ros2_linkattacher/share/ros2_linkattacher/package.bash'
[0.475s] INFO:colcon.colcon_core.shell:Creating package script '/home/spaceshipecsat/ur_10_CatapultTest/install/ros2_linkattacher/share/ros2_linkattacher/package.zsh'
[0.475s] Level 1:colcon.colcon_core.environment:create_file_with_runtime_dependencies(/home/spaceshipecsat/ur_10_CatapultTest/install/ros2_linkattacher/share/colcon-core/packages/ros2_linkattacher)
[0.475s] Level 1:colcon.colcon_core.environment:create_environment_scripts_only(ros2_linkattacher)
[0.475s] Level 1:colcon.colcon_core.environment:checking '/home/spaceshipecsat/ur_10_CatapultTest/install/ros2_linkattacher' for CMake module files
[0.475s] Level 1:colcon.colcon_core.environment:checking '/home/spaceshipecsat/ur_10_CatapultTest/install/ros2_linkattacher' for CMake config files
[0.475s] Level 1:colcon.colcon_core.shell:create_environment_hook('ros2_linkattacher', 'cmake_prefix_path')
[0.476s] INFO:colcon.colcon_core.shell:Creating environment hook '/home/spaceshipecsat/ur_10_CatapultTest/install/ros2_linkattacher/share/ros2_linkattacher/hook/cmake_prefix_path.ps1'
[0.476s] INFO:colcon.colcon_core.shell:Creating environment descriptor '/home/spaceshipecsat/ur_10_CatapultTest/install/ros2_linkattacher/share/ros2_linkattacher/hook/cmake_prefix_path.dsv'
[0.476s] INFO:colcon.colcon_core.shell:Creating environment hook '/home/spaceshipecsat/ur_10_CatapultTest/install/ros2_linkattacher/share/ros2_linkattacher/hook/cmake_prefix_path.sh'
[0.476s] Level 1:colcon.colcon_core.environment:checking '/home/spaceshipecsat/ur_10_CatapultTest/install/ros2_linkattacher/lib'
[0.476s] Level 1:colcon.colcon_core.shell:create_environment_hook('ros2_linkattacher', 'ld_library_path_lib')
[0.476s] INFO:colcon.colcon_core.shell:Creating environment hook '/home/spaceshipecsat/ur_10_CatapultTest/install/ros2_linkattacher/share/ros2_linkattacher/hook/ld_library_path_lib.ps1'
[0.476s] INFO:colcon.colcon_core.shell:Creating environment descriptor '/home/spaceshipecsat/ur_10_CatapultTest/install/ros2_linkattacher/share/ros2_linkattacher/hook/ld_library_path_lib.dsv'
[0.476s] INFO:colcon.colcon_core.shell:Creating environment hook '/home/spaceshipecsat/ur_10_CatapultTest/install/ros2_linkattacher/share/ros2_linkattacher/hook/ld_library_path_lib.sh'
[0.477s] Level 1:colcon.colcon_core.environment:checking '/home/spaceshipecsat/ur_10_CatapultTest/install/ros2_linkattacher/bin'
[0.477s] Level 1:colcon.colcon_core.environment:checking '/home/spaceshipecsat/ur_10_CatapultTest/install/ros2_linkattacher/lib/pkgconfig/ros2_linkattacher.pc'
[0.477s] Level 1:colcon.colcon_core.environment:checking '/home/spaceshipecsat/ur_10_CatapultTest/install/ros2_linkattacher/lib/python3.10/site-packages'
[0.477s] Level 1:colcon.colcon_core.environment:checking '/home/spaceshipecsat/ur_10_CatapultTest/install/ros2_linkattacher/bin'
[0.477s] INFO:colcon.colcon_core.shell:Creating package script '/home/spaceshipecsat/ur_10_CatapultTest/install/ros2_linkattacher/share/ros2_linkattacher/package.ps1'
[0.477s] INFO:colcon.colcon_core.shell:Creating package descriptor '/home/spaceshipecsat/ur_10_CatapultTest/install/ros2_linkattacher/share/ros2_linkattacher/package.dsv'
[0.477s] INFO:colcon.colcon_core.shell:Creating package script '/home/spaceshipecsat/ur_10_CatapultTest/install/ros2_linkattacher/share/ros2_linkattacher/package.sh'
[0.477s] INFO:colcon.colcon_core.shell:Creating package script '/home/spaceshipecsat/ur_10_CatapultTest/install/ros2_linkattacher/share/ros2_linkattacher/package.bash'
[0.477s] INFO:colcon.colcon_core.shell:Creating package script '/home/spaceshipecsat/ur_10_CatapultTest/install/ros2_linkattacher/share/ros2_linkattacher/package.zsh'
[0.478s] Level 1:colcon.colcon_core.environment:create_file_with_runtime_dependencies(/home/spaceshipecsat/ur_10_CatapultTest/install/ros2_linkattacher/share/colcon-core/packages/ros2_linkattacher)
[3.757s] DEBUG:colcon.colcon_core.event_handler.log_command:Invoked command in '/home/spaceshipecsat/ur_10_CatapultTest/build/ur_yt_sim' returned '0': CMAKE_PREFIX_PATH=/home/spaceshipecsat/ur_10_CatapultTest/install/ur_description:/home/spaceshipecsat/ur_10_CatapultTest/install/robotiq_description:/home/spaceshipecsat/ur_10_CatapultTest/install/ur5_camera_moveit_config:/home/spaceshipecsat/ur_10_CatapultTest/install/ur5_camera_gripper_moveit_config:/home/spaceshipecsat/ur_10_CatapultTest/install/ur10_camera_moveit_config:/home/spaceshipecsat/ur_10_CatapultTest/install/ur10_camera_gripper_moveit_config:/home/spaceshipecsat/ur_10_CatapultTest/install/ur_yt_sim:/home/spaceshipecsat/ur_10_CatapultTest/install/ur_simulation_gazebo:/home/spaceshipecsat/ur_10_CatapultTest/install/ros2_linkattacher:/home/spaceshipecsat/ur_10_CatapultTest/install/robotiq_controllers:/home/spaceshipecsat/ur_10_CatapultTest/install/linkattacher_msgs:/opt/ros/humble /usr/bin/cmake --build /home/spaceshipecsat/ur_10_CatapultTest/build/ur_yt_sim -- -j32 -l32
[3.758s] DEBUG:colcon.colcon_core.event_handler.log_command:Invoking command in '/home/spaceshipecsat/ur_10_CatapultTest/build/ur_yt_sim': CMAKE_PREFIX_PATH=/home/spaceshipecsat/ur_10_CatapultTest/install/ur_description:/home/spaceshipecsat/ur_10_CatapultTest/install/robotiq_description:/home/spaceshipecsat/ur_10_CatapultTest/install/ur5_camera_moveit_config:/home/spaceshipecsat/ur_10_CatapultTest/install/ur5_camera_gripper_moveit_config:/home/spaceshipecsat/ur_10_CatapultTest/install/ur10_camera_moveit_config:/home/spaceshipecsat/ur_10_CatapultTest/install/ur10_camera_gripper_moveit_config:/home/spaceshipecsat/ur_10_CatapultTest/install/ur_yt_sim:/home/spaceshipecsat/ur_10_CatapultTest/install/ur_simulation_gazebo:/home/spaceshipecsat/ur_10_CatapultTest/install/ros2_linkattacher:/home/spaceshipecsat/ur_10_CatapultTest/install/robotiq_controllers:/home/spaceshipecsat/ur_10_CatapultTest/install/linkattacher_msgs:/opt/ros/humble /usr/bin/cmake --install /home/spaceshipecsat/ur_10_CatapultTest/build/ur_yt_sim
[3.772s] Level 1:colcon.colcon_core.environment:create_environment_scripts_only(ur_yt_sim)
[3.772s] DEBUG:colcon.colcon_core.event_handler.log_command:Invoked command in '/home/spaceshipecsat/ur_10_CatapultTest/build/ur_yt_sim' returned '0': CMAKE_PREFIX_PATH=/home/spaceshipecsat/ur_10_CatapultTest/install/ur_description:/home/spaceshipecsat/ur_10_CatapultTest/install/robotiq_description:/home/spaceshipecsat/ur_10_CatapultTest/install/ur5_camera_moveit_config:/home/spaceshipecsat/ur_10_CatapultTest/install/ur5_camera_gripper_moveit_config:/home/spaceshipecsat/ur_10_CatapultTest/install/ur10_camera_moveit_config:/home/spaceshipecsat/ur_10_CatapultTest/install/ur10_camera_gripper_moveit_config:/home/spaceshipecsat/ur_10_CatapultTest/install/ur_yt_sim:/home/spaceshipecsat/ur_10_CatapultTest/install/ur_simulation_gazebo:/home/spaceshipecsat/ur_10_CatapultTest/install/ros2_linkattacher:/home/spaceshipecsat/ur_10_CatapultTest/install/robotiq_controllers:/home/spaceshipecsat/ur_10_CatapultTest/install/linkattacher_msgs:/opt/ros/humble /usr/bin/cmake --install /home/spaceshipecsat/ur_10_CatapultTest/build/ur_yt_sim
[3.772s] Level 1:colcon.colcon_core.environment:checking '/home/spaceshipecsat/ur_10_CatapultTest/install/ur_yt_sim' for CMake module files
[3.772s] Level 1:colcon.colcon_core.environment:checking '/home/spaceshipecsat/ur_10_CatapultTest/install/ur_yt_sim' for CMake config files
[3.773s] Level 1:colcon.colcon_core.shell:create_environment_hook('ur_yt_sim', 'cmake_prefix_path')
[3.773s] INFO:colcon.colcon_core.shell:Creating environment hook '/home/spaceshipecsat/ur_10_CatapultTest/install/ur_yt_sim/share/ur_yt_sim/hook/cmake_prefix_path.ps1'
[3.773s] INFO:colcon.colcon_core.shell:Creating environment descriptor '/home/spaceshipecsat/ur_10_CatapultTest/install/ur_yt_sim/share/ur_yt_sim/hook/cmake_prefix_path.dsv'
[3.774s] INFO:colcon.colcon_core.shell:Creating environment hook '/home/spaceshipecsat/ur_10_CatapultTest/install/ur_yt_sim/share/ur_yt_sim/hook/cmake_prefix_path.sh'
[3.774s] Level 1:colcon.colcon_core.environment:checking '/home/spaceshipecsat/ur_10_CatapultTest/install/ur_yt_sim/lib'
[3.774s] Level 1:colcon.colcon_core.environment:checking '/home/spaceshipecsat/ur_10_CatapultTest/install/ur_yt_sim/bin'
[3.774s] Level 1:colcon.colcon_core.environment:checking '/home/spaceshipecsat/ur_10_CatapultTest/install/ur_yt_sim/lib/pkgconfig/ur_yt_sim.pc'
[3.774s] Level 1:colcon.colcon_core.environment:checking '/home/spaceshipecsat/ur_10_CatapultTest/install/ur_yt_sim/lib/python3.10/site-packages'
[3.774s] Level 1:colcon.colcon_core.environment:checking '/home/spaceshipecsat/ur_10_CatapultTest/install/ur_yt_sim/bin'
[3.775s] INFO:colcon.colcon_core.shell:Creating package script '/home/spaceshipecsat/ur_10_CatapultTest/install/ur_yt_sim/share/ur_yt_sim/package.ps1'
[3.775s] INFO:colcon.colcon_core.shell:Creating package descriptor '/home/spaceshipecsat/ur_10_CatapultTest/install/ur_yt_sim/share/ur_yt_sim/package.dsv'
[3.775s] INFO:colcon.colcon_core.shell:Creating package script '/home/spaceshipecsat/ur_10_CatapultTest/install/ur_yt_sim/share/ur_yt_sim/package.sh'
[3.775s] INFO:colcon.colcon_core.shell:Creating package script '/home/spaceshipecsat/ur_10_CatapultTest/install/ur_yt_sim/share/ur_yt_sim/package.bash'
[3.776s] INFO:colcon.colcon_core.shell:Creating package script '/home/spaceshipecsat/ur_10_CatapultTest/install/ur_yt_sim/share/ur_yt_sim/package.zsh'
[3.776s] Level 1:colcon.colcon_core.environment:create_file_with_runtime_dependencies(/home/spaceshipecsat/ur_10_CatapultTest/install/ur_yt_sim/share/colcon-core/packages/ur_yt_sim)
[3.776s] Level 1:colcon.colcon_core.environment:create_environment_scripts_only(ur_yt_sim)
[3.776s] Level 1:colcon.colcon_core.environment:checking '/home/spaceshipecsat/ur_10_CatapultTest/install/ur_yt_sim' for CMake module files
[3.777s] Level 1:colcon.colcon_core.environment:checking '/home/spaceshipecsat/ur_10_CatapultTest/install/ur_yt_sim' for CMake config files
[3.777s] Level 1:colcon.colcon_core.shell:create_environment_hook('ur_yt_sim', 'cmake_prefix_path')
[3.777s] INFO:colcon.colcon_core.shell:Creating environment hook '/home/spaceshipecsat/ur_10_CatapultTest/install/ur_yt_sim/share/ur_yt_sim/hook/cmake_prefix_path.ps1'
[3.777s] INFO:colcon.colcon_core.shell:Creating environment descriptor '/home/spaceshipecsat/ur_10_CatapultTest/install/ur_yt_sim/share/ur_yt_sim/hook/cmake_prefix_path.dsv'
[3.778s] INFO:colcon.colcon_core.shell:Creating environment hook '/home/spaceshipecsat/ur_10_CatapultTest/install/ur_yt_sim/share/ur_yt_sim/hook/cmake_prefix_path.sh'
[3.778s] Level 1:colcon.colcon_core.environment:checking '/home/spaceshipecsat/ur_10_CatapultTest/install/ur_yt_sim/lib'
[3.778s] Level 1:colcon.colcon_core.environment:checking '/home/spaceshipecsat/ur_10_CatapultTest/install/ur_yt_sim/bin'
[3.778s] Level 1:colcon.colcon_core.environment:checking '/home/spaceshipecsat/ur_10_CatapultTest/install/ur_yt_sim/lib/pkgconfig/ur_yt_sim.pc'
[3.778s] Level 1:colcon.colcon_core.environment:checking '/home/spaceshipecsat/ur_10_CatapultTest/install/ur_yt_sim/lib/python3.10/site-packages'
[3.778s] Level 1:colcon.colcon_core.environment:checking '/home/spaceshipecsat/ur_10_CatapultTest/install/ur_yt_sim/bin'
[3.779s] INFO:colcon.colcon_core.shell:Creating package script '/home/spaceshipecsat/ur_10_CatapultTest/install/ur_yt_sim/share/ur_yt_sim/package.ps1'
[3.779s] INFO:colcon.colcon_core.shell:Creating package descriptor '/home/spaceshipecsat/ur_10_CatapultTest/install/ur_yt_sim/share/ur_yt_sim/package.dsv'
[3.779s] INFO:colcon.colcon_core.shell:Creating package script '/home/spaceshipecsat/ur_10_CatapultTest/install/ur_yt_sim/share/ur_yt_sim/package.sh'
[3.780s] INFO:colcon.colcon_core.shell:Creating package script '/home/spaceshipecsat/ur_10_CatapultTest/install/ur_yt_sim/share/ur_yt_sim/package.bash'
[3.780s] INFO:colcon.colcon_core.shell:Creating package script '/home/spaceshipecsat/ur_10_CatapultTest/install/ur_yt_sim/share/ur_yt_sim/package.zsh'
[3.780s] Level 1:colcon.colcon_core.environment:create_file_with_runtime_dependencies(/home/spaceshipecsat/ur_10_CatapultTest/install/ur_yt_sim/share/colcon-core/packages/ur_yt_sim)
[3.780s] INFO:colcon.colcon_ros.task.ament_cmake.build:Building ROS package in '/home/spaceshipecsat/ur_10_CatapultTest/src/ur10_camera_gripper_moveit_config' with build type 'ament_cmake'
[3.780s] INFO:colcon.colcon_cmake.task.cmake.build:Building CMake package in '/home/spaceshipecsat/ur_10_CatapultTest/src/ur10_camera_gripper_moveit_config'
[3.781s] INFO:colcon.colcon_core.shell:Skip shell extension 'powershell' for command environment: Not usable outside of PowerShell
[3.781s] DEBUG:colcon.colcon_core.shell:Skip shell extension 'dsv' for command environment
[3.784s] INFO:colcon.colcon_ros.task.ament_cmake.build:Building ROS package in '/home/spaceshipecsat/ur_10_CatapultTest/src/ur10_camera_moveit_config' with build type 'ament_cmake'
[3.784s] INFO:colcon.colcon_cmake.task.cmake.build:Building CMake package in '/home/spaceshipecsat/ur_10_CatapultTest/src/ur10_camera_moveit_config'
[3.784s] INFO:colcon.colcon_core.shell:Skip shell extension 'powershell' for command environment: Not usable outside of PowerShell
[3.784s] DEBUG:colcon.colcon_core.shell:Skip shell extension 'dsv' for command environment
[3.787s] INFO:colcon.colcon_ros.task.ament_cmake.build:Building ROS package in '/home/spaceshipecsat/ur_10_CatapultTest/src/ur5_camera_gripper_moveit_config' with build type 'ament_cmake'
[3.788s] INFO:colcon.colcon_cmake.task.cmake.build:Building CMake package in '/home/spaceshipecsat/ur_10_CatapultTest/src/ur5_camera_gripper_moveit_config'
[3.788s] INFO:colcon.colcon_core.shell:Skip shell extension 'powershell' for command environment: Not usable outside of PowerShell
[3.788s] DEBUG:colcon.colcon_core.shell:Skip shell extension 'dsv' for command environment
[3.790s] INFO:colcon.colcon_ros.task.ament_cmake.build:Building ROS package in '/home/spaceshipecsat/ur_10_CatapultTest/src/ur5_camera_moveit_config' with build type 'ament_cmake'
[3.790s] INFO:colcon.colcon_cmake.task.cmake.build:Building CMake package in '/home/spaceshipecsat/ur_10_CatapultTest/src/ur5_camera_moveit_config'
[3.790s] INFO:colcon.colcon_core.shell:Skip shell extension 'powershell' for command environment: Not usable outside of PowerShell
[3.790s] DEBUG:colcon.colcon_core.shell:Skip shell extension 'dsv' for command environment
[3.793s] DEBUG:colcon.colcon_core.event_handler.log_command:Invoking command in '/home/spaceshipecsat/ur_10_CatapultTest/build/ur10_camera_gripper_moveit_config': CMAKE_PREFIX_PATH=/home/spaceshipecsat/ur_10_CatapultTest/install/ur_yt_sim:/home/spaceshipecsat/ur_10_CatapultTest/install/ur_description:/home/spaceshipecsat/ur_10_CatapultTest/install/robotiq_description:/home/spaceshipecsat/ur_10_CatapultTest/install/ur5_camera_moveit_config:/home/spaceshipecsat/ur_10_CatapultTest/install/ur5_camera_gripper_moveit_config:/home/spaceshipecsat/ur_10_CatapultTest/install/ur10_camera_moveit_config:/home/spaceshipecsat/ur_10_CatapultTest/install/ur10_camera_gripper_moveit_config:/home/spaceshipecsat/ur_10_CatapultTest/install/ur_simulation_gazebo:/home/spaceshipecsat/ur_10_CatapultTest/install/ros2_linkattacher:/home/spaceshipecsat/ur_10_CatapultTest/install/robotiq_controllers:/home/spaceshipecsat/ur_10_CatapultTest/install/linkattacher_msgs:/opt/ros/humble /usr/bin/cmake --build /home/spaceshipecsat/ur_10_CatapultTest/build/ur10_camera_gripper_moveit_config -- -j32 -l32
[3.794s] DEBUG:colcon.colcon_core.event_handler.log_command:Invoking command in '/home/spaceshipecsat/ur_10_CatapultTest/build/ur10_camera_moveit_config': CMAKE_PREFIX_PATH=/home/spaceshipecsat/ur_10_CatapultTest/install/ur_yt_sim:/home/spaceshipecsat/ur_10_CatapultTest/install/ur_description:/home/spaceshipecsat/ur_10_CatapultTest/install/robotiq_description:/home/spaceshipecsat/ur_10_CatapultTest/install/ur5_camera_moveit_config:/home/spaceshipecsat/ur_10_CatapultTest/install/ur5_camera_gripper_moveit_config:/home/spaceshipecsat/ur_10_CatapultTest/install/ur10_camera_moveit_config:/home/spaceshipecsat/ur_10_CatapultTest/install/ur10_camera_gripper_moveit_config:/home/spaceshipecsat/ur_10_CatapultTest/install/ur_simulation_gazebo:/home/spaceshipecsat/ur_10_CatapultTest/install/ros2_linkattacher:/home/spaceshipecsat/ur_10_CatapultTest/install/robotiq_controllers:/home/spaceshipecsat/ur_10_CatapultTest/install/linkattacher_msgs:/opt/ros/humble /usr/bin/cmake --build /home/spaceshipecsat/ur_10_CatapultTest/build/ur10_camera_moveit_config -- -j32 -l32
[3.795s] DEBUG:colcon.colcon_core.event_handler.log_command:Invoking command in '/home/spaceshipecsat/ur_10_CatapultTest/build/ur5_camera_gripper_moveit_config': CMAKE_PREFIX_PATH=/home/spaceshipecsat/ur_10_CatapultTest/install/ur_yt_sim:/home/spaceshipecsat/ur_10_CatapultTest/install/ur_description:/home/spaceshipecsat/ur_10_CatapultTest/install/robotiq_description:/home/spaceshipecsat/ur_10_CatapultTest/install/ur5_camera_moveit_config:/home/spaceshipecsat/ur_10_CatapultTest/install/ur5_camera_gripper_moveit_config:/home/spaceshipecsat/ur_10_CatapultTest/install/ur10_camera_moveit_config:/home/spaceshipecsat/ur_10_CatapultTest/install/ur10_camera_gripper_moveit_config:/home/spaceshipecsat/ur_10_CatapultTest/install/ur_simulation_gazebo:/home/spaceshipecsat/ur_10_CatapultTest/install/ros2_linkattacher:/home/spaceshipecsat/ur_10_CatapultTest/install/robotiq_controllers:/home/spaceshipecsat/ur_10_CatapultTest/install/linkattacher_msgs:/opt/ros/humble /usr/bin/cmake --build /home/spaceshipecsat/ur_10_CatapultTest/build/ur5_camera_gripper_moveit_config -- -j32 -l32
[3.796s] DEBUG:colcon.colcon_core.event_handler.log_command:Invoking command in '/home/spaceshipecsat/ur_10_CatapultTest/build/ur5_camera_moveit_config': CMAKE_PREFIX_PATH=/home/spaceshipecsat/ur_10_CatapultTest/install/ur_yt_sim:/home/spaceshipecsat/ur_10_CatapultTest/install/ur_description:/home/spaceshipecsat/ur_10_CatapultTest/install/robotiq_description:/home/spaceshipecsat/ur_10_CatapultTest/install/ur5_camera_moveit_config:/home/spaceshipecsat/ur_10_CatapultTest/install/ur5_camera_gripper_moveit_config:/home/spaceshipecsat/ur_10_CatapultTest/install/ur10_camera_moveit_config:/home/spaceshipecsat/ur_10_CatapultTest/install/ur10_camera_gripper_moveit_config:/home/spaceshipecsat/ur_10_CatapultTest/install/ur_simulation_gazebo:/home/spaceshipecsat/ur_10_CatapultTest/install/ros2_linkattacher:/home/spaceshipecsat/ur_10_CatapultTest/install/robotiq_controllers:/home/spaceshipecsat/ur_10_CatapultTest/install/linkattacher_msgs:/opt/ros/humble /usr/bin/cmake --build /home/spaceshipecsat/ur_10_CatapultTest/build/ur5_camera_moveit_config -- -j32 -l32
[3.815s] DEBUG:colcon.colcon_core.event_handler.log_command:Invoked command in '/home/spaceshipecsat/ur_10_CatapultTest/build/ur5_camera_gripper_moveit_config' returned '0': CMAKE_PREFIX_PATH=/home/spaceshipecsat/ur_10_CatapultTest/install/ur_yt_sim:/home/spaceshipecsat/ur_10_CatapultTest/install/ur_description:/home/spaceshipecsat/ur_10_CatapultTest/install/robotiq_description:/home/spaceshipecsat/ur_10_CatapultTest/install/ur5_camera_moveit_config:/home/spaceshipecsat/ur_10_CatapultTest/install/ur5_camera_gripper_moveit_config:/home/spaceshipecsat/ur_10_CatapultTest/install/ur10_camera_moveit_config:/home/spaceshipecsat/ur_10_CatapultTest/install/ur10_camera_gripper_moveit_config:/home/spaceshipecsat/ur_10_CatapultTest/install/ur_simulation_gazebo:/home/spaceshipecsat/ur_10_CatapultTest/install/ros2_linkattacher:/home/spaceshipecsat/ur_10_CatapultTest/install/robotiq_controllers:/home/spaceshipecsat/ur_10_CatapultTest/install/linkattacher_msgs:/opt/ros/humble /usr/bin/cmake --build /home/spaceshipecsat/ur_10_CatapultTest/build/ur5_camera_gripper_moveit_config -- -j32 -l32
[3.816s] DEBUG:colcon.colcon_core.event_handler.log_command:Invoking command in '/home/spaceshipecsat/ur_10_CatapultTest/build/ur5_camera_gripper_moveit_config': CMAKE_PREFIX_PATH=/home/spaceshipecsat/ur_10_CatapultTest/install/ur_yt_sim:/home/spaceshipecsat/ur_10_CatapultTest/install/ur_description:/home/spaceshipecsat/ur_10_CatapultTest/install/robotiq_description:/home/spaceshipecsat/ur_10_CatapultTest/install/ur5_camera_moveit_config:/home/spaceshipecsat/ur_10_CatapultTest/install/ur5_camera_gripper_moveit_config:/home/spaceshipecsat/ur_10_CatapultTest/install/ur10_camera_moveit_config:/home/spaceshipecsat/ur_10_CatapultTest/install/ur10_camera_gripper_moveit_config:/home/spaceshipecsat/ur_10_CatapultTest/install/ur_simulation_gazebo:/home/spaceshipecsat/ur_10_CatapultTest/install/ros2_linkattacher:/home/spaceshipecsat/ur_10_CatapultTest/install/robotiq_controllers:/home/spaceshipecsat/ur_10_CatapultTest/install/linkattacher_msgs:/opt/ros/humble /usr/bin/cmake --install /home/spaceshipecsat/ur_10_CatapultTest/build/ur5_camera_gripper_moveit_config
[3.817s] DEBUG:colcon.colcon_core.event_handler.log_command:Invoked command in '/home/spaceshipecsat/ur_10_CatapultTest/build/ur10_camera_moveit_config' returned '0': CMAKE_PREFIX_PATH=/home/spaceshipecsat/ur_10_CatapultTest/install/ur_yt_sim:/home/spaceshipecsat/ur_10_CatapultTest/install/ur_description:/home/spaceshipecsat/ur_10_CatapultTest/install/robotiq_description:/home/spaceshipecsat/ur_10_CatapultTest/install/ur5_camera_moveit_config:/home/spaceshipecsat/ur_10_CatapultTest/install/ur5_camera_gripper_moveit_config:/home/spaceshipecsat/ur_10_CatapultTest/install/ur10_camera_moveit_config:/home/spaceshipecsat/ur_10_CatapultTest/install/ur10_camera_gripper_moveit_config:/home/spaceshipecsat/ur_10_CatapultTest/install/ur_simulation_gazebo:/home/spaceshipecsat/ur_10_CatapultTest/install/ros2_linkattacher:/home/spaceshipecsat/ur_10_CatapultTest/install/robotiq_controllers:/home/spaceshipecsat/ur_10_CatapultTest/install/linkattacher_msgs:/opt/ros/humble /usr/bin/cmake --build /home/spaceshipecsat/ur_10_CatapultTest/build/ur10_camera_moveit_config -- -j32 -l32
[3.818s] DEBUG:colcon.colcon_core.event_handler.log_command:Invoking command in '/home/spaceshipecsat/ur_10_CatapultTest/build/ur10_camera_moveit_config': CMAKE_PREFIX_PATH=/home/spaceshipecsat/ur_10_CatapultTest/install/ur_yt_sim:/home/spaceshipecsat/ur_10_CatapultTest/install/ur_description:/home/spaceshipecsat/ur_10_CatapultTest/install/robotiq_description:/home/spaceshipecsat/ur_10_CatapultTest/install/ur5_camera_moveit_config:/home/spaceshipecsat/ur_10_CatapultTest/install/ur5_camera_gripper_moveit_config:/home/spaceshipecsat/ur_10_CatapultTest/install/ur10_camera_moveit_config:/home/spaceshipecsat/ur_10_CatapultTest/install/ur10_camera_gripper_moveit_config:/home/spaceshipecsat/ur_10_CatapultTest/install/ur_simulation_gazebo:/home/spaceshipecsat/ur_10_CatapultTest/install/ros2_linkattacher:/home/spaceshipecsat/ur_10_CatapultTest/install/robotiq_controllers:/home/spaceshipecsat/ur_10_CatapultTest/install/linkattacher_msgs:/opt/ros/humble /usr/bin/cmake --install /home/spaceshipecsat/ur_10_CatapultTest/build/ur10_camera_moveit_config
[3.818s] DEBUG:colcon.colcon_core.event_handler.log_command:Invoked command in '/home/spaceshipecsat/ur_10_CatapultTest/build/ur10_camera_gripper_moveit_config' returned '0': CMAKE_PREFIX_PATH=/home/spaceshipecsat/ur_10_CatapultTest/install/ur_yt_sim:/home/spaceshipecsat/ur_10_CatapultTest/install/ur_description:/home/spaceshipecsat/ur_10_CatapultTest/install/robotiq_description:/home/spaceshipecsat/ur_10_CatapultTest/install/ur5_camera_moveit_config:/home/spaceshipecsat/ur_10_CatapultTest/install/ur5_camera_gripper_moveit_config:/home/spaceshipecsat/ur_10_CatapultTest/install/ur10_camera_moveit_config:/home/spaceshipecsat/ur_10_CatapultTest/install/ur10_camera_gripper_moveit_config:/home/spaceshipecsat/ur_10_CatapultTest/install/ur_simulation_gazebo:/home/spaceshipecsat/ur_10_CatapultTest/install/ros2_linkattacher:/home/spaceshipecsat/ur_10_CatapultTest/install/robotiq_controllers:/home/spaceshipecsat/ur_10_CatapultTest/install/linkattacher_msgs:/opt/ros/humble /usr/bin/cmake --build /home/spaceshipecsat/ur_10_CatapultTest/build/ur10_camera_gripper_moveit_config -- -j32 -l32
[3.819s] DEBUG:colcon.colcon_core.event_handler.log_command:Invoking command in '/home/spaceshipecsat/ur_10_CatapultTest/build/ur10_camera_gripper_moveit_config': CMAKE_PREFIX_PATH=/home/spaceshipecsat/ur_10_CatapultTest/install/ur_yt_sim:/home/spaceshipecsat/ur_10_CatapultTest/install/ur_description:/home/spaceshipecsat/ur_10_CatapultTest/install/robotiq_description:/home/spaceshipecsat/ur_10_CatapultTest/install/ur5_camera_moveit_config:/home/spaceshipecsat/ur_10_CatapultTest/install/ur5_camera_gripper_moveit_config:/home/spaceshipecsat/ur_10_CatapultTest/install/ur10_camera_moveit_config:/home/spaceshipecsat/ur_10_CatapultTest/install/ur10_camera_gripper_moveit_config:/home/spaceshipecsat/ur_10_CatapultTest/install/ur_simulation_gazebo:/home/spaceshipecsat/ur_10_CatapultTest/install/ros2_linkattacher:/home/spaceshipecsat/ur_10_CatapultTest/install/robotiq_controllers:/home/spaceshipecsat/ur_10_CatapultTest/install/linkattacher_msgs:/opt/ros/humble /usr/bin/cmake --install /home/spaceshipecsat/ur_10_CatapultTest/build/ur10_camera_gripper_moveit_config
[3.820s] DEBUG:colcon.colcon_core.event_handler.log_command:Invoked command in '/home/spaceshipecsat/ur_10_CatapultTest/build/ur5_camera_moveit_config' returned '0': CMAKE_PREFIX_PATH=/home/spaceshipecsat/ur_10_CatapultTest/install/ur_yt_sim:/home/spaceshipecsat/ur_10_CatapultTest/install/ur_description:/home/spaceshipecsat/ur_10_CatapultTest/install/robotiq_description:/home/spaceshipecsat/ur_10_CatapultTest/install/ur5_camera_moveit_config:/home/spaceshipecsat/ur_10_CatapultTest/install/ur5_camera_gripper_moveit_config:/home/spaceshipecsat/ur_10_CatapultTest/install/ur10_camera_moveit_config:/home/spaceshipecsat/ur_10_CatapultTest/install/ur10_camera_gripper_moveit_config:/home/spaceshipecsat/ur_10_CatapultTest/install/ur_simulation_gazebo:/home/spaceshipecsat/ur_10_CatapultTest/install/ros2_linkattacher:/home/spaceshipecsat/ur_10_CatapultTest/install/robotiq_controllers:/home/spaceshipecsat/ur_10_CatapultTest/install/linkattacher_msgs:/opt/ros/humble /usr/bin/cmake --build /home/spaceshipecsat/ur_10_CatapultTest/build/ur5_camera_moveit_config -- -j32 -l32
[3.821s] DEBUG:colcon.colcon_core.event_handler.log_command:Invoking command in '/home/spaceshipecsat/ur_10_CatapultTest/build/ur5_camera_moveit_config': CMAKE_PREFIX_PATH=/home/spaceshipecsat/ur_10_CatapultTest/install/ur_yt_sim:/home/spaceshipecsat/ur_10_CatapultTest/install/ur_description:/home/spaceshipecsat/ur_10_CatapultTest/install/robotiq_description:/home/spaceshipecsat/ur_10_CatapultTest/install/ur5_camera_moveit_config:/home/spaceshipecsat/ur_10_CatapultTest/install/ur5_camera_gripper_moveit_config:/home/spaceshipecsat/ur_10_CatapultTest/install/ur10_camera_moveit_config:/home/spaceshipecsat/ur_10_CatapultTest/install/ur10_camera_gripper_moveit_config:/home/spaceshipecsat/ur_10_CatapultTest/install/ur_simulation_gazebo:/home/spaceshipecsat/ur_10_CatapultTest/install/ros2_linkattacher:/home/spaceshipecsat/ur_10_CatapultTest/install/robotiq_controllers:/home/spaceshipecsat/ur_10_CatapultTest/install/linkattacher_msgs:/opt/ros/humble /usr/bin/cmake --install /home/spaceshipecsat/ur_10_CatapultTest/build/ur5_camera_moveit_config
[3.827s] Level 1:colcon.colcon_core.environment:create_environment_scripts_only(ur5_camera_gripper_moveit_config)
[3.827s] Level 1:colcon.colcon_core.environment:checking '/home/spaceshipecsat/ur_10_CatapultTest/install/ur5_camera_gripper_moveit_config' for CMake module files
[3.827s] DEBUG:colcon.colcon_core.event_handler.log_command:Invoked command in '/home/spaceshipecsat/ur_10_CatapultTest/build/ur5_camera_gripper_moveit_config' returned '0': CMAKE_PREFIX_PATH=/home/spaceshipecsat/ur_10_CatapultTest/install/ur_yt_sim:/home/spaceshipecsat/ur_10_CatapultTest/install/ur_description:/home/spaceshipecsat/ur_10_CatapultTest/install/robotiq_description:/home/spaceshipecsat/ur_10_CatapultTest/install/ur5_camera_moveit_config:/home/spaceshipecsat/ur_10_CatapultTest/install/ur5_camera_gripper_moveit_config:/home/spaceshipecsat/ur_10_CatapultTest/install/ur10_camera_moveit_config:/home/spaceshipecsat/ur_10_CatapultTest/install/ur10_camera_gripper_moveit_config:/home/spaceshipecsat/ur_10_CatapultTest/install/ur_simulation_gazebo:/home/spaceshipecsat/ur_10_CatapultTest/install/ros2_linkattacher:/home/spaceshipecsat/ur_10_CatapultTest/install/robotiq_controllers:/home/spaceshipecsat/ur_10_CatapultTest/install/linkattacher_msgs:/opt/ros/humble /usr/bin/cmake --install /home/spaceshipecsat/ur_10_CatapultTest/build/ur5_camera_gripper_moveit_config
[3.828s] Level 1:colcon.colcon_core.environment:checking '/home/spaceshipecsat/ur_10_CatapultTest/install/ur5_camera_gripper_moveit_config' for CMake config files
[3.828s] Level 1:colcon.colcon_core.shell:create_environment_hook('ur5_camera_gripper_moveit_config', 'cmake_prefix_path')
[3.828s] INFO:colcon.colcon_core.shell:Creating environment hook '/home/spaceshipecsat/ur_10_CatapultTest/install/ur5_camera_gripper_moveit_config/share/ur5_camera_gripper_moveit_config/hook/cmake_prefix_path.ps1'
[3.829s] INFO:colcon.colcon_core.shell:Creating environment descriptor '/home/spaceshipecsat/ur_10_CatapultTest/install/ur5_camera_gripper_moveit_config/share/ur5_camera_gripper_moveit_config/hook/cmake_prefix_path.dsv'
[3.830s] INFO:colcon.colcon_core.shell:Creating environment hook '/home/spaceshipecsat/ur_10_CatapultTest/install/ur5_camera_gripper_moveit_config/share/ur5_camera_gripper_moveit_config/hook/cmake_prefix_path.sh'
[3.831s] Level 1:colcon.colcon_core.environment:checking '/home/spaceshipecsat/ur_10_CatapultTest/install/ur5_camera_gripper_moveit_config/bin'
[3.831s] Level 1:colcon.colcon_core.environment:checking '/home/spaceshipecsat/ur_10_CatapultTest/install/ur5_camera_gripper_moveit_config/lib/pkgconfig/ur5_camera_gripper_moveit_config.pc'
[3.831s] Level 1:colcon.colcon_core.environment:checking '/home/spaceshipecsat/ur_10_CatapultTest/install/ur5_camera_gripper_moveit_config/lib/python3.10/site-packages'
[3.831s] Level 1:colcon.colcon_core.environment:checking '/home/spaceshipecsat/ur_10_CatapultTest/install/ur5_camera_gripper_moveit_config/bin'
[3.831s] INFO:colcon.colcon_core.shell:Creating package script '/home/spaceshipecsat/ur_10_CatapultTest/install/ur5_camera_gripper_moveit_config/share/ur5_camera_gripper_moveit_config/package.ps1'
[3.832s] INFO:colcon.colcon_core.shell:Creating package descriptor '/home/spaceshipecsat/ur_10_CatapultTest/install/ur5_camera_gripper_moveit_config/share/ur5_camera_gripper_moveit_config/package.dsv'
[3.832s] INFO:colcon.colcon_core.shell:Creating package script '/home/spaceshipecsat/ur_10_CatapultTest/install/ur5_camera_gripper_moveit_config/share/ur5_camera_gripper_moveit_config/package.sh'
[3.833s] INFO:colcon.colcon_core.shell:Creating package script '/home/spaceshipecsat/ur_10_CatapultTest/install/ur5_camera_gripper_moveit_config/share/ur5_camera_gripper_moveit_config/package.bash'
[3.834s] INFO:colcon.colcon_core.shell:Creating package script '/home/spaceshipecsat/ur_10_CatapultTest/install/ur5_camera_gripper_moveit_config/share/ur5_camera_gripper_moveit_config/package.zsh'
[3.834s] Level 1:colcon.colcon_core.environment:create_file_with_runtime_dependencies(/home/spaceshipecsat/ur_10_CatapultTest/install/ur5_camera_gripper_moveit_config/share/colcon-core/packages/ur5_camera_gripper_moveit_config)
[3.835s] Level 1:colcon.colcon_core.environment:create_environment_scripts_only(ur5_camera_gripper_moveit_config)
[3.835s] Level 1:colcon.colcon_core.environment:checking '/home/spaceshipecsat/ur_10_CatapultTest/install/ur5_camera_gripper_moveit_config' for CMake module files
[3.836s] Level 1:colcon.colcon_core.environment:checking '/home/spaceshipecsat/ur_10_CatapultTest/install/ur5_camera_gripper_moveit_config' for CMake config files
[3.836s] Level 1:colcon.colcon_core.shell:create_environment_hook('ur5_camera_gripper_moveit_config', 'cmake_prefix_path')
[3.836s] INFO:colcon.colcon_core.shell:Creating environment hook '/home/spaceshipecsat/ur_10_CatapultTest/install/ur5_camera_gripper_moveit_config/share/ur5_camera_gripper_moveit_config/hook/cmake_prefix_path.ps1'
[3.836s] INFO:colcon.colcon_core.shell:Creating environment descriptor '/home/spaceshipecsat/ur_10_CatapultTest/install/ur5_camera_gripper_moveit_config/share/ur5_camera_gripper_moveit_config/hook/cmake_prefix_path.dsv'
[3.836s] INFO:colcon.colcon_core.shell:Creating environment hook '/home/spaceshipecsat/ur_10_CatapultTest/install/ur5_camera_gripper_moveit_config/share/ur5_camera_gripper_moveit_config/hook/cmake_prefix_path.sh'
[3.837s] Level 1:colcon.colcon_core.environment:checking '/home/spaceshipecsat/ur_10_CatapultTest/install/ur5_camera_gripper_moveit_config/bin'
[3.837s] Level 1:colcon.colcon_core.environment:checking '/home/spaceshipecsat/ur_10_CatapultTest/install/ur5_camera_gripper_moveit_config/lib/pkgconfig/ur5_camera_gripper_moveit_config.pc'
[3.837s] Level 1:colcon.colcon_core.environment:checking '/home/spaceshipecsat/ur_10_CatapultTest/install/ur5_camera_gripper_moveit_config/lib/python3.10/site-packages'
[3.837s] Level 1:colcon.colcon_core.environment:checking '/home/spaceshipecsat/ur_10_CatapultTest/install/ur5_camera_gripper_moveit_config/bin'
[3.837s] INFO:colcon.colcon_core.shell:Creating package script '/home/spaceshipecsat/ur_10_CatapultTest/install/ur5_camera_gripper_moveit_config/share/ur5_camera_gripper_moveit_config/package.ps1'
[3.837s] INFO:colcon.colcon_core.shell:Creating package descriptor '/home/spaceshipecsat/ur_10_CatapultTest/install/ur5_camera_gripper_moveit_config/share/ur5_camera_gripper_moveit_config/package.dsv'
[3.837s] INFO:colcon.colcon_core.shell:Creating package script '/home/spaceshipecsat/ur_10_CatapultTest/install/ur5_camera_gripper_moveit_config/share/ur5_camera_gripper_moveit_config/package.sh'
[3.837s] INFO:colcon.colcon_core.shell:Creating package script '/home/spaceshipecsat/ur_10_CatapultTest/install/ur5_camera_gripper_moveit_config/share/ur5_camera_gripper_moveit_config/package.bash'
[3.838s] INFO:colcon.colcon_core.shell:Creating package script '/home/spaceshipecsat/ur_10_CatapultTest/install/ur5_camera_gripper_moveit_config/share/ur5_camera_gripper_moveit_config/package.zsh'
[3.838s] Level 1:colcon.colcon_core.environment:create_file_with_runtime_dependencies(/home/spaceshipecsat/ur_10_CatapultTest/install/ur5_camera_gripper_moveit_config/share/colcon-core/packages/ur5_camera_gripper_moveit_config)
[3.838s] Level 1:colcon.colcon_core.environment:create_environment_scripts_only(ur5_camera_moveit_config)
[3.838s] Level 1:colcon.colcon_core.environment:checking '/home/spaceshipecsat/ur_10_CatapultTest/install/ur5_camera_moveit_config' for CMake module files
[3.839s] DEBUG:colcon.colcon_core.event_handler.log_command:Invoked command in '/home/spaceshipecsat/ur_10_CatapultTest/build/ur5_camera_moveit_config' returned '0': CMAKE_PREFIX_PATH=/home/spaceshipecsat/ur_10_CatapultTest/install/ur_yt_sim:/home/spaceshipecsat/ur_10_CatapultTest/install/ur_description:/home/spaceshipecsat/ur_10_CatapultTest/install/robotiq_description:/home/spaceshipecsat/ur_10_CatapultTest/install/ur5_camera_moveit_config:/home/spaceshipecsat/ur_10_CatapultTest/install/ur5_camera_gripper_moveit_config:/home/spaceshipecsat/ur_10_CatapultTest/install/ur10_camera_moveit_config:/home/spaceshipecsat/ur_10_CatapultTest/install/ur10_camera_gripper_moveit_config:/home/spaceshipecsat/ur_10_CatapultTest/install/ur_simulation_gazebo:/home/spaceshipecsat/ur_10_CatapultTest/install/ros2_linkattacher:/home/spaceshipecsat/ur_10_CatapultTest/install/robotiq_controllers:/home/spaceshipecsat/ur_10_CatapultTest/install/linkattacher_msgs:/opt/ros/humble /usr/bin/cmake --install /home/spaceshipecsat/ur_10_CatapultTest/build/ur5_camera_moveit_config
[3.839s] Level 1:colcon.colcon_core.environment:checking '/home/spaceshipecsat/ur_10_CatapultTest/install/ur5_camera_moveit_config' for CMake config files
[3.839s] Level 1:colcon.colcon_core.shell:create_environment_hook('ur5_camera_moveit_config', 'cmake_prefix_path')
[3.839s] INFO:colcon.colcon_core.shell:Creating environment hook '/home/spaceshipecsat/ur_10_CatapultTest/install/ur5_camera_moveit_config/share/ur5_camera_moveit_config/hook/cmake_prefix_path.ps1'
[3.839s] INFO:colcon.colcon_core.shell:Creating environment descriptor '/home/spaceshipecsat/ur_10_CatapultTest/install/ur5_camera_moveit_config/share/ur5_camera_moveit_config/hook/cmake_prefix_path.dsv'
[3.839s] INFO:colcon.colcon_core.shell:Creating environment hook '/home/spaceshipecsat/ur_10_CatapultTest/install/ur5_camera_moveit_config/share/ur5_camera_moveit_config/hook/cmake_prefix_path.sh'
[3.840s] Level 1:colcon.colcon_core.environment:checking '/home/spaceshipecsat/ur_10_CatapultTest/install/ur5_camera_moveit_config/bin'
[3.840s] Level 1:colcon.colcon_core.environment:checking '/home/spaceshipecsat/ur_10_CatapultTest/install/ur5_camera_moveit_config/lib/pkgconfig/ur5_camera_moveit_config.pc'
[3.840s] Level 1:colcon.colcon_core.environment:checking '/home/spaceshipecsat/ur_10_CatapultTest/install/ur5_camera_moveit_config/lib/python3.10/site-packages'
[3.840s] Level 1:colcon.colcon_core.environment:checking '/home/spaceshipecsat/ur_10_CatapultTest/install/ur5_camera_moveit_config/bin'
[3.840s] INFO:colcon.colcon_core.shell:Creating package script '/home/spaceshipecsat/ur_10_CatapultTest/install/ur5_camera_moveit_config/share/ur5_camera_moveit_config/package.ps1'
[3.840s] INFO:colcon.colcon_core.shell:Creating package descriptor '/home/spaceshipecsat/ur_10_CatapultTest/install/ur5_camera_moveit_config/share/ur5_camera_moveit_config/package.dsv'
[3.840s] INFO:colcon.colcon_core.shell:Creating package script '/home/spaceshipecsat/ur_10_CatapultTest/install/ur5_camera_moveit_config/share/ur5_camera_moveit_config/package.sh'
[3.840s] INFO:colcon.colcon_core.shell:Creating package script '/home/spaceshipecsat/ur_10_CatapultTest/install/ur5_camera_moveit_config/share/ur5_camera_moveit_config/package.bash'
[3.840s] INFO:colcon.colcon_core.shell:Creating package script '/home/spaceshipecsat/ur_10_CatapultTest/install/ur5_camera_moveit_config/share/ur5_camera_moveit_config/package.zsh'
[3.841s] Level 1:colcon.colcon_core.environment:create_file_with_runtime_dependencies(/home/spaceshipecsat/ur_10_CatapultTest/install/ur5_camera_moveit_config/share/colcon-core/packages/ur5_camera_moveit_config)
[3.841s] Level 1:colcon.colcon_core.environment:create_environment_scripts_only(ur5_camera_moveit_config)
[3.841s] Level 1:colcon.colcon_core.environment:checking '/home/spaceshipecsat/ur_10_CatapultTest/install/ur5_camera_moveit_config' for CMake module files
[3.841s] Level 1:colcon.colcon_core.environment:checking '/home/spaceshipecsat/ur_10_CatapultTest/install/ur5_camera_moveit_config' for CMake config files
[3.841s] Level 1:colcon.colcon_core.shell:create_environment_hook('ur5_camera_moveit_config', 'cmake_prefix_path')
[3.841s] INFO:colcon.colcon_core.shell:Creating environment hook '/home/spaceshipecsat/ur_10_CatapultTest/install/ur5_camera_moveit_config/share/ur5_camera_moveit_config/hook/cmake_prefix_path.ps1'
[3.841s] INFO:colcon.colcon_core.shell:Creating environment descriptor '/home/spaceshipecsat/ur_10_CatapultTest/install/ur5_camera_moveit_config/share/ur5_camera_moveit_config/hook/cmake_prefix_path.dsv'
[3.841s] INFO:colcon.colcon_core.shell:Creating environment hook '/home/spaceshipecsat/ur_10_CatapultTest/install/ur5_camera_moveit_config/share/ur5_camera_moveit_config/hook/cmake_prefix_path.sh'
[3.842s] Level 1:colcon.colcon_core.environment:checking '/home/spaceshipecsat/ur_10_CatapultTest/install/ur5_camera_moveit_config/bin'
[3.842s] Level 1:colcon.colcon_core.environment:checking '/home/spaceshipecsat/ur_10_CatapultTest/install/ur5_camera_moveit_config/lib/pkgconfig/ur5_camera_moveit_config.pc'
[3.842s] Level 1:colcon.colcon_core.environment:checking '/home/spaceshipecsat/ur_10_CatapultTest/install/ur5_camera_moveit_config/lib/python3.10/site-packages'
[3.842s] Level 1:colcon.colcon_core.environment:checking '/home/spaceshipecsat/ur_10_CatapultTest/install/ur5_camera_moveit_config/bin'
[3.842s] INFO:colcon.colcon_core.shell:Creating package script '/home/spaceshipecsat/ur_10_CatapultTest/install/ur5_camera_moveit_config/share/ur5_camera_moveit_config/package.ps1'
[3.842s] INFO:colcon.colcon_core.shell:Creating package descriptor '/home/spaceshipecsat/ur_10_CatapultTest/install/ur5_camera_moveit_config/share/ur5_camera_moveit_config/package.dsv'
[3.842s] INFO:colcon.colcon_core.shell:Creating package script '/home/spaceshipecsat/ur_10_CatapultTest/install/ur5_camera_moveit_config/share/ur5_camera_moveit_config/package.sh'
[3.842s] INFO:colcon.colcon_core.shell:Creating package script '/home/spaceshipecsat/ur_10_CatapultTest/install/ur5_camera_moveit_config/share/ur5_camera_moveit_config/package.bash'
[3.843s] INFO:colcon.colcon_core.shell:Creating package script '/home/spaceshipecsat/ur_10_CatapultTest/install/ur5_camera_moveit_config/share/ur5_camera_moveit_config/package.zsh'
[3.843s] Level 1:colcon.colcon_core.environment:create_file_with_runtime_dependencies(/home/spaceshipecsat/ur_10_CatapultTest/install/ur5_camera_moveit_config/share/colcon-core/packages/ur5_camera_moveit_config)
[3.843s] Level 1:colcon.colcon_core.environment:create_environment_scripts_only(ur10_camera_moveit_config)
[3.843s] Level 1:colcon.colcon_core.environment:checking '/home/spaceshipecsat/ur_10_CatapultTest/install/ur10_camera_moveit_config' for CMake module files
[3.843s] DEBUG:colcon.colcon_core.event_handler.log_command:Invoked command in '/home/spaceshipecsat/ur_10_CatapultTest/build/ur10_camera_moveit_config' returned '0': CMAKE_PREFIX_PATH=/home/spaceshipecsat/ur_10_CatapultTest/install/ur_yt_sim:/home/spaceshipecsat/ur_10_CatapultTest/install/ur_description:/home/spaceshipecsat/ur_10_CatapultTest/install/robotiq_description:/home/spaceshipecsat/ur_10_CatapultTest/install/ur5_camera_moveit_config:/home/spaceshipecsat/ur_10_CatapultTest/install/ur5_camera_gripper_moveit_config:/home/spaceshipecsat/ur_10_CatapultTest/install/ur10_camera_moveit_config:/home/spaceshipecsat/ur_10_CatapultTest/install/ur10_camera_gripper_moveit_config:/home/spaceshipecsat/ur_10_CatapultTest/install/ur_simulation_gazebo:/home/spaceshipecsat/ur_10_CatapultTest/install/ros2_linkattacher:/home/spaceshipecsat/ur_10_CatapultTest/install/robotiq_controllers:/home/spaceshipecsat/ur_10_CatapultTest/install/linkattacher_msgs:/opt/ros/humble /usr/bin/cmake --install /home/spaceshipecsat/ur_10_CatapultTest/build/ur10_camera_moveit_config
[3.843s] Level 1:colcon.colcon_core.environment:checking '/home/spaceshipecsat/ur_10_CatapultTest/install/ur10_camera_moveit_config' for CMake config files
[3.843s] Level 1:colcon.colcon_core.shell:create_environment_hook('ur10_camera_moveit_config', 'cmake_prefix_path')
[3.844s] INFO:colcon.colcon_core.shell:Creating environment hook '/home/spaceshipecsat/ur_10_CatapultTest/install/ur10_camera_moveit_config/share/ur10_camera_moveit_config/hook/cmake_prefix_path.ps1'
[3.844s] INFO:colcon.colcon_core.shell:Creating environment descriptor '/home/spaceshipecsat/ur_10_CatapultTest/install/ur10_camera_moveit_config/share/ur10_camera_moveit_config/hook/cmake_prefix_path.dsv'
[3.844s] INFO:colcon.colcon_core.shell:Creating environment hook '/home/spaceshipecsat/ur_10_CatapultTest/install/ur10_camera_moveit_config/share/ur10_camera_moveit_config/hook/cmake_prefix_path.sh'
[3.844s] Level 1:colcon.colcon_core.environment:checking '/home/spaceshipecsat/ur_10_CatapultTest/install/ur10_camera_moveit_config/bin'
[3.844s] Level 1:colcon.colcon_core.environment:checking '/home/spaceshipecsat/ur_10_CatapultTest/install/ur10_camera_moveit_config/lib/pkgconfig/ur10_camera_moveit_config.pc'
[3.844s] Level 1:colcon.colcon_core.environment:checking '/home/spaceshipecsat/ur_10_CatapultTest/install/ur10_camera_moveit_config/lib/python3.10/site-packages'
[3.844s] Level 1:colcon.colcon_core.environment:checking '/home/spaceshipecsat/ur_10_CatapultTest/install/ur10_camera_moveit_config/bin'
[3.844s] INFO:colcon.colcon_core.shell:Creating package script '/home/spaceshipecsat/ur_10_CatapultTest/install/ur10_camera_moveit_config/share/ur10_camera_moveit_config/package.ps1'
[3.845s] INFO:colcon.colcon_core.shell:Creating package descriptor '/home/spaceshipecsat/ur_10_CatapultTest/install/ur10_camera_moveit_config/share/ur10_camera_moveit_config/package.dsv'
[3.845s] INFO:colcon.colcon_core.shell:Creating package script '/home/spaceshipecsat/ur_10_CatapultTest/install/ur10_camera_moveit_config/share/ur10_camera_moveit_config/package.sh'
[3.845s] INFO:colcon.colcon_core.shell:Creating package script '/home/spaceshipecsat/ur_10_CatapultTest/install/ur10_camera_moveit_config/share/ur10_camera_moveit_config/package.bash'
[3.845s] INFO:colcon.colcon_core.shell:Creating package script '/home/spaceshipecsat/ur_10_CatapultTest/install/ur10_camera_moveit_config/share/ur10_camera_moveit_config/package.zsh'
[3.845s] Level 1:colcon.colcon_core.environment:create_file_with_runtime_dependencies(/home/spaceshipecsat/ur_10_CatapultTest/install/ur10_camera_moveit_config/share/colcon-core/packages/ur10_camera_moveit_config)
[3.845s] Level 1:colcon.colcon_core.environment:create_environment_scripts_only(ur10_camera_moveit_config)
[3.845s] Level 1:colcon.colcon_core.environment:checking '/home/spaceshipecsat/ur_10_CatapultTest/install/ur10_camera_moveit_config' for CMake module files
[3.846s] Level 1:colcon.colcon_core.environment:checking '/home/spaceshipecsat/ur_10_CatapultTest/install/ur10_camera_moveit_config' for CMake config files
[3.846s] Level 1:colcon.colcon_core.shell:create_environment_hook('ur10_camera_moveit_config', 'cmake_prefix_path')
[3.846s] INFO:colcon.colcon_core.shell:Creating environment hook '/home/spaceshipecsat/ur_10_CatapultTest/install/ur10_camera_moveit_config/share/ur10_camera_moveit_config/hook/cmake_prefix_path.ps1'
[3.846s] INFO:colcon.colcon_core.shell:Creating environment descriptor '/home/spaceshipecsat/ur_10_CatapultTest/install/ur10_camera_moveit_config/share/ur10_camera_moveit_config/hook/cmake_prefix_path.dsv'
[3.846s] INFO:colcon.colcon_core.shell:Creating environment hook '/home/spaceshipecsat/ur_10_CatapultTest/install/ur10_camera_moveit_config/share/ur10_camera_moveit_config/hook/cmake_prefix_path.sh'
[3.846s] Level 1:colcon.colcon_core.environment:checking '/home/spaceshipecsat/ur_10_CatapultTest/install/ur10_camera_moveit_config/bin'
[3.846s] Level 1:colcon.colcon_core.environment:checking '/home/spaceshipecsat/ur_10_CatapultTest/install/ur10_camera_moveit_config/lib/pkgconfig/ur10_camera_moveit_config.pc'
[3.847s] Level 1:colcon.colcon_core.environment:checking '/home/spaceshipecsat/ur_10_CatapultTest/install/ur10_camera_moveit_config/lib/python3.10/site-packages'
[3.847s] Level 1:colcon.colcon_core.environment:checking '/home/spaceshipecsat/ur_10_CatapultTest/install/ur10_camera_moveit_config/bin'
[3.847s] INFO:colcon.colcon_core.shell:Creating package script '/home/spaceshipecsat/ur_10_CatapultTest/install/ur10_camera_moveit_config/share/ur10_camera_moveit_config/package.ps1'
[3.847s] INFO:colcon.colcon_core.shell:Creating package descriptor '/home/spaceshipecsat/ur_10_CatapultTest/install/ur10_camera_moveit_config/share/ur10_camera_moveit_config/package.dsv'
[3.847s] INFO:colcon.colcon_core.shell:Creating package script '/home/spaceshipecsat/ur_10_CatapultTest/install/ur10_camera_moveit_config/share/ur10_camera_moveit_config/package.sh'
[3.847s] INFO:colcon.colcon_core.shell:Creating package script '/home/spaceshipecsat/ur_10_CatapultTest/install/ur10_camera_moveit_config/share/ur10_camera_moveit_config/package.bash'
[3.847s] INFO:colcon.colcon_core.shell:Creating package script '/home/spaceshipecsat/ur_10_CatapultTest/install/ur10_camera_moveit_config/share/ur10_camera_moveit_config/package.zsh'
[3.848s] Level 1:colcon.colcon_core.environment:create_file_with_runtime_dependencies(/home/spaceshipecsat/ur_10_CatapultTest/install/ur10_camera_moveit_config/share/colcon-core/packages/ur10_camera_moveit_config)
[3.848s] Level 1:colcon.colcon_core.environment:create_environment_scripts_only(ur10_camera_gripper_moveit_config)
[3.848s] Level 1:colcon.colcon_core.environment:checking '/home/spaceshipecsat/ur_10_CatapultTest/install/ur10_camera_gripper_moveit_config' for CMake module files
[3.848s] DEBUG:colcon.colcon_core.event_handler.log_command:Invoked command in '/home/spaceshipecsat/ur_10_CatapultTest/build/ur10_camera_gripper_moveit_config' returned '0': CMAKE_PREFIX_PATH=/home/spaceshipecsat/ur_10_CatapultTest/install/ur_yt_sim:/home/spaceshipecsat/ur_10_CatapultTest/install/ur_description:/home/spaceshipecsat/ur_10_CatapultTest/install/robotiq_description:/home/spaceshipecsat/ur_10_CatapultTest/install/ur5_camera_moveit_config:/home/spaceshipecsat/ur_10_CatapultTest/install/ur5_camera_gripper_moveit_config:/home/spaceshipecsat/ur_10_CatapultTest/install/ur10_camera_moveit_config:/home/spaceshipecsat/ur_10_CatapultTest/install/ur10_camera_gripper_moveit_config:/home/spaceshipecsat/ur_10_CatapultTest/install/ur_simulation_gazebo:/home/spaceshipecsat/ur_10_CatapultTest/install/ros2_linkattacher:/home/spaceshipecsat/ur_10_CatapultTest/install/robotiq_controllers:/home/spaceshipecsat/ur_10_CatapultTest/install/linkattacher_msgs:/opt/ros/humble /usr/bin/cmake --install /home/spaceshipecsat/ur_10_CatapultTest/build/ur10_camera_gripper_moveit_config
[3.848s] Level 1:colcon.colcon_core.environment:checking '/home/spaceshipecsat/ur_10_CatapultTest/install/ur10_camera_gripper_moveit_config' for CMake config files
[3.848s] Level 1:colcon.colcon_core.shell:create_environment_hook('ur10_camera_gripper_moveit_config', 'cmake_prefix_path')
[3.848s] INFO:colcon.colcon_core.shell:Creating environment hook '/home/spaceshipecsat/ur_10_CatapultTest/install/ur10_camera_gripper_moveit_config/share/ur10_camera_gripper_moveit_config/hook/cmake_prefix_path.ps1'
[3.849s] INFO:colcon.colcon_core.shell:Creating environment descriptor '/home/spaceshipecsat/ur_10_CatapultTest/install/ur10_camera_gripper_moveit_config/share/ur10_camera_gripper_moveit_config/hook/cmake_prefix_path.dsv'
[3.849s] INFO:colcon.colcon_core.shell:Creating environment hook '/home/spaceshipecsat/ur_10_CatapultTest/install/ur10_camera_gripper_moveit_config/share/ur10_camera_gripper_moveit_config/hook/cmake_prefix_path.sh'
[3.849s] Level 1:colcon.colcon_core.environment:checking '/home/spaceshipecsat/ur_10_CatapultTest/install/ur10_camera_gripper_moveit_config/bin'
[3.849s] Level 1:colcon.colcon_core.environment:checking '/home/spaceshipecsat/ur_10_CatapultTest/install/ur10_camera_gripper_moveit_config/lib/pkgconfig/ur10_camera_gripper_moveit_config.pc'
[3.849s] Level 1:colcon.colcon_core.environment:checking '/home/spaceshipecsat/ur_10_CatapultTest/install/ur10_camera_gripper_moveit_config/lib/python3.10/site-packages'
[3.849s] Level 1:colcon.colcon_core.environment:checking '/home/spaceshipecsat/ur_10_CatapultTest/install/ur10_camera_gripper_moveit_config/bin'
[3.849s] INFO:colcon.colcon_core.shell:Creating package script '/home/spaceshipecsat/ur_10_CatapultTest/install/ur10_camera_gripper_moveit_config/share/ur10_camera_gripper_moveit_config/package.ps1'
[3.849s] INFO:colcon.colcon_core.shell:Creating package descriptor '/home/spaceshipecsat/ur_10_CatapultTest/install/ur10_camera_gripper_moveit_config/share/ur10_camera_gripper_moveit_config/package.dsv'
[3.850s] INFO:colcon.colcon_core.shell:Creating package script '/home/spaceshipecsat/ur_10_CatapultTest/install/ur10_camera_gripper_moveit_config/share/ur10_camera_gripper_moveit_config/package.sh'
[3.850s] INFO:colcon.colcon_core.shell:Creating package script '/home/spaceshipecsat/ur_10_CatapultTest/install/ur10_camera_gripper_moveit_config/share/ur10_camera_gripper_moveit_config/package.bash'
[3.850s] INFO:colcon.colcon_core.shell:Creating package script '/home/spaceshipecsat/ur_10_CatapultTest/install/ur10_camera_gripper_moveit_config/share/ur10_camera_gripper_moveit_config/package.zsh'
[3.850s] Level 1:colcon.colcon_core.environment:create_file_with_runtime_dependencies(/home/spaceshipecsat/ur_10_CatapultTest/install/ur10_camera_gripper_moveit_config/share/colcon-core/packages/ur10_camera_gripper_moveit_config)
[3.850s] Level 1:colcon.colcon_core.environment:create_environment_scripts_only(ur10_camera_gripper_moveit_config)
[3.850s] Level 1:colcon.colcon_core.environment:checking '/home/spaceshipecsat/ur_10_CatapultTest/install/ur10_camera_gripper_moveit_config' for CMake module files
[3.850s] Level 1:colcon.colcon_core.environment:checking '/home/spaceshipecsat/ur_10_CatapultTest/install/ur10_camera_gripper_moveit_config' for CMake config files
[3.850s] Level 1:colcon.colcon_core.shell:create_environment_hook('ur10_camera_gripper_moveit_config', 'cmake_prefix_path')
[3.850s] INFO:colcon.colcon_core.shell:Creating environment hook '/home/spaceshipecsat/ur_10_CatapultTest/install/ur10_camera_gripper_moveit_config/share/ur10_camera_gripper_moveit_config/hook/cmake_prefix_path.ps1'
[3.851s] INFO:colcon.colcon_core.shell:Creating environment descriptor '/home/spaceshipecsat/ur_10_CatapultTest/install/ur10_camera_gripper_moveit_config/share/ur10_camera_gripper_moveit_config/hook/cmake_prefix_path.dsv'
[3.851s] INFO:colcon.colcon_core.shell:Creating environment hook '/home/spaceshipecsat/ur_10_CatapultTest/install/ur10_camera_gripper_moveit_config/share/ur10_camera_gripper_moveit_config/hook/cmake_prefix_path.sh'
[3.851s] Level 1:colcon.colcon_core.environment:checking '/home/spaceshipecsat/ur_10_CatapultTest/install/ur10_camera_gripper_moveit_config/bin'
[3.851s] Level 1:colcon.colcon_core.environment:checking '/home/spaceshipecsat/ur_10_CatapultTest/install/ur10_camera_gripper_moveit_config/lib/pkgconfig/ur10_camera_gripper_moveit_config.pc'
[3.851s] Level 1:colcon.colcon_core.environment:checking '/home/spaceshipecsat/ur_10_CatapultTest/install/ur10_camera_gripper_moveit_config/lib/python3.10/site-packages'
[3.851s] Level 1:colcon.colcon_core.environment:checking '/home/spaceshipecsat/ur_10_CatapultTest/install/ur10_camera_gripper_moveit_config/bin'
[3.851s] INFO:colcon.colcon_core.shell:Creating package script '/home/spaceshipecsat/ur_10_CatapultTest/install/ur10_camera_gripper_moveit_config/share/ur10_camera_gripper_moveit_config/package.ps1'
[3.851s] INFO:colcon.colcon_core.shell:Creating package descriptor '/home/spaceshipecsat/ur_10_CatapultTest/install/ur10_camera_gripper_moveit_config/share/ur10_camera_gripper_moveit_config/package.dsv'
[3.852s] INFO:colcon.colcon_core.shell:Creating package script '/home/spaceshipecsat/ur_10_CatapultTest/install/ur10_camera_gripper_moveit_config/share/ur10_camera_gripper_moveit_config/package.sh'
[3.852s] INFO:colcon.colcon_core.shell:Creating package script '/home/spaceshipecsat/ur_10_CatapultTest/install/ur10_camera_gripper_moveit_config/share/ur10_camera_gripper_moveit_config/package.bash'
[3.852s] INFO:colcon.colcon_core.shell:Creating package script '/home/spaceshipecsat/ur_10_CatapultTest/install/ur10_camera_gripper_moveit_config/share/ur10_camera_gripper_moveit_config/package.zsh'
[3.852s] Level 1:colcon.colcon_core.environment:create_file_with_runtime_dependencies(/home/spaceshipecsat/ur_10_CatapultTest/install/ur10_camera_gripper_moveit_config/share/colcon-core/packages/ur10_camera_gripper_moveit_config)
[3.852s] DEBUG:colcon.colcon_parallel_executor.executor.parallel:closing loop
[3.852s] DEBUG:colcon.colcon_parallel_executor.executor.parallel:loop closed
[3.852s] DEBUG:colcon.colcon_parallel_executor.executor.parallel:run_until_complete finished with '0'
[3.852s] DEBUG:colcon.colcon_core.event_reactor:joining thread
[3.855s] INFO:colcon.colcon_core.plugin_system:Skipping extension 'colcon_notification.desktop_notification.terminal_notifier': Not used on non-Darwin systems
[3.855s] INFO:colcon.colcon_core.plugin_system:Skipping extension 'colcon_notification.desktop_notification.win32': Not used on non-Windows systems
[3.855s] INFO:colcon.colcon_notification.desktop_notification:Sending desktop notification using 'notify2'
[3.861s] DEBUG:colcon.colcon_core.event_reactor:joined thread
[3.861s] INFO:colcon.colcon_core.shell:Creating prefix script '/home/spaceshipecsat/ur_10_CatapultTest/install/local_setup.ps1'
[3.862s] INFO:colcon.colcon_core.shell:Creating prefix util module '/home/spaceshipecsat/ur_10_CatapultTest/install/_local_setup_util_ps1.py'
[3.862s] INFO:colcon.colcon_core.shell:Creating prefix chain script '/home/spaceshipecsat/ur_10_CatapultTest/install/setup.ps1'
[3.863s] INFO:colcon.colcon_core.shell:Creating prefix script '/home/spaceshipecsat/ur_10_CatapultTest/install/local_setup.sh'
[3.863s] INFO:colcon.colcon_core.shell:Creating prefix util module '/home/spaceshipecsat/ur_10_CatapultTest/install/_local_setup_util_sh.py'
[3.863s] INFO:colcon.colcon_core.shell:Creating prefix chain script '/home/spaceshipecsat/ur_10_CatapultTest/install/setup.sh'
[3.864s] INFO:colcon.colcon_core.shell:Creating prefix script '/home/spaceshipecsat/ur_10_CatapultTest/install/local_setup.bash'
[3.864s] INFO:colcon.colcon_core.shell:Creating prefix chain script '/home/spaceshipecsat/ur_10_CatapultTest/install/setup.bash'
[3.864s] INFO:colcon.colcon_core.shell:Creating prefix script '/home/spaceshipecsat/ur_10_CatapultTest/install/local_setup.zsh'
[3.864s] INFO:colcon.colcon_core.shell:Creating prefix chain script '/home/spaceshipecsat/ur_10_CatapultTest/install/setup.zsh'
