[0.047s] DEBUG:colcon:Command line arguments: ['/usr/bin/colcon', 'build', '--symlink-install']
[0.047s] DEBUG:colcon:Parsed command line arguments: Namespace(log_base=None, log_level=None, verb_name='build', build_base='build', install_base='install', merge_install=False, symlink_install=True, test_result_base=None, continue_on_error=False, executor='parallel', parallel_workers=32, event_handlers=None, ignore_user_meta=False, metas=['./colcon.meta'], base_paths=['.'], packages_ignore=None, packages_ignore_regex=None, paths=None, packages_up_to=None, packages_up_to_regex=None, packages_above=None, packages_above_and_dependencies=None, packages_above_depth=None, packages_select_by_dep=None, packages_skip_by_dep=None, packages_skip_up_to=None, packages_select_build_failed=False, packages_skip_build_finished=False, packages_select_test_failures=False, packages_skip_test_passed=False, packages_select=None, packages_skip=None, packages_select_regex=None, packages_skip_regex=None, packages_start=None, packages_end=None, allow_overriding=[], cmake_args=None, cmake_target=None, cmake_target_skip_unavailable=False, cmake_clean_cache=False, cmake_clean_first=False, cmake_force_configure=False, ament_cmake_args=None, catkin_cmake_args=None, catkin_skip_building_tests=False, verb_parser=<colcon_defaults.argument_parser.defaults.DefaultArgumentsDecorator object at 0x7aa099768850>, verb_extension=<colcon_core.verb.build.BuildVerb object at 0x7aa09973ba90>, main=<bound method BuildVerb.main of <colcon_core.verb.build.BuildVerb object at 0x7aa09973ba90>>)
[0.118s] Level 1:colcon.colcon_core.package_discovery:discover_packages(colcon_meta) check parameters
[0.118s] Level 1:colcon.colcon_core.package_discovery:discover_packages(recursive) check parameters
[0.118s] Level 1:colcon.colcon_core.package_discovery:discover_packages(ignore) check parameters
[0.118s] Level 1:colcon.colcon_core.package_discovery:discover_packages(path) check parameters
[0.118s] Level 1:colcon.colcon_core.package_discovery:discover_packages(colcon_meta) discover
[0.118s] Level 1:colcon.colcon_core.package_discovery:discover_packages(recursive) discover
[0.118s] INFO:colcon.colcon_core.package_discovery:Crawling recursively for packages in '/home/spaceshipecsat/ur_10_CatapultTest'
[0.118s] Level 1:colcon.colcon_core.package_identification:_identify(.) by extensions ['ignore', 'ignore_ament_install']
[0.118s] Level 1:colcon.colcon_core.package_identification:_identify(.) by extension 'ignore'
[0.118s] Level 1:colcon.colcon_core.package_identification:_identify(.) by extension 'ignore_ament_install'
[0.118s] Level 1:colcon.colcon_core.package_identification:_identify(.) by extensions ['colcon_pkg']
[0.118s] Level 1:colcon.colcon_core.package_identification:_identify(.) by extension 'colcon_pkg'
[0.118s] Level 1:colcon.colcon_core.package_identification:_identify(.) by extensions ['colcon_meta']
[0.118s] Level 1:colcon.colcon_core.package_identification:_identify(.) by extension 'colcon_meta'
[0.118s] Level 1:colcon.colcon_core.package_identification:_identify(.) by extensions ['ros']
[0.118s] Level 1:colcon.colcon_core.package_identification:_identify(.) by extension 'ros'
[0.123s] Level 1:colcon.colcon_core.package_identification:_identify(.) by extensions ['cmake', 'python']
[0.123s] Level 1:colcon.colcon_core.package_identification:_identify(.) by extension 'cmake'
[0.123s] Level 1:colcon.colcon_core.package_identification:_identify(.) by extension 'python'
[0.123s] Level 1:colcon.colcon_core.package_identification:_identify(.) by extensions ['python_setup_py']
[0.123s] Level 1:colcon.colcon_core.package_identification:_identify(.) by extension 'python_setup_py'
[0.123s] Level 1:colcon.colcon_core.package_identification:_identify(build) by extensions ['ignore', 'ignore_ament_install']
[0.123s] Level 1:colcon.colcon_core.package_identification:_identify(build) by extension 'ignore'
[0.123s] Level 1:colcon.colcon_core.package_identification:_identify(build) ignored
[0.123s] Level 1:colcon.colcon_core.package_identification:_identify(install) by extensions ['ignore', 'ignore_ament_install']
[0.124s] Level 1:colcon.colcon_core.package_identification:_identify(install) by extension 'ignore'
[0.124s] Level 1:colcon.colcon_core.package_identification:_identify(install) ignored
[0.124s] Level 1:colcon.colcon_core.package_identification:_identify(log) by extensions ['ignore', 'ignore_ament_install']
[0.124s] Level 1:colcon.colcon_core.package_identification:_identify(log) by extension 'ignore'
[0.124s] Level 1:colcon.colcon_core.package_identification:_identify(log) ignored
[0.124s] Level 1:colcon.colcon_core.package_identification:_identify(src) by extensions ['ignore', 'ignore_ament_install']
[0.124s] Level 1:colcon.colcon_core.package_identification:_identify(src) by extension 'ignore'
[0.124s] Level 1:colcon.colcon_core.package_identification:_identify(src) by extension 'ignore_ament_install'
[0.124s] Level 1:colcon.colcon_core.package_identification:_identify(src) by extensions ['colcon_pkg']
[0.124s] Level 1:colcon.colcon_core.package_identification:_identify(src) by extension 'colcon_pkg'
[0.124s] Level 1:colcon.colcon_core.package_identification:_identify(src) by extensions ['colcon_meta']
[0.124s] Level 1:colcon.colcon_core.package_identification:_identify(src) by extension 'colcon_meta'
[0.124s] Level 1:colcon.colcon_core.package_identification:_identify(src) by extensions ['ros']
[0.124s] Level 1:colcon.colcon_core.package_identification:_identify(src) by extension 'ros'
[0.124s] Level 1:colcon.colcon_core.package_identification:_identify(src) by extensions ['cmake', 'python']
[0.124s] Level 1:colcon.colcon_core.package_identification:_identify(src) by extension 'cmake'
[0.124s] Level 1:colcon.colcon_core.package_identification:_identify(src) by extension 'python'
[0.124s] Level 1:colcon.colcon_core.package_identification:_identify(src) by extensions ['python_setup_py']
[0.124s] Level 1:colcon.colcon_core.package_identification:_identify(src) by extension 'python_setup_py'
[0.124s] Level 1:colcon.colcon_core.package_identification:_identify(src/IFRA_LinkAttacher) by extensions ['ignore', 'ignore_ament_install']
[0.124s] Level 1:colcon.colcon_core.package_identification:_identify(src/IFRA_LinkAttacher) by extension 'ignore'
[0.124s] Level 1:colcon.colcon_core.package_identification:_identify(src/IFRA_LinkAttacher) by extension 'ignore_ament_install'
[0.124s] Level 1:colcon.colcon_core.package_identification:_identify(src/IFRA_LinkAttacher) by extensions ['colcon_pkg']
[0.124s] Level 1:colcon.colcon_core.package_identification:_identify(src/IFRA_LinkAttacher) by extension 'colcon_pkg'
[0.124s] Level 1:colcon.colcon_core.package_identification:_identify(src/IFRA_LinkAttacher) by extensions ['colcon_meta']
[0.124s] Level 1:colcon.colcon_core.package_identification:_identify(src/IFRA_LinkAttacher) by extension 'colcon_meta'
[0.124s] Level 1:colcon.colcon_core.package_identification:_identify(src/IFRA_LinkAttacher) by extensions ['ros']
[0.124s] Level 1:colcon.colcon_core.package_identification:_identify(src/IFRA_LinkAttacher) by extension 'ros'
[0.124s] Level 1:colcon.colcon_core.package_identification:_identify(src/IFRA_LinkAttacher) by extensions ['cmake', 'python']
[0.124s] Level 1:colcon.colcon_core.package_identification:_identify(src/IFRA_LinkAttacher) by extension 'cmake'
[0.124s] Level 1:colcon.colcon_core.package_identification:_identify(src/IFRA_LinkAttacher) by extension 'python'
[0.124s] Level 1:colcon.colcon_core.package_identification:_identify(src/IFRA_LinkAttacher) by extensions ['python_setup_py']
[0.124s] Level 1:colcon.colcon_core.package_identification:_identify(src/IFRA_LinkAttacher) by extension 'python_setup_py'
[0.124s] Level 1:colcon.colcon_core.package_identification:_identify(src/IFRA_LinkAttacher/linkattacher_msgs) by extensions ['ignore', 'ignore_ament_install']
[0.124s] Level 1:colcon.colcon_core.package_identification:_identify(src/IFRA_LinkAttacher/linkattacher_msgs) by extension 'ignore'
[0.124s] Level 1:colcon.colcon_core.package_identification:_identify(src/IFRA_LinkAttacher/linkattacher_msgs) by extension 'ignore_ament_install'
[0.124s] Level 1:colcon.colcon_core.package_identification:_identify(src/IFRA_LinkAttacher/linkattacher_msgs) by extensions ['colcon_pkg']
[0.124s] Level 1:colcon.colcon_core.package_identification:_identify(src/IFRA_LinkAttacher/linkattacher_msgs) by extension 'colcon_pkg'
[0.124s] Level 1:colcon.colcon_core.package_identification:_identify(src/IFRA_LinkAttacher/linkattacher_msgs) by extensions ['colcon_meta']
[0.124s] Level 1:colcon.colcon_core.package_identification:_identify(src/IFRA_LinkAttacher/linkattacher_msgs) by extension 'colcon_meta'
[0.124s] Level 1:colcon.colcon_core.package_identification:_identify(src/IFRA_LinkAttacher/linkattacher_msgs) by extensions ['ros']
[0.124s] Level 1:colcon.colcon_core.package_identification:_identify(src/IFRA_LinkAttacher/linkattacher_msgs) by extension 'ros'
[0.125s] DEBUG:colcon.colcon_core.package_identification:Package 'src/IFRA_LinkAttacher/linkattacher_msgs' with type 'ros.ament_cmake' and name 'linkattacher_msgs'
[0.125s] Level 1:colcon.colcon_core.package_identification:_identify(src/IFRA_LinkAttacher/ros2_LinkAttacher) by extensions ['ignore', 'ignore_ament_install']
[0.125s] Level 1:colcon.colcon_core.package_identification:_identify(src/IFRA_LinkAttacher/ros2_LinkAttacher) by extension 'ignore'
[0.126s] Level 1:colcon.colcon_core.package_identification:_identify(src/IFRA_LinkAttacher/ros2_LinkAttacher) by extension 'ignore_ament_install'
[0.126s] Level 1:colcon.colcon_core.package_identification:_identify(src/IFRA_LinkAttacher/ros2_LinkAttacher) by extensions ['colcon_pkg']
[0.126s] Level 1:colcon.colcon_core.package_identification:_identify(src/IFRA_LinkAttacher/ros2_LinkAttacher) by extension 'colcon_pkg'
[0.126s] Level 1:colcon.colcon_core.package_identification:_identify(src/IFRA_LinkAttacher/ros2_LinkAttacher) by extensions ['colcon_meta']
[0.126s] Level 1:colcon.colcon_core.package_identification:_identify(src/IFRA_LinkAttacher/ros2_LinkAttacher) by extension 'colcon_meta'
[0.126s] Level 1:colcon.colcon_core.package_identification:_identify(src/IFRA_LinkAttacher/ros2_LinkAttacher) by extensions ['ros']
[0.126s] Level 1:colcon.colcon_core.package_identification:_identify(src/IFRA_LinkAttacher/ros2_LinkAttacher) by extension 'ros'
[0.126s] DEBUG:colcon.colcon_core.package_identification:Package 'src/IFRA_LinkAttacher/ros2_LinkAttacher' with type 'ros.ament_cmake' and name 'ros2_linkattacher'
[0.126s] Level 1:colcon.colcon_core.package_identification:_identify(src/Universal_Robots_ROS2_Description) by extensions ['ignore', 'ignore_ament_install']
[0.126s] Level 1:colcon.colcon_core.package_identification:_identify(src/Universal_Robots_ROS2_Description) by extension 'ignore'
[0.126s] Level 1:colcon.colcon_core.package_identification:_identify(src/Universal_Robots_ROS2_Description) by extension 'ignore_ament_install'
[0.126s] Level 1:colcon.colcon_core.package_identification:_identify(src/Universal_Robots_ROS2_Description) by extensions ['colcon_pkg']
[0.126s] Level 1:colcon.colcon_core.package_identification:_identify(src/Universal_Robots_ROS2_Description) by extension 'colcon_pkg'
[0.126s] Level 1:colcon.colcon_core.package_identification:_identify(src/Universal_Robots_ROS2_Description) by extensions ['colcon_meta']
[0.126s] Level 1:colcon.colcon_core.package_identification:_identify(src/Universal_Robots_ROS2_Description) by extension 'colcon_meta'
[0.126s] Level 1:colcon.colcon_core.package_identification:_identify(src/Universal_Robots_ROS2_Description) by extensions ['ros']
[0.126s] Level 1:colcon.colcon_core.package_identification:_identify(src/Universal_Robots_ROS2_Description) by extension 'ros'
[0.127s] DEBUG:colcon.colcon_core.package_identification:Package 'src/Universal_Robots_ROS2_Description' with type 'ros.ament_cmake' and name 'ur_description'
[0.127s] Level 1:colcon.colcon_core.package_identification:_identify(src/Universal_Robots_ROS2_Gazebo_Simulation) by extensions ['ignore', 'ignore_ament_install']
[0.127s] Level 1:colcon.colcon_core.package_identification:_identify(src/Universal_Robots_ROS2_Gazebo_Simulation) by extension 'ignore'
[0.127s] Level 1:colcon.colcon_core.package_identification:_identify(src/Universal_Robots_ROS2_Gazebo_Simulation) by extension 'ignore_ament_install'
[0.127s] Level 1:colcon.colcon_core.package_identification:_identify(src/Universal_Robots_ROS2_Gazebo_Simulation) by extensions ['colcon_pkg']
[0.127s] Level 1:colcon.colcon_core.package_identification:_identify(src/Universal_Robots_ROS2_Gazebo_Simulation) by extension 'colcon_pkg'
[0.127s] Level 1:colcon.colcon_core.package_identification:_identify(src/Universal_Robots_ROS2_Gazebo_Simulation) by extensions ['colcon_meta']
[0.127s] Level 1:colcon.colcon_core.package_identification:_identify(src/Universal_Robots_ROS2_Gazebo_Simulation) by extension 'colcon_meta'
[0.127s] Level 1:colcon.colcon_core.package_identification:_identify(src/Universal_Robots_ROS2_Gazebo_Simulation) by extensions ['ros']
[0.127s] Level 1:colcon.colcon_core.package_identification:_identify(src/Universal_Robots_ROS2_Gazebo_Simulation) by extension 'ros'
[0.127s] Level 1:colcon.colcon_core.package_identification:_identify(src/Universal_Robots_ROS2_Gazebo_Simulation) by extensions ['cmake', 'python']
[0.127s] Level 1:colcon.colcon_core.package_identification:_identify(src/Universal_Robots_ROS2_Gazebo_Simulation) by extension 'cmake'
[0.127s] Level 1:colcon.colcon_core.package_identification:_identify(src/Universal_Robots_ROS2_Gazebo_Simulation) by extension 'python'
[0.127s] Level 1:colcon.colcon_core.package_identification:_identify(src/Universal_Robots_ROS2_Gazebo_Simulation) by extensions ['python_setup_py']
[0.127s] Level 1:colcon.colcon_core.package_identification:_identify(src/Universal_Robots_ROS2_Gazebo_Simulation) by extension 'python_setup_py'
[0.127s] Level 1:colcon.colcon_core.package_identification:_identify(src/Universal_Robots_ROS2_Gazebo_Simulation/ur_simulation_gazebo) by extensions ['ignore', 'ignore_ament_install']
[0.127s] Level 1:colcon.colcon_core.package_identification:_identify(src/Universal_Robots_ROS2_Gazebo_Simulation/ur_simulation_gazebo) by extension 'ignore'
[0.127s] Level 1:colcon.colcon_core.package_identification:_identify(src/Universal_Robots_ROS2_Gazebo_Simulation/ur_simulation_gazebo) by extension 'ignore_ament_install'
[0.127s] Level 1:colcon.colcon_core.package_identification:_identify(src/Universal_Robots_ROS2_Gazebo_Simulation/ur_simulation_gazebo) by extensions ['colcon_pkg']
[0.127s] Level 1:colcon.colcon_core.package_identification:_identify(src/Universal_Robots_ROS2_Gazebo_Simulation/ur_simulation_gazebo) by extension 'colcon_pkg'
[0.127s] Level 1:colcon.colcon_core.package_identification:_identify(src/Universal_Robots_ROS2_Gazebo_Simulation/ur_simulation_gazebo) by extensions ['colcon_meta']
[0.127s] Level 1:colcon.colcon_core.package_identification:_identify(src/Universal_Robots_ROS2_Gazebo_Simulation/ur_simulation_gazebo) by extension 'colcon_meta'
[0.127s] Level 1:colcon.colcon_core.package_identification:_identify(src/Universal_Robots_ROS2_Gazebo_Simulation/ur_simulation_gazebo) by extensions ['ros']
[0.127s] Level 1:colcon.colcon_core.package_identification:_identify(src/Universal_Robots_ROS2_Gazebo_Simulation/ur_simulation_gazebo) by extension 'ros'
[0.128s] DEBUG:colcon.colcon_core.package_identification:Package 'src/Universal_Robots_ROS2_Gazebo_Simulation/ur_simulation_gazebo' with type 'ros.ament_cmake' and name 'ur_simulation_gazebo'
[0.128s] Level 1:colcon.colcon_core.package_identification:_identify(src/aruco_markers) by extensions ['ignore', 'ignore_ament_install']
[0.128s] Level 1:colcon.colcon_core.package_identification:_identify(src/aruco_markers) by extension 'ignore'
[0.128s] Level 1:colcon.colcon_core.package_identification:_identify(src/aruco_markers) by extension 'ignore_ament_install'
[0.128s] Level 1:colcon.colcon_core.package_identification:_identify(src/aruco_markers) by extensions ['colcon_pkg']
[0.128s] Level 1:colcon.colcon_core.package_identification:_identify(src/aruco_markers) by extension 'colcon_pkg'
[0.128s] Level 1:colcon.colcon_core.package_identification:_identify(src/aruco_markers) by extensions ['colcon_meta']
[0.128s] Level 1:colcon.colcon_core.package_identification:_identify(src/aruco_markers) by extension 'colcon_meta'
[0.128s] Level 1:colcon.colcon_core.package_identification:_identify(src/aruco_markers) by extensions ['ros']
[0.128s] Level 1:colcon.colcon_core.package_identification:_identify(src/aruco_markers) by extension 'ros'
[0.128s] Level 1:colcon.colcon_core.package_identification:_identify(src/aruco_markers) by extensions ['cmake', 'python']
[0.128s] Level 1:colcon.colcon_core.package_identification:_identify(src/aruco_markers) by extension 'cmake'
[0.128s] Level 1:colcon.colcon_core.package_identification:_identify(src/aruco_markers) by extension 'python'
[0.128s] Level 1:colcon.colcon_core.package_identification:_identify(src/aruco_markers) by extensions ['python_setup_py']
[0.128s] Level 1:colcon.colcon_core.package_identification:_identify(src/aruco_markers) by extension 'python_setup_py'
[0.128s] Level 1:colcon.colcon_core.package_identification:_identify(src/ros2_robotiq_gripper) by extensions ['ignore', 'ignore_ament_install']
[0.128s] Level 1:colcon.colcon_core.package_identification:_identify(src/ros2_robotiq_gripper) by extension 'ignore'
[0.128s] Level 1:colcon.colcon_core.package_identification:_identify(src/ros2_robotiq_gripper) by extension 'ignore_ament_install'
[0.128s] Level 1:colcon.colcon_core.package_identification:_identify(src/ros2_robotiq_gripper) by extensions ['colcon_pkg']
[0.128s] Level 1:colcon.colcon_core.package_identification:_identify(src/ros2_robotiq_gripper) by extension 'colcon_pkg'
[0.128s] Level 1:colcon.colcon_core.package_identification:_identify(src/ros2_robotiq_gripper) by extensions ['colcon_meta']
[0.128s] Level 1:colcon.colcon_core.package_identification:_identify(src/ros2_robotiq_gripper) by extension 'colcon_meta'
[0.128s] Level 1:colcon.colcon_core.package_identification:_identify(src/ros2_robotiq_gripper) by extensions ['ros']
[0.128s] Level 1:colcon.colcon_core.package_identification:_identify(src/ros2_robotiq_gripper) by extension 'ros'
[0.128s] Level 1:colcon.colcon_core.package_identification:_identify(src/ros2_robotiq_gripper) by extensions ['cmake', 'python']
[0.128s] Level 1:colcon.colcon_core.package_identification:_identify(src/ros2_robotiq_gripper) by extension 'cmake'
[0.128s] Level 1:colcon.colcon_core.package_identification:_identify(src/ros2_robotiq_gripper) by extension 'python'
[0.128s] Level 1:colcon.colcon_core.package_identification:_identify(src/ros2_robotiq_gripper) by extensions ['python_setup_py']
[0.128s] Level 1:colcon.colcon_core.package_identification:_identify(src/ros2_robotiq_gripper) by extension 'python_setup_py'
[0.128s] Level 1:colcon.colcon_core.package_identification:_identify(src/ros2_robotiq_gripper/robotiq_controllers) by extensions ['ignore', 'ignore_ament_install']
[0.128s] Level 1:colcon.colcon_core.package_identification:_identify(src/ros2_robotiq_gripper/robotiq_controllers) by extension 'ignore'
[0.128s] Level 1:colcon.colcon_core.package_identification:_identify(src/ros2_robotiq_gripper/robotiq_controllers) by extension 'ignore_ament_install'
[0.128s] Level 1:colcon.colcon_core.package_identification:_identify(src/ros2_robotiq_gripper/robotiq_controllers) by extensions ['colcon_pkg']
[0.128s] Level 1:colcon.colcon_core.package_identification:_identify(src/ros2_robotiq_gripper/robotiq_controllers) by extension 'colcon_pkg'
[0.128s] Level 1:colcon.colcon_core.package_identification:_identify(src/ros2_robotiq_gripper/robotiq_controllers) by extensions ['colcon_meta']
[0.128s] Level 1:colcon.colcon_core.package_identification:_identify(src/ros2_robotiq_gripper/robotiq_controllers) by extension 'colcon_meta'
[0.128s] Level 1:colcon.colcon_core.package_identification:_identify(src/ros2_robotiq_gripper/robotiq_controllers) by extensions ['ros']
[0.128s] Level 1:colcon.colcon_core.package_identification:_identify(src/ros2_robotiq_gripper/robotiq_controllers) by extension 'ros'
[0.129s] DEBUG:colcon.colcon_core.package_identification:Package 'src/ros2_robotiq_gripper/robotiq_controllers' with type 'ros.ament_cmake' and name 'robotiq_controllers'
[0.129s] Level 1:colcon.colcon_core.package_identification:_identify(src/ros2_robotiq_gripper/robotiq_description) by extensions ['ignore', 'ignore_ament_install']
[0.129s] Level 1:colcon.colcon_core.package_identification:_identify(src/ros2_robotiq_gripper/robotiq_description) by extension 'ignore'
[0.129s] Level 1:colcon.colcon_core.package_identification:_identify(src/ros2_robotiq_gripper/robotiq_description) by extension 'ignore_ament_install'
[0.129s] Level 1:colcon.colcon_core.package_identification:_identify(src/ros2_robotiq_gripper/robotiq_description) by extensions ['colcon_pkg']
[0.129s] Level 1:colcon.colcon_core.package_identification:_identify(src/ros2_robotiq_gripper/robotiq_description) by extension 'colcon_pkg'
[0.129s] Level 1:colcon.colcon_core.package_identification:_identify(src/ros2_robotiq_gripper/robotiq_description) by extensions ['colcon_meta']
[0.129s] Level 1:colcon.colcon_core.package_identification:_identify(src/ros2_robotiq_gripper/robotiq_description) by extension 'colcon_meta'
[0.129s] Level 1:colcon.colcon_core.package_identification:_identify(src/ros2_robotiq_gripper/robotiq_description) by extensions ['ros']
[0.129s] Level 1:colcon.colcon_core.package_identification:_identify(src/ros2_robotiq_gripper/robotiq_description) by extension 'ros'
[0.129s] DEBUG:colcon.colcon_core.package_identification:Package 'src/ros2_robotiq_gripper/robotiq_description' with type 'ros.ament_cmake' and name 'robotiq_description'
[0.129s] Level 1:colcon.colcon_core.package_identification:_identify(src/ros2_robotiq_gripper/robotiq_driver) by extensions ['ignore', 'ignore_ament_install']
[0.129s] Level 1:colcon.colcon_core.package_identification:_identify(src/ros2_robotiq_gripper/robotiq_driver) by extension 'ignore'
[0.129s] Level 1:colcon.colcon_core.package_identification:_identify(src/ros2_robotiq_gripper/robotiq_driver) by extension 'ignore_ament_install'
[0.129s] Level 1:colcon.colcon_core.package_identification:_identify(src/ros2_robotiq_gripper/robotiq_driver) by extensions ['colcon_pkg']
[0.129s] Level 1:colcon.colcon_core.package_identification:_identify(src/ros2_robotiq_gripper/robotiq_driver) by extension 'colcon_pkg'
[0.129s] Level 1:colcon.colcon_core.package_identification:_identify(src/ros2_robotiq_gripper/robotiq_driver) by extensions ['colcon_meta']
[0.129s] Level 1:colcon.colcon_core.package_identification:_identify(src/ros2_robotiq_gripper/robotiq_driver) by extension 'colcon_meta'
[0.129s] Level 1:colcon.colcon_core.package_identification:_identify(src/ros2_robotiq_gripper/robotiq_driver) by extensions ['ros']
[0.129s] Level 1:colcon.colcon_core.package_identification:_identify(src/ros2_robotiq_gripper/robotiq_driver) by extension 'ros'
[0.129s] Level 1:colcon.colcon_core.package_identification:_identify(src/ros2_robotiq_gripper/robotiq_driver) by extensions ['cmake', 'python']
[0.129s] Level 1:colcon.colcon_core.package_identification:_identify(src/ros2_robotiq_gripper/robotiq_driver) by extension 'cmake'
[0.129s] Level 1:colcon.colcon_core.package_identification:_identify(src/ros2_robotiq_gripper/robotiq_driver) by extension 'python'
[0.129s] Level 1:colcon.colcon_core.package_identification:_identify(src/ros2_robotiq_gripper/robotiq_driver) by extensions ['python_setup_py']
[0.129s] Level 1:colcon.colcon_core.package_identification:_identify(src/ros2_robotiq_gripper/robotiq_driver) by extension 'python_setup_py'
[0.129s] Level 1:colcon.colcon_core.package_identification:_identify(src/ros2_robotiq_gripper/robotiq_hardware_tests) by extensions ['ignore', 'ignore_ament_install']
[0.129s] Level 1:colcon.colcon_core.package_identification:_identify(src/ros2_robotiq_gripper/robotiq_hardware_tests) by extension 'ignore'
[0.129s] Level 1:colcon.colcon_core.package_identification:_identify(src/ros2_robotiq_gripper/robotiq_hardware_tests) by extension 'ignore_ament_install'
[0.129s] Level 1:colcon.colcon_core.package_identification:_identify(src/ros2_robotiq_gripper/robotiq_hardware_tests) by extensions ['colcon_pkg']
[0.129s] Level 1:colcon.colcon_core.package_identification:_identify(src/ros2_robotiq_gripper/robotiq_hardware_tests) by extension 'colcon_pkg'
[0.129s] Level 1:colcon.colcon_core.package_identification:_identify(src/ros2_robotiq_gripper/robotiq_hardware_tests) by extensions ['colcon_meta']
[0.130s] Level 1:colcon.colcon_core.package_identification:_identify(src/ros2_robotiq_gripper/robotiq_hardware_tests) by extension 'colcon_meta'
[0.130s] Level 1:colcon.colcon_core.package_identification:_identify(src/ros2_robotiq_gripper/robotiq_hardware_tests) by extensions ['ros']
[0.130s] Level 1:colcon.colcon_core.package_identification:_identify(src/ros2_robotiq_gripper/robotiq_hardware_tests) by extension 'ros'
[0.130s] Level 1:colcon.colcon_core.package_identification:_identify(src/ros2_robotiq_gripper/robotiq_hardware_tests) by extensions ['cmake', 'python']
[0.130s] Level 1:colcon.colcon_core.package_identification:_identify(src/ros2_robotiq_gripper/robotiq_hardware_tests) by extension 'cmake'
[0.130s] Level 1:colcon.colcon_core.package_identification:_identify(src/ros2_robotiq_gripper/robotiq_hardware_tests) by extension 'python'
[0.130s] Level 1:colcon.colcon_core.package_identification:_identify(src/ros2_robotiq_gripper/robotiq_hardware_tests) by extensions ['python_setup_py']
[0.130s] Level 1:colcon.colcon_core.package_identification:_identify(src/ros2_robotiq_gripper/robotiq_hardware_tests) by extension 'python_setup_py'
[0.130s] Level 1:colcon.colcon_core.package_identification:_identify(src/ur10_camera_gripper_moveit_config) by extensions ['ignore', 'ignore_ament_install']
[0.130s] Level 1:colcon.colcon_core.package_identification:_identify(src/ur10_camera_gripper_moveit_config) by extension 'ignore'
[0.130s] Level 1:colcon.colcon_core.package_identification:_identify(src/ur10_camera_gripper_moveit_config) by extension 'ignore_ament_install'
[0.130s] Level 1:colcon.colcon_core.package_identification:_identify(src/ur10_camera_gripper_moveit_config) by extensions ['colcon_pkg']
[0.130s] Level 1:colcon.colcon_core.package_identification:_identify(src/ur10_camera_gripper_moveit_config) by extension 'colcon_pkg'
[0.130s] Level 1:colcon.colcon_core.package_identification:_identify(src/ur10_camera_gripper_moveit_config) by extensions ['colcon_meta']
[0.130s] Level 1:colcon.colcon_core.package_identification:_identify(src/ur10_camera_gripper_moveit_config) by extension 'colcon_meta'
[0.130s] Level 1:colcon.colcon_core.package_identification:_identify(src/ur10_camera_gripper_moveit_config) by extensions ['ros']
[0.130s] Level 1:colcon.colcon_core.package_identification:_identify(src/ur10_camera_gripper_moveit_config) by extension 'ros'
[0.134s] DEBUG:colcon.colcon_core.package_identification:Package 'src/ur10_camera_gripper_moveit_config' with type 'ros.ament_cmake' and name 'ur10_camera_gripper_moveit_config'
[0.134s] Level 1:colcon.colcon_core.package_identification:_identify(src/ur10_camera_moveit_config) by extensions ['ignore', 'ignore_ament_install']
[0.134s] Level 1:colcon.colcon_core.package_identification:_identify(src/ur10_camera_moveit_config) by extension 'ignore'
[0.134s] Level 1:colcon.colcon_core.package_identification:_identify(src/ur10_camera_moveit_config) by extension 'ignore_ament_install'
[0.134s] Level 1:colcon.colcon_core.package_identification:_identify(src/ur10_camera_moveit_config) by extensions ['colcon_pkg']
[0.134s] Level 1:colcon.colcon_core.package_identification:_identify(src/ur10_camera_moveit_config) by extension 'colcon_pkg'
[0.134s] Level 1:colcon.colcon_core.package_identification:_identify(src/ur10_camera_moveit_config) by extensions ['colcon_meta']
[0.134s] Level 1:colcon.colcon_core.package_identification:_identify(src/ur10_camera_moveit_config) by extension 'colcon_meta'
[0.134s] Level 1:colcon.colcon_core.package_identification:_identify(src/ur10_camera_moveit_config) by extensions ['ros']
[0.134s] Level 1:colcon.colcon_core.package_identification:_identify(src/ur10_camera_moveit_config) by extension 'ros'
[0.135s] DEBUG:colcon.colcon_core.package_identification:Package 'src/ur10_camera_moveit_config' with type 'ros.ament_cmake' and name 'ur10_camera_moveit_config'
[0.135s] Level 1:colcon.colcon_core.package_identification:_identify(src/ur5_camera_gripper_moveit_config) by extensions ['ignore', 'ignore_ament_install']
[0.135s] Level 1:colcon.colcon_core.package_identification:_identify(src/ur5_camera_gripper_moveit_config) by extension 'ignore'
[0.135s] Level 1:colcon.colcon_core.package_identification:_identify(src/ur5_camera_gripper_moveit_config) by extension 'ignore_ament_install'
[0.135s] Level 1:colcon.colcon_core.package_identification:_identify(src/ur5_camera_gripper_moveit_config) by extensions ['colcon_pkg']
[0.135s] Level 1:colcon.colcon_core.package_identification:_identify(src/ur5_camera_gripper_moveit_config) by extension 'colcon_pkg'
[0.135s] Level 1:colcon.colcon_core.package_identification:_identify(src/ur5_camera_gripper_moveit_config) by extensions ['colcon_meta']
[0.135s] Level 1:colcon.colcon_core.package_identification:_identify(src/ur5_camera_gripper_moveit_config) by extension 'colcon_meta'
[0.135s] Level 1:colcon.colcon_core.package_identification:_identify(src/ur5_camera_gripper_moveit_config) by extensions ['ros']
[0.135s] Level 1:colcon.colcon_core.package_identification:_identify(src/ur5_camera_gripper_moveit_config) by extension 'ros'
[0.135s] DEBUG:colcon.colcon_core.package_identification:Package 'src/ur5_camera_gripper_moveit_config' with type 'ros.ament_cmake' and name 'ur5_camera_gripper_moveit_config'
[0.135s] Level 1:colcon.colcon_core.package_identification:_identify(src/ur5_camera_moveit_config) by extensions ['ignore', 'ignore_ament_install']
[0.135s] Level 1:colcon.colcon_core.package_identification:_identify(src/ur5_camera_moveit_config) by extension 'ignore'
[0.135s] Level 1:colcon.colcon_core.package_identification:_identify(src/ur5_camera_moveit_config) by extension 'ignore_ament_install'
[0.135s] Level 1:colcon.colcon_core.package_identification:_identify(src/ur5_camera_moveit_config) by extensions ['colcon_pkg']
[0.135s] Level 1:colcon.colcon_core.package_identification:_identify(src/ur5_camera_moveit_config) by extension 'colcon_pkg'
[0.135s] Level 1:colcon.colcon_core.package_identification:_identify(src/ur5_camera_moveit_config) by extensions ['colcon_meta']
[0.135s] Level 1:colcon.colcon_core.package_identification:_identify(src/ur5_camera_moveit_config) by extension 'colcon_meta'
[0.135s] Level 1:colcon.colcon_core.package_identification:_identify(src/ur5_camera_moveit_config) by extensions ['ros']
[0.135s] Level 1:colcon.colcon_core.package_identification:_identify(src/ur5_camera_moveit_config) by extension 'ros'
[0.136s] DEBUG:colcon.colcon_core.package_identification:Package 'src/ur5_camera_moveit_config' with type 'ros.ament_cmake' and name 'ur5_camera_moveit_config'
[0.136s] Level 1:colcon.colcon_core.package_identification:_identify(src/ur_yt_sim) by extensions ['ignore', 'ignore_ament_install']
[0.136s] Level 1:colcon.colcon_core.package_identification:_identify(src/ur_yt_sim) by extension 'ignore'
[0.136s] Level 1:colcon.colcon_core.package_identification:_identify(src/ur_yt_sim) by extension 'ignore_ament_install'
[0.136s] Level 1:colcon.colcon_core.package_identification:_identify(src/ur_yt_sim) by extensions ['colcon_pkg']
[0.136s] Level 1:colcon.colcon_core.package_identification:_identify(src/ur_yt_sim) by extension 'colcon_pkg'
[0.136s] Level 1:colcon.colcon_core.package_identification:_identify(src/ur_yt_sim) by extensions ['colcon_meta']
[0.136s] Level 1:colcon.colcon_core.package_identification:_identify(src/ur_yt_sim) by extension 'colcon_meta'
[0.136s] Level 1:colcon.colcon_core.package_identification:_identify(src/ur_yt_sim) by extensions ['ros']
[0.136s] Level 1:colcon.colcon_core.package_identification:_identify(src/ur_yt_sim) by extension 'ros'
[0.136s] DEBUG:colcon.colcon_core.package_identification:Package 'src/ur_yt_sim' with type 'ros.ament_cmake' and name 'ur_yt_sim'
[0.136s] Level 1:colcon.colcon_core.package_discovery:discover_packages(recursive) using defaults
[0.136s] Level 1:colcon.colcon_core.package_discovery:discover_packages(ignore) discover
[0.136s] Level 1:colcon.colcon_core.package_discovery:discover_packages(ignore) using defaults
[0.136s] Level 1:colcon.colcon_core.package_discovery:discover_packages(path) discover
[0.136s] Level 1:colcon.colcon_core.package_discovery:discover_packages(path) using defaults
[0.147s] Level 1:colcon.colcon_core.package_discovery:discover_packages(prefix_path) check parameters
[0.147s] Level 1:colcon.colcon_core.package_discovery:discover_packages(prefix_path) discover
[0.148s] DEBUG:colcon.colcon_installed_package_information.package_discovery:Found 7 installed packages in /home/spaceshipecsat/ur_10_CatapultTest/install
[0.149s] DEBUG:colcon.colcon_installed_package_information.package_discovery:Found 413 installed packages in /opt/ros/humble
[0.150s] Level 1:colcon.colcon_core.package_discovery:discover_packages(prefix_path) using defaults
[0.170s] WARNING:colcon.colcon_core.package_selection:Some selected packages are already built in one or more underlay workspaces:
	'ur_description' is in: /home/spaceshipecsat/ur_10_CatapultTest/install/ur_description, /opt/ros/humble
If a package in a merged underlay workspace is overridden and it installs headers, then all packages in the overlay must sort their include directories by workspace order. Failure to do so may result in build failures or undefined behavior at run time.
If the overridden package is used by another package in any underlay, then the overriding package in the overlay must be API and ABI compatible or undefined behavior at run time may occur.

If you understand the risks and want to override a package anyways, add the following to the command line:
	--allow-overriding ur_description

This may be promoted to an error in a future release of colcon-override-check.
[0.170s] Level 5:colcon.colcon_core.verb:set package 'linkattacher_msgs' build argument 'cmake_args' from command line to 'None'
[0.170s] Level 5:colcon.colcon_core.verb:set package 'linkattacher_msgs' build argument 'cmake_target' from command line to 'None'
[0.170s] Level 5:colcon.colcon_core.verb:set package 'linkattacher_msgs' build argument 'cmake_target_skip_unavailable' from command line to 'False'
[0.170s] Level 5:colcon.colcon_core.verb:set package 'linkattacher_msgs' build argument 'cmake_clean_cache' from command line to 'False'
[0.170s] Level 5:colcon.colcon_core.verb:set package 'linkattacher_msgs' build argument 'cmake_clean_first' from command line to 'False'
[0.170s] Level 5:colcon.colcon_core.verb:set package 'linkattacher_msgs' build argument 'cmake_force_configure' from command line to 'False'
[0.170s] Level 5:colcon.colcon_core.verb:set package 'linkattacher_msgs' build argument 'ament_cmake_args' from command line to 'None'
[0.170s] Level 5:colcon.colcon_core.verb:set package 'linkattacher_msgs' build argument 'catkin_cmake_args' from command line to 'None'
[0.170s] Level 5:colcon.colcon_core.verb:set package 'linkattacher_msgs' build argument 'catkin_skip_building_tests' from command line to 'False'
[0.170s] DEBUG:colcon.colcon_core.verb:Building package 'linkattacher_msgs' with the following arguments: {'ament_cmake_args': None, 'build_base': '/home/spaceshipecsat/ur_10_CatapultTest/build/linkattacher_msgs', 'catkin_cmake_args': None, 'catkin_skip_building_tests': False, 'cmake_args': None, 'cmake_clean_cache': False, 'cmake_clean_first': False, 'cmake_force_configure': False, 'cmake_target': None, 'cmake_target_skip_unavailable': False, 'install_base': '/home/spaceshipecsat/ur_10_CatapultTest/install/linkattacher_msgs', 'merge_install': False, 'path': '/home/spaceshipecsat/ur_10_CatapultTest/src/IFRA_LinkAttacher/linkattacher_msgs', 'symlink_install': True, 'test_result_base': None}
[0.170s] Level 5:colcon.colcon_core.verb:set package 'robotiq_controllers' build argument 'cmake_args' from command line to 'None'
[0.170s] Level 5:colcon.colcon_core.verb:set package 'robotiq_controllers' build argument 'cmake_target' from command line to 'None'
[0.170s] Level 5:colcon.colcon_core.verb:set package 'robotiq_controllers' build argument 'cmake_target_skip_unavailable' from command line to 'False'
[0.170s] Level 5:colcon.colcon_core.verb:set package 'robotiq_controllers' build argument 'cmake_clean_cache' from command line to 'False'
[0.170s] Level 5:colcon.colcon_core.verb:set package 'robotiq_controllers' build argument 'cmake_clean_first' from command line to 'False'
[0.170s] Level 5:colcon.colcon_core.verb:set package 'robotiq_controllers' build argument 'cmake_force_configure' from command line to 'False'
[0.170s] Level 5:colcon.colcon_core.verb:set package 'robotiq_controllers' build argument 'ament_cmake_args' from command line to 'None'
[0.170s] Level 5:colcon.colcon_core.verb:set package 'robotiq_controllers' build argument 'catkin_cmake_args' from command line to 'None'
[0.170s] Level 5:colcon.colcon_core.verb:set package 'robotiq_controllers' build argument 'catkin_skip_building_tests' from command line to 'False'
[0.170s] DEBUG:colcon.colcon_core.verb:Building package 'robotiq_controllers' with the following arguments: {'ament_cmake_args': None, 'build_base': '/home/spaceshipecsat/ur_10_CatapultTest/build/robotiq_controllers', 'catkin_cmake_args': None, 'catkin_skip_building_tests': False, 'cmake_args': None, 'cmake_clean_cache': False, 'cmake_clean_first': False, 'cmake_force_configure': False, 'cmake_target': None, 'cmake_target_skip_unavailable': False, 'install_base': '/home/spaceshipecsat/ur_10_CatapultTest/install/robotiq_controllers', 'merge_install': False, 'path': '/home/spaceshipecsat/ur_10_CatapultTest/src/ros2_robotiq_gripper/robotiq_controllers', 'symlink_install': True, 'test_result_base': None}
[0.170s] Level 5:colcon.colcon_core.verb:set package 'robotiq_description' build argument 'cmake_args' from command line to 'None'
[0.170s] Level 5:colcon.colcon_core.verb:set package 'robotiq_description' build argument 'cmake_target' from command line to 'None'
[0.170s] Level 5:colcon.colcon_core.verb:set package 'robotiq_description' build argument 'cmake_target_skip_unavailable' from command line to 'False'
[0.170s] Level 5:colcon.colcon_core.verb:set package 'robotiq_description' build argument 'cmake_clean_cache' from command line to 'False'
[0.170s] Level 5:colcon.colcon_core.verb:set package 'robotiq_description' build argument 'cmake_clean_first' from command line to 'False'
[0.170s] Level 5:colcon.colcon_core.verb:set package 'robotiq_description' build argument 'cmake_force_configure' from command line to 'False'
[0.170s] Level 5:colcon.colcon_core.verb:set package 'robotiq_description' build argument 'ament_cmake_args' from command line to 'None'
[0.170s] Level 5:colcon.colcon_core.verb:set package 'robotiq_description' build argument 'catkin_cmake_args' from command line to 'None'
[0.170s] Level 5:colcon.colcon_core.verb:set package 'robotiq_description' build argument 'catkin_skip_building_tests' from command line to 'False'
[0.170s] DEBUG:colcon.colcon_core.verb:Building package 'robotiq_description' with the following arguments: {'ament_cmake_args': None, 'build_base': '/home/spaceshipecsat/ur_10_CatapultTest/build/robotiq_description', 'catkin_cmake_args': None, 'catkin_skip_building_tests': False, 'cmake_args': None, 'cmake_clean_cache': False, 'cmake_clean_first': False, 'cmake_force_configure': False, 'cmake_target': None, 'cmake_target_skip_unavailable': False, 'install_base': '/home/spaceshipecsat/ur_10_CatapultTest/install/robotiq_description', 'merge_install': False, 'path': '/home/spaceshipecsat/ur_10_CatapultTest/src/ros2_robotiq_gripper/robotiq_description', 'symlink_install': True, 'test_result_base': None}
[0.171s] Level 5:colcon.colcon_core.verb:set package 'ur_description' build argument 'cmake_args' from command line to 'None'
[0.171s] Level 5:colcon.colcon_core.verb:set package 'ur_description' build argument 'cmake_target' from command line to 'None'
[0.171s] Level 5:colcon.colcon_core.verb:set package 'ur_description' build argument 'cmake_target_skip_unavailable' from command line to 'False'
[0.171s] Level 5:colcon.colcon_core.verb:set package 'ur_description' build argument 'cmake_clean_cache' from command line to 'False'
[0.171s] Level 5:colcon.colcon_core.verb:set package 'ur_description' build argument 'cmake_clean_first' from command line to 'False'
[0.171s] Level 5:colcon.colcon_core.verb:set package 'ur_description' build argument 'cmake_force_configure' from command line to 'False'
[0.171s] Level 5:colcon.colcon_core.verb:set package 'ur_description' build argument 'ament_cmake_args' from command line to 'None'
[0.171s] Level 5:colcon.colcon_core.verb:set package 'ur_description' build argument 'catkin_cmake_args' from command line to 'None'
[0.171s] Level 5:colcon.colcon_core.verb:set package 'ur_description' build argument 'catkin_skip_building_tests' from command line to 'False'
[0.171s] DEBUG:colcon.colcon_core.verb:Building package 'ur_description' with the following arguments: {'ament_cmake_args': None, 'build_base': '/home/spaceshipecsat/ur_10_CatapultTest/build/ur_description', 'catkin_cmake_args': None, 'catkin_skip_building_tests': False, 'cmake_args': None, 'cmake_clean_cache': False, 'cmake_clean_first': False, 'cmake_force_configure': False, 'cmake_target': None, 'cmake_target_skip_unavailable': False, 'install_base': '/home/spaceshipecsat/ur_10_CatapultTest/install/ur_description', 'merge_install': False, 'path': '/home/spaceshipecsat/ur_10_CatapultTest/src/Universal_Robots_ROS2_Description', 'symlink_install': True, 'test_result_base': None}
[0.171s] Level 5:colcon.colcon_core.verb:set package 'ros2_linkattacher' build argument 'cmake_args' from command line to 'None'
[0.171s] Level 5:colcon.colcon_core.verb:set package 'ros2_linkattacher' build argument 'cmake_target' from command line to 'None'
[0.171s] Level 5:colcon.colcon_core.verb:set package 'ros2_linkattacher' build argument 'cmake_target_skip_unavailable' from command line to 'False'
[0.171s] Level 5:colcon.colcon_core.verb:set package 'ros2_linkattacher' build argument 'cmake_clean_cache' from command line to 'False'
[0.171s] Level 5:colcon.colcon_core.verb:set package 'ros2_linkattacher' build argument 'cmake_clean_first' from command line to 'False'
[0.171s] Level 5:colcon.colcon_core.verb:set package 'ros2_linkattacher' build argument 'cmake_force_configure' from command line to 'False'
[0.171s] Level 5:colcon.colcon_core.verb:set package 'ros2_linkattacher' build argument 'ament_cmake_args' from command line to 'None'
[0.171s] Level 5:colcon.colcon_core.verb:set package 'ros2_linkattacher' build argument 'catkin_cmake_args' from command line to 'None'
[0.171s] Level 5:colcon.colcon_core.verb:set package 'ros2_linkattacher' build argument 'catkin_skip_building_tests' from command line to 'False'
[0.171s] DEBUG:colcon.colcon_core.verb:Building package 'ros2_linkattacher' with the following arguments: {'ament_cmake_args': None, 'build_base': '/home/spaceshipecsat/ur_10_CatapultTest/build/ros2_linkattacher', 'catkin_cmake_args': None, 'catkin_skip_building_tests': False, 'cmake_args': None, 'cmake_clean_cache': False, 'cmake_clean_first': False, 'cmake_force_configure': False, 'cmake_target': None, 'cmake_target_skip_unavailable': False, 'install_base': '/home/spaceshipecsat/ur_10_CatapultTest/install/ros2_linkattacher', 'merge_install': False, 'path': '/home/spaceshipecsat/ur_10_CatapultTest/src/IFRA_LinkAttacher/ros2_LinkAttacher', 'symlink_install': True, 'test_result_base': None}
[0.171s] Level 5:colcon.colcon_core.verb:set package 'ur_simulation_gazebo' build argument 'cmake_args' from command line to 'None'
[0.171s] Level 5:colcon.colcon_core.verb:set package 'ur_simulation_gazebo' build argument 'cmake_target' from command line to 'None'
[0.171s] Level 5:colcon.colcon_core.verb:set package 'ur_simulation_gazebo' build argument 'cmake_target_skip_unavailable' from command line to 'False'
[0.171s] Level 5:colcon.colcon_core.verb:set package 'ur_simulation_gazebo' build argument 'cmake_clean_cache' from command line to 'False'
[0.171s] Level 5:colcon.colcon_core.verb:set package 'ur_simulation_gazebo' build argument 'cmake_clean_first' from command line to 'False'
[0.171s] Level 5:colcon.colcon_core.verb:set package 'ur_simulation_gazebo' build argument 'cmake_force_configure' from command line to 'False'
[0.171s] Level 5:colcon.colcon_core.verb:set package 'ur_simulation_gazebo' build argument 'ament_cmake_args' from command line to 'None'
[0.171s] Level 5:colcon.colcon_core.verb:set package 'ur_simulation_gazebo' build argument 'catkin_cmake_args' from command line to 'None'
[0.171s] Level 5:colcon.colcon_core.verb:set package 'ur_simulation_gazebo' build argument 'catkin_skip_building_tests' from command line to 'False'
[0.171s] DEBUG:colcon.colcon_core.verb:Building package 'ur_simulation_gazebo' with the following arguments: {'ament_cmake_args': None, 'build_base': '/home/spaceshipecsat/ur_10_CatapultTest/build/ur_simulation_gazebo', 'catkin_cmake_args': None, 'catkin_skip_building_tests': False, 'cmake_args': None, 'cmake_clean_cache': False, 'cmake_clean_first': False, 'cmake_force_configure': False, 'cmake_target': None, 'cmake_target_skip_unavailable': False, 'install_base': '/home/spaceshipecsat/ur_10_CatapultTest/install/ur_simulation_gazebo', 'merge_install': False, 'path': '/home/spaceshipecsat/ur_10_CatapultTest/src/Universal_Robots_ROS2_Gazebo_Simulation/ur_simulation_gazebo', 'symlink_install': True, 'test_result_base': None}
[0.171s] Level 5:colcon.colcon_core.verb:set package 'ur_yt_sim' build argument 'cmake_args' from command line to 'None'
[0.171s] Level 5:colcon.colcon_core.verb:set package 'ur_yt_sim' build argument 'cmake_target' from command line to 'None'
[0.171s] Level 5:colcon.colcon_core.verb:set package 'ur_yt_sim' build argument 'cmake_target_skip_unavailable' from command line to 'False'
[0.171s] Level 5:colcon.colcon_core.verb:set package 'ur_yt_sim' build argument 'cmake_clean_cache' from command line to 'False'
[0.171s] Level 5:colcon.colcon_core.verb:set package 'ur_yt_sim' build argument 'cmake_clean_first' from command line to 'False'
[0.171s] Level 5:colcon.colcon_core.verb:set package 'ur_yt_sim' build argument 'cmake_force_configure' from command line to 'False'
[0.171s] Level 5:colcon.colcon_core.verb:set package 'ur_yt_sim' build argument 'ament_cmake_args' from command line to 'None'
[0.171s] Level 5:colcon.colcon_core.verb:set package 'ur_yt_sim' build argument 'catkin_cmake_args' from command line to 'None'
[0.171s] Level 5:colcon.colcon_core.verb:set package 'ur_yt_sim' build argument 'catkin_skip_building_tests' from command line to 'False'
[0.171s] DEBUG:colcon.colcon_core.verb:Building package 'ur_yt_sim' with the following arguments: {'ament_cmake_args': None, 'build_base': '/home/spaceshipecsat/ur_10_CatapultTest/build/ur_yt_sim', 'catkin_cmake_args': None, 'catkin_skip_building_tests': False, 'cmake_args': None, 'cmake_clean_cache': False, 'cmake_clean_first': False, 'cmake_force_configure': False, 'cmake_target': None, 'cmake_target_skip_unavailable': False, 'install_base': '/home/spaceshipecsat/ur_10_CatapultTest/install/ur_yt_sim', 'merge_install': False, 'path': '/home/spaceshipecsat/ur_10_CatapultTest/src/ur_yt_sim', 'symlink_install': True, 'test_result_base': None}
[0.171s] Level 5:colcon.colcon_core.verb:set package 'ur10_camera_gripper_moveit_config' build argument 'cmake_args' from command line to 'None'
[0.171s] Level 5:colcon.colcon_core.verb:set package 'ur10_camera_gripper_moveit_config' build argument 'cmake_target' from command line to 'None'
[0.171s] Level 5:colcon.colcon_core.verb:set package 'ur10_camera_gripper_moveit_config' build argument 'cmake_target_skip_unavailable' from command line to 'False'
[0.171s] Level 5:colcon.colcon_core.verb:set package 'ur10_camera_gripper_moveit_config' build argument 'cmake_clean_cache' from command line to 'False'
[0.171s] Level 5:colcon.colcon_core.verb:set package 'ur10_camera_gripper_moveit_config' build argument 'cmake_clean_first' from command line to 'False'
[0.171s] Level 5:colcon.colcon_core.verb:set package 'ur10_camera_gripper_moveit_config' build argument 'cmake_force_configure' from command line to 'False'
[0.171s] Level 5:colcon.colcon_core.verb:set package 'ur10_camera_gripper_moveit_config' build argument 'ament_cmake_args' from command line to 'None'
[0.171s] Level 5:colcon.colcon_core.verb:set package 'ur10_camera_gripper_moveit_config' build argument 'catkin_cmake_args' from command line to 'None'
[0.172s] Level 5:colcon.colcon_core.verb:set package 'ur10_camera_gripper_moveit_config' build argument 'catkin_skip_building_tests' from command line to 'False'
[0.172s] DEBUG:colcon.colcon_core.verb:Building package 'ur10_camera_gripper_moveit_config' with the following arguments: {'ament_cmake_args': None, 'build_base': '/home/spaceshipecsat/ur_10_CatapultTest/build/ur10_camera_gripper_moveit_config', 'catkin_cmake_args': None, 'catkin_skip_building_tests': False, 'cmake_args': None, 'cmake_clean_cache': False, 'cmake_clean_first': False, 'cmake_force_configure': False, 'cmake_target': None, 'cmake_target_skip_unavailable': False, 'install_base': '/home/spaceshipecsat/ur_10_CatapultTest/install/ur10_camera_gripper_moveit_config', 'merge_install': False, 'path': '/home/spaceshipecsat/ur_10_CatapultTest/src/ur10_camera_gripper_moveit_config', 'symlink_install': True, 'test_result_base': None}
[0.172s] Level 5:colcon.colcon_core.verb:set package 'ur10_camera_moveit_config' build argument 'cmake_args' from command line to 'None'
[0.172s] Level 5:colcon.colcon_core.verb:set package 'ur10_camera_moveit_config' build argument 'cmake_target' from command line to 'None'
[0.172s] Level 5:colcon.colcon_core.verb:set package 'ur10_camera_moveit_config' build argument 'cmake_target_skip_unavailable' from command line to 'False'
[0.172s] Level 5:colcon.colcon_core.verb:set package 'ur10_camera_moveit_config' build argument 'cmake_clean_cache' from command line to 'False'
[0.172s] Level 5:colcon.colcon_core.verb:set package 'ur10_camera_moveit_config' build argument 'cmake_clean_first' from command line to 'False'
[0.172s] Level 5:colcon.colcon_core.verb:set package 'ur10_camera_moveit_config' build argument 'cmake_force_configure' from command line to 'False'
[0.172s] Level 5:colcon.colcon_core.verb:set package 'ur10_camera_moveit_config' build argument 'ament_cmake_args' from command line to 'None'
[0.172s] Level 5:colcon.colcon_core.verb:set package 'ur10_camera_moveit_config' build argument 'catkin_cmake_args' from command line to 'None'
[0.172s] Level 5:colcon.colcon_core.verb:set package 'ur10_camera_moveit_config' build argument 'catkin_skip_building_tests' from command line to 'False'
[0.172s] DEBUG:colcon.colcon_core.verb:Building package 'ur10_camera_moveit_config' with the following arguments: {'ament_cmake_args': None, 'build_base': '/home/spaceshipecsat/ur_10_CatapultTest/build/ur10_camera_moveit_config', 'catkin_cmake_args': None, 'catkin_skip_building_tests': False, 'cmake_args': None, 'cmake_clean_cache': False, 'cmake_clean_first': False, 'cmake_force_configure': False, 'cmake_target': None, 'cmake_target_skip_unavailable': False, 'install_base': '/home/spaceshipecsat/ur_10_CatapultTest/install/ur10_camera_moveit_config', 'merge_install': False, 'path': '/home/spaceshipecsat/ur_10_CatapultTest/src/ur10_camera_moveit_config', 'symlink_install': True, 'test_result_base': None}
[0.172s] Level 5:colcon.colcon_core.verb:set package 'ur5_camera_gripper_moveit_config' build argument 'cmake_args' from command line to 'None'
[0.172s] Level 5:colcon.colcon_core.verb:set package 'ur5_camera_gripper_moveit_config' build argument 'cmake_target' from command line to 'None'
[0.172s] Level 5:colcon.colcon_core.verb:set package 'ur5_camera_gripper_moveit_config' build argument 'cmake_target_skip_unavailable' from command line to 'False'
[0.172s] Level 5:colcon.colcon_core.verb:set package 'ur5_camera_gripper_moveit_config' build argument 'cmake_clean_cache' from command line to 'False'
[0.172s] Level 5:colcon.colcon_core.verb:set package 'ur5_camera_gripper_moveit_config' build argument 'cmake_clean_first' from command line to 'False'
[0.172s] Level 5:colcon.colcon_core.verb:set package 'ur5_camera_gripper_moveit_config' build argument 'cmake_force_configure' from command line to 'False'
[0.172s] Level 5:colcon.colcon_core.verb:set package 'ur5_camera_gripper_moveit_config' build argument 'ament_cmake_args' from command line to 'None'
[0.172s] Level 5:colcon.colcon_core.verb:set package 'ur5_camera_gripper_moveit_config' build argument 'catkin_cmake_args' from command line to 'None'
[0.172s] Level 5:colcon.colcon_core.verb:set package 'ur5_camera_gripper_moveit_config' build argument 'catkin_skip_building_tests' from command line to 'False'
[0.172s] DEBUG:colcon.colcon_core.verb:Building package 'ur5_camera_gripper_moveit_config' with the following arguments: {'ament_cmake_args': None, 'build_base': '/home/spaceshipecsat/ur_10_CatapultTest/build/ur5_camera_gripper_moveit_config', 'catkin_cmake_args': None, 'catkin_skip_building_tests': False, 'cmake_args': None, 'cmake_clean_cache': False, 'cmake_clean_first': False, 'cmake_force_configure': False, 'cmake_target': None, 'cmake_target_skip_unavailable': False, 'install_base': '/home/spaceshipecsat/ur_10_CatapultTest/install/ur5_camera_gripper_moveit_config', 'merge_install': False, 'path': '/home/spaceshipecsat/ur_10_CatapultTest/src/ur5_camera_gripper_moveit_config', 'symlink_install': True, 'test_result_base': None}
[0.172s] Level 5:colcon.colcon_core.verb:set package 'ur5_camera_moveit_config' build argument 'cmake_args' from command line to 'None'
[0.172s] Level 5:colcon.colcon_core.verb:set package 'ur5_camera_moveit_config' build argument 'cmake_target' from command line to 'None'
[0.172s] Level 5:colcon.colcon_core.verb:set package 'ur5_camera_moveit_config' build argument 'cmake_target_skip_unavailable' from command line to 'False'
[0.172s] Level 5:colcon.colcon_core.verb:set package 'ur5_camera_moveit_config' build argument 'cmake_clean_cache' from command line to 'False'
[0.172s] Level 5:colcon.colcon_core.verb:set package 'ur5_camera_moveit_config' build argument 'cmake_clean_first' from command line to 'False'
[0.172s] Level 5:colcon.colcon_core.verb:set package 'ur5_camera_moveit_config' build argument 'cmake_force_configure' from command line to 'False'
[0.172s] Level 5:colcon.colcon_core.verb:set package 'ur5_camera_moveit_config' build argument 'ament_cmake_args' from command line to 'None'
[0.172s] Level 5:colcon.colcon_core.verb:set package 'ur5_camera_moveit_config' build argument 'catkin_cmake_args' from command line to 'None'
[0.172s] Level 5:colcon.colcon_core.verb:set package 'ur5_camera_moveit_config' build argument 'catkin_skip_building_tests' from command line to 'False'
[0.172s] DEBUG:colcon.colcon_core.verb:Building package 'ur5_camera_moveit_config' with the following arguments: {'ament_cmake_args': None, 'build_base': '/home/spaceshipecsat/ur_10_CatapultTest/build/ur5_camera_moveit_config', 'catkin_cmake_args': None, 'catkin_skip_building_tests': False, 'cmake_args': None, 'cmake_clean_cache': False, 'cmake_clean_first': False, 'cmake_force_configure': False, 'cmake_target': None, 'cmake_target_skip_unavailable': False, 'install_base': '/home/spaceshipecsat/ur_10_CatapultTest/install/ur5_camera_moveit_config', 'merge_install': False, 'path': '/home/spaceshipecsat/ur_10_CatapultTest/src/ur5_camera_moveit_config', 'symlink_install': True, 'test_result_base': None}
[0.172s] INFO:colcon.colcon_core.executor:Executing jobs using 'parallel' executor
[0.173s] DEBUG:colcon.colcon_parallel_executor.executor.parallel:run_until_complete
[0.173s] INFO:colcon.colcon_ros.task.ament_cmake.build:Building ROS package in '/home/spaceshipecsat/ur_10_CatapultTest/src/Universal_Robots_ROS2_Description' with build type 'ament_cmake'
[0.173s] INFO:colcon.colcon_cmake.task.cmake.build:Building CMake package in '/home/spaceshipecsat/ur_10_CatapultTest/src/Universal_Robots_ROS2_Description'
[0.174s] INFO:colcon.colcon_core.plugin_system:Skipping extension 'colcon_core.shell.bat': Not used on non-Windows systems
[0.174s] INFO:colcon.colcon_core.shell:Skip shell extension 'powershell' for command environment: Not usable outside of PowerShell
[0.174s] DEBUG:colcon.colcon_core.shell:Skip shell extension 'dsv' for command environment
[0.176s] INFO:colcon.colcon_ros.task.ament_cmake.build:Building ROS package in '/home/spaceshipecsat/ur_10_CatapultTest/src/ros2_robotiq_gripper/robotiq_description' with build type 'ament_cmake'
[0.176s] INFO:colcon.colcon_cmake.task.cmake.build:Building CMake package in '/home/spaceshipecsat/ur_10_CatapultTest/src/ros2_robotiq_gripper/robotiq_description'
[0.176s] INFO:colcon.colcon_core.shell:Skip shell extension 'powershell' for command environment: Not usable outside of PowerShell
[0.176s] DEBUG:colcon.colcon_core.shell:Skip shell extension 'dsv' for command environment
[0.178s] INFO:colcon.colcon_ros.task.ament_cmake.build:Building ROS package in '/home/spaceshipecsat/ur_10_CatapultTest/src/IFRA_LinkAttacher/linkattacher_msgs' with build type 'ament_cmake'
[0.178s] INFO:colcon.colcon_cmake.task.cmake.build:Building CMake package in '/home/spaceshipecsat/ur_10_CatapultTest/src/IFRA_LinkAttacher/linkattacher_msgs'
[0.178s] INFO:colcon.colcon_core.shell:Skip shell extension 'powershell' for command environment: Not usable outside of PowerShell
[0.178s] DEBUG:colcon.colcon_core.shell:Skip shell extension 'dsv' for command environment
[0.180s] INFO:colcon.colcon_ros.task.ament_cmake.build:Building ROS package in '/home/spaceshipecsat/ur_10_CatapultTest/src/ros2_robotiq_gripper/robotiq_controllers' with build type 'ament_cmake'
[0.180s] INFO:colcon.colcon_cmake.task.cmake.build:Building CMake package in '/home/spaceshipecsat/ur_10_CatapultTest/src/ros2_robotiq_gripper/robotiq_controllers'
[0.180s] INFO:colcon.colcon_core.shell:Skip shell extension 'powershell' for command environment: Not usable outside of PowerShell
[0.180s] DEBUG:colcon.colcon_core.shell:Skip shell extension 'dsv' for command environment
[0.183s] DEBUG:colcon.colcon_core.event_handler.log_command:Invoking command in '/home/spaceshipecsat/ur_10_CatapultTest/build/ur_description': CMAKE_PREFIX_PATH=${CMAKE_PREFIX_PATH}:/opt/ros/humble /usr/bin/cmake --build /home/spaceshipecsat/ur_10_CatapultTest/build/ur_description -- -j32 -l32
[0.184s] DEBUG:colcon.colcon_core.event_handler.log_command:Invoking command in '/home/spaceshipecsat/ur_10_CatapultTest/build/robotiq_description': CMAKE_PREFIX_PATH=${CMAKE_PREFIX_PATH}:/opt/ros/humble /usr/bin/cmake --build /home/spaceshipecsat/ur_10_CatapultTest/build/robotiq_description -- -j32 -l32
[0.185s] DEBUG:colcon.colcon_core.event_handler.log_command:Invoking command in '/home/spaceshipecsat/ur_10_CatapultTest/build/linkattacher_msgs': CMAKE_PREFIX_PATH=${CMAKE_PREFIX_PATH}:/opt/ros/humble /usr/bin/cmake /home/spaceshipecsat/ur_10_CatapultTest/src/IFRA_LinkAttacher/linkattacher_msgs -DAMENT_CMAKE_SYMLINK_INSTALL=1 -DCMAKE_INSTALL_PREFIX=/home/spaceshipecsat/ur_10_CatapultTest/install/linkattacher_msgs
[0.187s] DEBUG:colcon.colcon_core.event_handler.log_command:Invoking command in '/home/spaceshipecsat/ur_10_CatapultTest/build/robotiq_controllers': CMAKE_PREFIX_PATH=${CMAKE_PREFIX_PATH}:/opt/ros/humble /usr/bin/cmake --build /home/spaceshipecsat/ur_10_CatapultTest/build/robotiq_controllers -- -j32 -l32
[0.204s] DEBUG:colcon.colcon_core.event_handler.log_command:Invoked command in '/home/spaceshipecsat/ur_10_CatapultTest/build/robotiq_description' returned '0': CMAKE_PREFIX_PATH=${CMAKE_PREFIX_PATH}:/opt/ros/humble /usr/bin/cmake --build /home/spaceshipecsat/ur_10_CatapultTest/build/robotiq_description -- -j32 -l32
[0.209s] DEBUG:colcon.colcon_core.event_handler.log_command:Invoking command in '/home/spaceshipecsat/ur_10_CatapultTest/build/robotiq_description': CMAKE_PREFIX_PATH=${CMAKE_PREFIX_PATH}:/opt/ros/humble /usr/bin/cmake --install /home/spaceshipecsat/ur_10_CatapultTest/build/robotiq_description
[0.209s] DEBUG:colcon.colcon_core.event_handler.log_command:Invoked command in '/home/spaceshipecsat/ur_10_CatapultTest/build/ur_description' returned '0': CMAKE_PREFIX_PATH=${CMAKE_PREFIX_PATH}:/opt/ros/humble /usr/bin/cmake --build /home/spaceshipecsat/ur_10_CatapultTest/build/ur_description -- -j32 -l32
[0.210s] DEBUG:colcon.colcon_core.event_handler.log_command:Invoking command in '/home/spaceshipecsat/ur_10_CatapultTest/build/ur_description': CMAKE_PREFIX_PATH=${CMAKE_PREFIX_PATH}:/opt/ros/humble /usr/bin/cmake --install /home/spaceshipecsat/ur_10_CatapultTest/build/ur_description
[0.221s] Level 1:colcon.colcon_core.environment:create_environment_scripts_only(robotiq_description)
[0.227s] DEBUG:colcon.colcon_core.event_handler.log_command:Invoked command in '/home/spaceshipecsat/ur_10_CatapultTest/build/robotiq_description' returned '0': CMAKE_PREFIX_PATH=${CMAKE_PREFIX_PATH}:/opt/ros/humble /usr/bin/cmake --install /home/spaceshipecsat/ur_10_CatapultTest/build/robotiq_description
[0.229s] Level 1:colcon.colcon_core.environment:checking '/home/spaceshipecsat/ur_10_CatapultTest/install/robotiq_description' for CMake module files
[0.229s] Level 1:colcon.colcon_core.environment:checking '/home/spaceshipecsat/ur_10_CatapultTest/install/robotiq_description' for CMake config files
[0.229s] Level 1:colcon.colcon_core.shell:create_environment_hook('robotiq_description', 'cmake_prefix_path')
[0.229s] INFO:colcon.colcon_core.shell:Creating environment hook '/home/spaceshipecsat/ur_10_CatapultTest/install/robotiq_description/share/robotiq_description/hook/cmake_prefix_path.ps1'
[0.229s] INFO:colcon.colcon_core.shell:Creating environment descriptor '/home/spaceshipecsat/ur_10_CatapultTest/install/robotiq_description/share/robotiq_description/hook/cmake_prefix_path.dsv'
[0.230s] INFO:colcon.colcon_core.shell:Creating environment hook '/home/spaceshipecsat/ur_10_CatapultTest/install/robotiq_description/share/robotiq_description/hook/cmake_prefix_path.sh'
[0.230s] Level 1:colcon.colcon_core.environment:checking '/home/spaceshipecsat/ur_10_CatapultTest/install/robotiq_description/bin'
[0.230s] Level 1:colcon.colcon_core.environment:checking '/home/spaceshipecsat/ur_10_CatapultTest/install/robotiq_description/lib/pkgconfig/robotiq_description.pc'
[0.230s] Level 1:colcon.colcon_core.environment:checking '/home/spaceshipecsat/ur_10_CatapultTest/install/robotiq_description/lib/python3.10/site-packages'
[0.230s] Level 1:colcon.colcon_core.environment:checking '/home/spaceshipecsat/ur_10_CatapultTest/install/robotiq_description/bin'
[0.230s] INFO:colcon.colcon_core.shell:Creating package script '/home/spaceshipecsat/ur_10_CatapultTest/install/robotiq_description/share/robotiq_description/package.ps1'
[0.231s] INFO:colcon.colcon_core.shell:Creating package descriptor '/home/spaceshipecsat/ur_10_CatapultTest/install/robotiq_description/share/robotiq_description/package.dsv'
[0.231s] INFO:colcon.colcon_core.shell:Creating package script '/home/spaceshipecsat/ur_10_CatapultTest/install/robotiq_description/share/robotiq_description/package.sh'
[0.231s] INFO:colcon.colcon_core.shell:Creating package script '/home/spaceshipecsat/ur_10_CatapultTest/install/robotiq_description/share/robotiq_description/package.bash'
[0.231s] INFO:colcon.colcon_core.shell:Creating package script '/home/spaceshipecsat/ur_10_CatapultTest/install/robotiq_description/share/robotiq_description/package.zsh'
[0.232s] Level 1:colcon.colcon_core.environment:create_file_with_runtime_dependencies(/home/spaceshipecsat/ur_10_CatapultTest/install/robotiq_description/share/colcon-core/packages/robotiq_description)
[0.232s] Level 1:colcon.colcon_core.environment:create_environment_scripts_only(robotiq_description)
[0.232s] Level 1:colcon.colcon_core.environment:checking '/home/spaceshipecsat/ur_10_CatapultTest/install/robotiq_description' for CMake module files
[0.232s] Level 1:colcon.colcon_core.environment:checking '/home/spaceshipecsat/ur_10_CatapultTest/install/robotiq_description' for CMake config files
[0.232s] Level 1:colcon.colcon_core.shell:create_environment_hook('robotiq_description', 'cmake_prefix_path')
[0.232s] INFO:colcon.colcon_core.shell:Creating environment hook '/home/spaceshipecsat/ur_10_CatapultTest/install/robotiq_description/share/robotiq_description/hook/cmake_prefix_path.ps1'
[0.233s] INFO:colcon.colcon_core.shell:Creating environment descriptor '/home/spaceshipecsat/ur_10_CatapultTest/install/robotiq_description/share/robotiq_description/hook/cmake_prefix_path.dsv'
[0.233s] INFO:colcon.colcon_core.shell:Creating environment hook '/home/spaceshipecsat/ur_10_CatapultTest/install/robotiq_description/share/robotiq_description/hook/cmake_prefix_path.sh'
[0.233s] Level 1:colcon.colcon_core.environment:checking '/home/spaceshipecsat/ur_10_CatapultTest/install/robotiq_description/bin'
[0.233s] Level 1:colcon.colcon_core.environment:checking '/home/spaceshipecsat/ur_10_CatapultTest/install/robotiq_description/lib/pkgconfig/robotiq_description.pc'
[0.233s] Level 1:colcon.colcon_core.environment:checking '/home/spaceshipecsat/ur_10_CatapultTest/install/robotiq_description/lib/python3.10/site-packages'
[0.233s] Level 1:colcon.colcon_core.environment:checking '/home/spaceshipecsat/ur_10_CatapultTest/install/robotiq_description/bin'
[0.233s] INFO:colcon.colcon_core.shell:Creating package script '/home/spaceshipecsat/ur_10_CatapultTest/install/robotiq_description/share/robotiq_description/package.ps1'
[0.233s] INFO:colcon.colcon_core.shell:Creating package descriptor '/home/spaceshipecsat/ur_10_CatapultTest/install/robotiq_description/share/robotiq_description/package.dsv'
[0.234s] INFO:colcon.colcon_core.shell:Creating package script '/home/spaceshipecsat/ur_10_CatapultTest/install/robotiq_description/share/robotiq_description/package.sh'
[0.234s] INFO:colcon.colcon_core.shell:Creating package script '/home/spaceshipecsat/ur_10_CatapultTest/install/robotiq_description/share/robotiq_description/package.bash'
[0.234s] INFO:colcon.colcon_core.shell:Creating package script '/home/spaceshipecsat/ur_10_CatapultTest/install/robotiq_description/share/robotiq_description/package.zsh'
[0.234s] Level 1:colcon.colcon_core.environment:create_file_with_runtime_dependencies(/home/spaceshipecsat/ur_10_CatapultTest/install/robotiq_description/share/colcon-core/packages/robotiq_description)
[0.235s] DEBUG:colcon.colcon_core.event_handler.log_command:Invoked command in '/home/spaceshipecsat/ur_10_CatapultTest/build/robotiq_controllers' returned '0': CMAKE_PREFIX_PATH=${CMAKE_PREFIX_PATH}:/opt/ros/humble /usr/bin/cmake --build /home/spaceshipecsat/ur_10_CatapultTest/build/robotiq_controllers -- -j32 -l32
[0.235s] DEBUG:colcon.colcon_core.event_handler.log_command:Invoking command in '/home/spaceshipecsat/ur_10_CatapultTest/build/robotiq_controllers': CMAKE_PREFIX_PATH=${CMAKE_PREFIX_PATH}:/opt/ros/humble /usr/bin/cmake --install /home/spaceshipecsat/ur_10_CatapultTest/build/robotiq_controllers
[0.236s] Level 1:colcon.colcon_core.environment:create_environment_scripts_only(ur_description)
[0.236s] DEBUG:colcon.colcon_core.event_handler.log_command:Invoked command in '/home/spaceshipecsat/ur_10_CatapultTest/build/ur_description' returned '0': CMAKE_PREFIX_PATH=${CMAKE_PREFIX_PATH}:/opt/ros/humble /usr/bin/cmake --install /home/spaceshipecsat/ur_10_CatapultTest/build/ur_description
[0.236s] Level 1:colcon.colcon_core.environment:checking '/home/spaceshipecsat/ur_10_CatapultTest/install/ur_description' for CMake module files
[0.237s] Level 1:colcon.colcon_core.environment:checking '/home/spaceshipecsat/ur_10_CatapultTest/install/ur_description' for CMake config files
[0.237s] Level 1:colcon.colcon_core.shell:create_environment_hook('ur_description', 'cmake_prefix_path')
[0.237s] INFO:colcon.colcon_core.shell:Creating environment hook '/home/spaceshipecsat/ur_10_CatapultTest/install/ur_description/share/ur_description/hook/cmake_prefix_path.ps1'
[0.237s] INFO:colcon.colcon_core.shell:Creating environment descriptor '/home/spaceshipecsat/ur_10_CatapultTest/install/ur_description/share/ur_description/hook/cmake_prefix_path.dsv'
[0.237s] INFO:colcon.colcon_core.shell:Creating environment hook '/home/spaceshipecsat/ur_10_CatapultTest/install/ur_description/share/ur_description/hook/cmake_prefix_path.sh'
[0.238s] Level 1:colcon.colcon_core.environment:checking '/home/spaceshipecsat/ur_10_CatapultTest/install/ur_description/bin'
[0.238s] Level 1:colcon.colcon_core.environment:checking '/home/spaceshipecsat/ur_10_CatapultTest/install/ur_description/lib/pkgconfig/ur_description.pc'
[0.238s] Level 1:colcon.colcon_core.environment:checking '/home/spaceshipecsat/ur_10_CatapultTest/install/ur_description/lib/python3.10/site-packages'
[0.238s] Level 1:colcon.colcon_core.environment:checking '/home/spaceshipecsat/ur_10_CatapultTest/install/ur_description/bin'
[0.238s] INFO:colcon.colcon_core.shell:Creating package script '/home/spaceshipecsat/ur_10_CatapultTest/install/ur_description/share/ur_description/package.ps1'
[0.239s] INFO:colcon.colcon_core.shell:Creating package descriptor '/home/spaceshipecsat/ur_10_CatapultTest/install/ur_description/share/ur_description/package.dsv'
[0.239s] INFO:colcon.colcon_core.shell:Creating package script '/home/spaceshipecsat/ur_10_CatapultTest/install/ur_description/share/ur_description/package.sh'
[0.239s] INFO:colcon.colcon_core.shell:Creating package script '/home/spaceshipecsat/ur_10_CatapultTest/install/ur_description/share/ur_description/package.bash'
[0.239s] INFO:colcon.colcon_core.shell:Creating package script '/home/spaceshipecsat/ur_10_CatapultTest/install/ur_description/share/ur_description/package.zsh'
[0.239s] Level 1:colcon.colcon_core.environment:create_file_with_runtime_dependencies(/home/spaceshipecsat/ur_10_CatapultTest/install/ur_description/share/colcon-core/packages/ur_description)
[0.240s] Level 1:colcon.colcon_core.environment:create_environment_scripts_only(ur_description)
[0.240s] Level 1:colcon.colcon_core.environment:checking '/home/spaceshipecsat/ur_10_CatapultTest/install/ur_description' for CMake module files
[0.240s] Level 1:colcon.colcon_core.environment:checking '/home/spaceshipecsat/ur_10_CatapultTest/install/ur_description' for CMake config files
[0.240s] Level 1:colcon.colcon_core.shell:create_environment_hook('ur_description', 'cmake_prefix_path')
[0.240s] INFO:colcon.colcon_core.shell:Creating environment hook '/home/spaceshipecsat/ur_10_CatapultTest/install/ur_description/share/ur_description/hook/cmake_prefix_path.ps1'
[0.240s] INFO:colcon.colcon_core.shell:Creating environment descriptor '/home/spaceshipecsat/ur_10_CatapultTest/install/ur_description/share/ur_description/hook/cmake_prefix_path.dsv'
[0.240s] INFO:colcon.colcon_core.shell:Creating environment hook '/home/spaceshipecsat/ur_10_CatapultTest/install/ur_description/share/ur_description/hook/cmake_prefix_path.sh'
[0.240s] Level 1:colcon.colcon_core.environment:checking '/home/spaceshipecsat/ur_10_CatapultTest/install/ur_description/bin'
[0.240s] Level 1:colcon.colcon_core.environment:checking '/home/spaceshipecsat/ur_10_CatapultTest/install/ur_description/lib/pkgconfig/ur_description.pc'
[0.241s] Level 1:colcon.colcon_core.environment:checking '/home/spaceshipecsat/ur_10_CatapultTest/install/ur_description/lib/python3.10/site-packages'
[0.241s] Level 1:colcon.colcon_core.environment:checking '/home/spaceshipecsat/ur_10_CatapultTest/install/ur_description/bin'
[0.241s] INFO:colcon.colcon_core.shell:Creating package script '/home/spaceshipecsat/ur_10_CatapultTest/install/ur_description/share/ur_description/package.ps1'
[0.241s] INFO:colcon.colcon_core.shell:Creating package descriptor '/home/spaceshipecsat/ur_10_CatapultTest/install/ur_description/share/ur_description/package.dsv'
[0.241s] INFO:colcon.colcon_core.shell:Creating package script '/home/spaceshipecsat/ur_10_CatapultTest/install/ur_description/share/ur_description/package.sh'
[0.241s] INFO:colcon.colcon_core.shell:Creating package script '/home/spaceshipecsat/ur_10_CatapultTest/install/ur_description/share/ur_description/package.bash'
[0.241s] INFO:colcon.colcon_core.shell:Creating package script '/home/spaceshipecsat/ur_10_CatapultTest/install/ur_description/share/ur_description/package.zsh'
[0.241s] Level 1:colcon.colcon_core.environment:create_file_with_runtime_dependencies(/home/spaceshipecsat/ur_10_CatapultTest/install/ur_description/share/colcon-core/packages/ur_description)
[0.242s] INFO:colcon.colcon_ros.task.ament_cmake.build:Building ROS package in '/home/spaceshipecsat/ur_10_CatapultTest/src/ur_yt_sim' with build type 'ament_cmake'
[0.242s] INFO:colcon.colcon_cmake.task.cmake.build:Building CMake package in '/home/spaceshipecsat/ur_10_CatapultTest/src/ur_yt_sim'
[0.242s] INFO:colcon.colcon_core.shell:Skip shell extension 'powershell' for command environment: Not usable outside of PowerShell
[0.242s] DEBUG:colcon.colcon_core.shell:Skip shell extension 'dsv' for command environment
[0.244s] INFO:colcon.colcon_ros.task.ament_cmake.build:Building ROS package in '/home/spaceshipecsat/ur_10_CatapultTest/src/Universal_Robots_ROS2_Gazebo_Simulation/ur_simulation_gazebo' with build type 'ament_cmake'
[0.244s] INFO:colcon.colcon_cmake.task.cmake.build:Building CMake package in '/home/spaceshipecsat/ur_10_CatapultTest/src/Universal_Robots_ROS2_Gazebo_Simulation/ur_simulation_gazebo'
[0.244s] INFO:colcon.colcon_core.shell:Skip shell extension 'powershell' for command environment: Not usable outside of PowerShell
[0.244s] DEBUG:colcon.colcon_core.shell:Skip shell extension 'dsv' for command environment
[0.248s] DEBUG:colcon.colcon_core.event_handler.log_command:Invoking command in '/home/spaceshipecsat/ur_10_CatapultTest/build/ur_yt_sim': CMAKE_PREFIX_PATH=/home/spaceshipecsat/ur_10_CatapultTest/install/ur_description:/home/spaceshipecsat/ur_10_CatapultTest/install/robotiq_description:/home/spaceshipecsat/ur_10_CatapultTest/install/ur_simulation_gazebo:/home/spaceshipecsat/ur_10_CatapultTest/install/ros2_linkattacher:/home/spaceshipecsat/ur_10_CatapultTest/install/robotiq_controllers:/home/spaceshipecsat/ur_10_CatapultTest/install/linkattacher_msgs:/opt/ros/humble /usr/bin/cmake /home/spaceshipecsat/ur_10_CatapultTest/src/ur_yt_sim -DAMENT_CMAKE_SYMLINK_INSTALL=1 -DCMAKE_INSTALL_PREFIX=/home/spaceshipecsat/ur_10_CatapultTest/install/ur_yt_sim
[0.250s] DEBUG:colcon.colcon_core.event_handler.log_command:Invoking command in '/home/spaceshipecsat/ur_10_CatapultTest/build/ur_simulation_gazebo': CMAKE_PREFIX_PATH=/home/spaceshipecsat/ur_10_CatapultTest/install/ur_description:/home/spaceshipecsat/ur_10_CatapultTest/install/ur_simulation_gazebo:/home/spaceshipecsat/ur_10_CatapultTest/install/ros2_linkattacher:/home/spaceshipecsat/ur_10_CatapultTest/install/robotiq_description:/home/spaceshipecsat/ur_10_CatapultTest/install/robotiq_controllers:/home/spaceshipecsat/ur_10_CatapultTest/install/linkattacher_msgs:/opt/ros/humble /usr/bin/cmake --build /home/spaceshipecsat/ur_10_CatapultTest/build/ur_simulation_gazebo -- -j32 -l32
[0.250s] Level 1:colcon.colcon_core.environment:create_environment_scripts_only(robotiq_controllers)
[0.250s] DEBUG:colcon.colcon_core.event_handler.log_command:Invoked command in '/home/spaceshipecsat/ur_10_CatapultTest/build/robotiq_controllers' returned '0': CMAKE_PREFIX_PATH=${CMAKE_PREFIX_PATH}:/opt/ros/humble /usr/bin/cmake --install /home/spaceshipecsat/ur_10_CatapultTest/build/robotiq_controllers
[0.251s] Level 1:colcon.colcon_core.environment:checking '/home/spaceshipecsat/ur_10_CatapultTest/install/robotiq_controllers' for CMake module files
[0.251s] Level 1:colcon.colcon_core.environment:checking '/home/spaceshipecsat/ur_10_CatapultTest/install/robotiq_controllers' for CMake config files
[0.251s] Level 1:colcon.colcon_core.shell:create_environment_hook('robotiq_controllers', 'cmake_prefix_path')
[0.252s] INFO:colcon.colcon_core.shell:Creating environment hook '/home/spaceshipecsat/ur_10_CatapultTest/install/robotiq_controllers/share/robotiq_controllers/hook/cmake_prefix_path.ps1'
[0.252s] INFO:colcon.colcon_core.shell:Creating environment descriptor '/home/spaceshipecsat/ur_10_CatapultTest/install/robotiq_controllers/share/robotiq_controllers/hook/cmake_prefix_path.dsv'
[0.252s] INFO:colcon.colcon_core.shell:Creating environment hook '/home/spaceshipecsat/ur_10_CatapultTest/install/robotiq_controllers/share/robotiq_controllers/hook/cmake_prefix_path.sh'
[0.253s] Level 1:colcon.colcon_core.environment:checking '/home/spaceshipecsat/ur_10_CatapultTest/install/robotiq_controllers/lib'
[0.253s] Level 1:colcon.colcon_core.shell:create_environment_hook('robotiq_controllers', 'ld_library_path_lib')
[0.253s] INFO:colcon.colcon_core.shell:Creating environment hook '/home/spaceshipecsat/ur_10_CatapultTest/install/robotiq_controllers/share/robotiq_controllers/hook/ld_library_path_lib.ps1'
[0.253s] INFO:colcon.colcon_core.shell:Creating environment descriptor '/home/spaceshipecsat/ur_10_CatapultTest/install/robotiq_controllers/share/robotiq_controllers/hook/ld_library_path_lib.dsv'
[0.254s] INFO:colcon.colcon_core.shell:Creating environment hook '/home/spaceshipecsat/ur_10_CatapultTest/install/robotiq_controllers/share/robotiq_controllers/hook/ld_library_path_lib.sh'
[0.254s] Level 1:colcon.colcon_core.environment:checking '/home/spaceshipecsat/ur_10_CatapultTest/install/robotiq_controllers/bin'
[0.254s] Level 1:colcon.colcon_core.environment:checking '/home/spaceshipecsat/ur_10_CatapultTest/install/robotiq_controllers/lib/pkgconfig/robotiq_controllers.pc'
[0.254s] Level 1:colcon.colcon_core.environment:checking '/home/spaceshipecsat/ur_10_CatapultTest/install/robotiq_controllers/lib/python3.10/site-packages'
[0.255s] Level 1:colcon.colcon_core.environment:checking '/home/spaceshipecsat/ur_10_CatapultTest/install/robotiq_controllers/bin'
[0.255s] INFO:colcon.colcon_core.shell:Creating package script '/home/spaceshipecsat/ur_10_CatapultTest/install/robotiq_controllers/share/robotiq_controllers/package.ps1'
[0.255s] INFO:colcon.colcon_core.shell:Creating package descriptor '/home/spaceshipecsat/ur_10_CatapultTest/install/robotiq_controllers/share/robotiq_controllers/package.dsv'
[0.255s] INFO:colcon.colcon_core.shell:Creating package script '/home/spaceshipecsat/ur_10_CatapultTest/install/robotiq_controllers/share/robotiq_controllers/package.sh'
[0.256s] INFO:colcon.colcon_core.shell:Creating package script '/home/spaceshipecsat/ur_10_CatapultTest/install/robotiq_controllers/share/robotiq_controllers/package.bash'
[0.256s] INFO:colcon.colcon_core.shell:Creating package script '/home/spaceshipecsat/ur_10_CatapultTest/install/robotiq_controllers/share/robotiq_controllers/package.zsh'
[0.256s] Level 1:colcon.colcon_core.environment:create_file_with_runtime_dependencies(/home/spaceshipecsat/ur_10_CatapultTest/install/robotiq_controllers/share/colcon-core/packages/robotiq_controllers)
[0.257s] Level 1:colcon.colcon_core.environment:create_environment_scripts_only(robotiq_controllers)
[0.257s] Level 1:colcon.colcon_core.environment:checking '/home/spaceshipecsat/ur_10_CatapultTest/install/robotiq_controllers' for CMake module files
[0.257s] Level 1:colcon.colcon_core.environment:checking '/home/spaceshipecsat/ur_10_CatapultTest/install/robotiq_controllers' for CMake config files
[0.257s] Level 1:colcon.colcon_core.shell:create_environment_hook('robotiq_controllers', 'cmake_prefix_path')
[0.258s] INFO:colcon.colcon_core.shell:Creating environment hook '/home/spaceshipecsat/ur_10_CatapultTest/install/robotiq_controllers/share/robotiq_controllers/hook/cmake_prefix_path.ps1'
[0.258s] INFO:colcon.colcon_core.shell:Creating environment descriptor '/home/spaceshipecsat/ur_10_CatapultTest/install/robotiq_controllers/share/robotiq_controllers/hook/cmake_prefix_path.dsv'
[0.258s] INFO:colcon.colcon_core.shell:Creating environment hook '/home/spaceshipecsat/ur_10_CatapultTest/install/robotiq_controllers/share/robotiq_controllers/hook/cmake_prefix_path.sh'
[0.259s] Level 1:colcon.colcon_core.environment:checking '/home/spaceshipecsat/ur_10_CatapultTest/install/robotiq_controllers/lib'
[0.259s] Level 1:colcon.colcon_core.shell:create_environment_hook('robotiq_controllers', 'ld_library_path_lib')
[0.259s] INFO:colcon.colcon_core.shell:Creating environment hook '/home/spaceshipecsat/ur_10_CatapultTest/install/robotiq_controllers/share/robotiq_controllers/hook/ld_library_path_lib.ps1'
[0.259s] INFO:colcon.colcon_core.shell:Creating environment descriptor '/home/spaceshipecsat/ur_10_CatapultTest/install/robotiq_controllers/share/robotiq_controllers/hook/ld_library_path_lib.dsv'
[0.259s] INFO:colcon.colcon_core.shell:Creating environment hook '/home/spaceshipecsat/ur_10_CatapultTest/install/robotiq_controllers/share/robotiq_controllers/hook/ld_library_path_lib.sh'
[0.260s] Level 1:colcon.colcon_core.environment:checking '/home/spaceshipecsat/ur_10_CatapultTest/install/robotiq_controllers/bin'
[0.260s] Level 1:colcon.colcon_core.environment:checking '/home/spaceshipecsat/ur_10_CatapultTest/install/robotiq_controllers/lib/pkgconfig/robotiq_controllers.pc'
[0.260s] Level 1:colcon.colcon_core.environment:checking '/home/spaceshipecsat/ur_10_CatapultTest/install/robotiq_controllers/lib/python3.10/site-packages'
[0.260s] Level 1:colcon.colcon_core.environment:checking '/home/spaceshipecsat/ur_10_CatapultTest/install/robotiq_controllers/bin'
[0.260s] INFO:colcon.colcon_core.shell:Creating package script '/home/spaceshipecsat/ur_10_CatapultTest/install/robotiq_controllers/share/robotiq_controllers/package.ps1'
[0.260s] INFO:colcon.colcon_core.shell:Creating package descriptor '/home/spaceshipecsat/ur_10_CatapultTest/install/robotiq_controllers/share/robotiq_controllers/package.dsv'
[0.261s] INFO:colcon.colcon_core.shell:Creating package script '/home/spaceshipecsat/ur_10_CatapultTest/install/robotiq_controllers/share/robotiq_controllers/package.sh'
[0.261s] INFO:colcon.colcon_core.shell:Creating package script '/home/spaceshipecsat/ur_10_CatapultTest/install/robotiq_controllers/share/robotiq_controllers/package.bash'
[0.261s] INFO:colcon.colcon_core.shell:Creating package script '/home/spaceshipecsat/ur_10_CatapultTest/install/robotiq_controllers/share/robotiq_controllers/package.zsh'
[0.262s] Level 1:colcon.colcon_core.environment:create_file_with_runtime_dependencies(/home/spaceshipecsat/ur_10_CatapultTest/install/robotiq_controllers/share/colcon-core/packages/robotiq_controllers)
[0.273s] DEBUG:colcon.colcon_core.event_handler.log_command:Invoked command in '/home/spaceshipecsat/ur_10_CatapultTest/build/ur_simulation_gazebo' returned '0': CMAKE_PREFIX_PATH=/home/spaceshipecsat/ur_10_CatapultTest/install/ur_description:/home/spaceshipecsat/ur_10_CatapultTest/install/ur_simulation_gazebo:/home/spaceshipecsat/ur_10_CatapultTest/install/ros2_linkattacher:/home/spaceshipecsat/ur_10_CatapultTest/install/robotiq_description:/home/spaceshipecsat/ur_10_CatapultTest/install/robotiq_controllers:/home/spaceshipecsat/ur_10_CatapultTest/install/linkattacher_msgs:/opt/ros/humble /usr/bin/cmake --build /home/spaceshipecsat/ur_10_CatapultTest/build/ur_simulation_gazebo -- -j32 -l32
[0.274s] DEBUG:colcon.colcon_core.event_handler.log_command:Invoking command in '/home/spaceshipecsat/ur_10_CatapultTest/build/ur_simulation_gazebo': CMAKE_PREFIX_PATH=/home/spaceshipecsat/ur_10_CatapultTest/install/ur_description:/home/spaceshipecsat/ur_10_CatapultTest/install/ur_simulation_gazebo:/home/spaceshipecsat/ur_10_CatapultTest/install/ros2_linkattacher:/home/spaceshipecsat/ur_10_CatapultTest/install/robotiq_description:/home/spaceshipecsat/ur_10_CatapultTest/install/robotiq_controllers:/home/spaceshipecsat/ur_10_CatapultTest/install/linkattacher_msgs:/opt/ros/humble /usr/bin/cmake --install /home/spaceshipecsat/ur_10_CatapultTest/build/ur_simulation_gazebo
[0.285s] Level 1:colcon.colcon_core.environment:create_environment_scripts_only(ur_simulation_gazebo)
[0.285s] Level 1:colcon.colcon_core.environment:checking '/home/spaceshipecsat/ur_10_CatapultTest/install/ur_simulation_gazebo' for CMake module files
[0.285s] DEBUG:colcon.colcon_core.event_handler.log_command:Invoked command in '/home/spaceshipecsat/ur_10_CatapultTest/build/ur_simulation_gazebo' returned '0': CMAKE_PREFIX_PATH=/home/spaceshipecsat/ur_10_CatapultTest/install/ur_description:/home/spaceshipecsat/ur_10_CatapultTest/install/ur_simulation_gazebo:/home/spaceshipecsat/ur_10_CatapultTest/install/ros2_linkattacher:/home/spaceshipecsat/ur_10_CatapultTest/install/robotiq_description:/home/spaceshipecsat/ur_10_CatapultTest/install/robotiq_controllers:/home/spaceshipecsat/ur_10_CatapultTest/install/linkattacher_msgs:/opt/ros/humble /usr/bin/cmake --install /home/spaceshipecsat/ur_10_CatapultTest/build/ur_simulation_gazebo
[0.286s] Level 1:colcon.colcon_core.environment:checking '/home/spaceshipecsat/ur_10_CatapultTest/install/ur_simulation_gazebo' for CMake config files
[0.286s] Level 1:colcon.colcon_core.shell:create_environment_hook('ur_simulation_gazebo', 'cmake_prefix_path')
[0.286s] INFO:colcon.colcon_core.shell:Creating environment hook '/home/spaceshipecsat/ur_10_CatapultTest/install/ur_simulation_gazebo/share/ur_simulation_gazebo/hook/cmake_prefix_path.ps1'
[0.286s] INFO:colcon.colcon_core.shell:Creating environment descriptor '/home/spaceshipecsat/ur_10_CatapultTest/install/ur_simulation_gazebo/share/ur_simulation_gazebo/hook/cmake_prefix_path.dsv'
[0.287s] INFO:colcon.colcon_core.shell:Creating environment hook '/home/spaceshipecsat/ur_10_CatapultTest/install/ur_simulation_gazebo/share/ur_simulation_gazebo/hook/cmake_prefix_path.sh'
[0.287s] Level 1:colcon.colcon_core.environment:checking '/home/spaceshipecsat/ur_10_CatapultTest/install/ur_simulation_gazebo/bin'
[0.287s] Level 1:colcon.colcon_core.environment:checking '/home/spaceshipecsat/ur_10_CatapultTest/install/ur_simulation_gazebo/lib/pkgconfig/ur_simulation_gazebo.pc'
[0.287s] Level 1:colcon.colcon_core.environment:checking '/home/spaceshipecsat/ur_10_CatapultTest/install/ur_simulation_gazebo/lib/python3.10/site-packages'
[0.287s] Level 1:colcon.colcon_core.environment:checking '/home/spaceshipecsat/ur_10_CatapultTest/install/ur_simulation_gazebo/bin'
[0.287s] INFO:colcon.colcon_core.shell:Creating package script '/home/spaceshipecsat/ur_10_CatapultTest/install/ur_simulation_gazebo/share/ur_simulation_gazebo/package.ps1'
[0.288s] INFO:colcon.colcon_core.shell:Creating package descriptor '/home/spaceshipecsat/ur_10_CatapultTest/install/ur_simulation_gazebo/share/ur_simulation_gazebo/package.dsv'
[0.288s] INFO:colcon.colcon_core.shell:Creating package script '/home/spaceshipecsat/ur_10_CatapultTest/install/ur_simulation_gazebo/share/ur_simulation_gazebo/package.sh'
[0.288s] INFO:colcon.colcon_core.shell:Creating package script '/home/spaceshipecsat/ur_10_CatapultTest/install/ur_simulation_gazebo/share/ur_simulation_gazebo/package.bash'
[0.289s] INFO:colcon.colcon_core.shell:Creating package script '/home/spaceshipecsat/ur_10_CatapultTest/install/ur_simulation_gazebo/share/ur_simulation_gazebo/package.zsh'
[0.289s] Level 1:colcon.colcon_core.environment:create_file_with_runtime_dependencies(/home/spaceshipecsat/ur_10_CatapultTest/install/ur_simulation_gazebo/share/colcon-core/packages/ur_simulation_gazebo)
[0.289s] Level 1:colcon.colcon_core.environment:create_environment_scripts_only(ur_simulation_gazebo)
[0.289s] Level 1:colcon.colcon_core.environment:checking '/home/spaceshipecsat/ur_10_CatapultTest/install/ur_simulation_gazebo' for CMake module files
[0.290s] Level 1:colcon.colcon_core.environment:checking '/home/spaceshipecsat/ur_10_CatapultTest/install/ur_simulation_gazebo' for CMake config files
[0.290s] Level 1:colcon.colcon_core.shell:create_environment_hook('ur_simulation_gazebo', 'cmake_prefix_path')
[0.290s] INFO:colcon.colcon_core.shell:Creating environment hook '/home/spaceshipecsat/ur_10_CatapultTest/install/ur_simulation_gazebo/share/ur_simulation_gazebo/hook/cmake_prefix_path.ps1'
[0.290s] INFO:colcon.colcon_core.shell:Creating environment descriptor '/home/spaceshipecsat/ur_10_CatapultTest/install/ur_simulation_gazebo/share/ur_simulation_gazebo/hook/cmake_prefix_path.dsv'
[0.290s] INFO:colcon.colcon_core.shell:Creating environment hook '/home/spaceshipecsat/ur_10_CatapultTest/install/ur_simulation_gazebo/share/ur_simulation_gazebo/hook/cmake_prefix_path.sh'
[0.291s] Level 1:colcon.colcon_core.environment:checking '/home/spaceshipecsat/ur_10_CatapultTest/install/ur_simulation_gazebo/bin'
[0.291s] Level 1:colcon.colcon_core.environment:checking '/home/spaceshipecsat/ur_10_CatapultTest/install/ur_simulation_gazebo/lib/pkgconfig/ur_simulation_gazebo.pc'
[0.291s] Level 1:colcon.colcon_core.environment:checking '/home/spaceshipecsat/ur_10_CatapultTest/install/ur_simulation_gazebo/lib/python3.10/site-packages'
[0.291s] Level 1:colcon.colcon_core.environment:checking '/home/spaceshipecsat/ur_10_CatapultTest/install/ur_simulation_gazebo/bin'
[0.291s] INFO:colcon.colcon_core.shell:Creating package script '/home/spaceshipecsat/ur_10_CatapultTest/install/ur_simulation_gazebo/share/ur_simulation_gazebo/package.ps1'
[0.292s] INFO:colcon.colcon_core.shell:Creating package descriptor '/home/spaceshipecsat/ur_10_CatapultTest/install/ur_simulation_gazebo/share/ur_simulation_gazebo/package.dsv'
[0.292s] INFO:colcon.colcon_core.shell:Creating package script '/home/spaceshipecsat/ur_10_CatapultTest/install/ur_simulation_gazebo/share/ur_simulation_gazebo/package.sh'
[0.292s] INFO:colcon.colcon_core.shell:Creating package script '/home/spaceshipecsat/ur_10_CatapultTest/install/ur_simulation_gazebo/share/ur_simulation_gazebo/package.bash'
[0.293s] INFO:colcon.colcon_core.shell:Creating package script '/home/spaceshipecsat/ur_10_CatapultTest/install/ur_simulation_gazebo/share/ur_simulation_gazebo/package.zsh'
[0.293s] Level 1:colcon.colcon_core.environment:create_file_with_runtime_dependencies(/home/spaceshipecsat/ur_10_CatapultTest/install/ur_simulation_gazebo/share/colcon-core/packages/ur_simulation_gazebo)
[0.682s] DEBUG:colcon.colcon_core.event_handler.log_command:Invoked command in '/home/spaceshipecsat/ur_10_CatapultTest/build/linkattacher_msgs' returned '0': CMAKE_PREFIX_PATH=${CMAKE_PREFIX_PATH}:/opt/ros/humble /usr/bin/cmake /home/spaceshipecsat/ur_10_CatapultTest/src/IFRA_LinkAttacher/linkattacher_msgs -DAMENT_CMAKE_SYMLINK_INSTALL=1 -DCMAKE_INSTALL_PREFIX=/home/spaceshipecsat/ur_10_CatapultTest/install/linkattacher_msgs
[0.683s] DEBUG:colcon.colcon_core.event_handler.log_command:Invoking command in '/home/spaceshipecsat/ur_10_CatapultTest/build/linkattacher_msgs': CMAKE_PREFIX_PATH=${CMAKE_PREFIX_PATH}:/opt/ros/humble /usr/bin/cmake --build /home/spaceshipecsat/ur_10_CatapultTest/build/linkattacher_msgs -- -j32 -l32
[0.746s] DEBUG:colcon.colcon_core.event_handler.log_command:Invoked command in '/home/spaceshipecsat/ur_10_CatapultTest/build/ur_yt_sim' returned '0': CMAKE_PREFIX_PATH=/home/spaceshipecsat/ur_10_CatapultTest/install/ur_description:/home/spaceshipecsat/ur_10_CatapultTest/install/robotiq_description:/home/spaceshipecsat/ur_10_CatapultTest/install/ur_simulation_gazebo:/home/spaceshipecsat/ur_10_CatapultTest/install/ros2_linkattacher:/home/spaceshipecsat/ur_10_CatapultTest/install/robotiq_controllers:/home/spaceshipecsat/ur_10_CatapultTest/install/linkattacher_msgs:/opt/ros/humble /usr/bin/cmake /home/spaceshipecsat/ur_10_CatapultTest/src/ur_yt_sim -DAMENT_CMAKE_SYMLINK_INSTALL=1 -DCMAKE_INSTALL_PREFIX=/home/spaceshipecsat/ur_10_CatapultTest/install/ur_yt_sim
[0.747s] DEBUG:colcon.colcon_core.event_handler.log_command:Invoking command in '/home/spaceshipecsat/ur_10_CatapultTest/build/ur_yt_sim': CMAKE_PREFIX_PATH=/home/spaceshipecsat/ur_10_CatapultTest/install/ur_description:/home/spaceshipecsat/ur_10_CatapultTest/install/robotiq_description:/home/spaceshipecsat/ur_10_CatapultTest/install/ur_simulation_gazebo:/home/spaceshipecsat/ur_10_CatapultTest/install/ros2_linkattacher:/home/spaceshipecsat/ur_10_CatapultTest/install/robotiq_controllers:/home/spaceshipecsat/ur_10_CatapultTest/install/linkattacher_msgs:/opt/ros/humble /usr/bin/cmake --build /home/spaceshipecsat/ur_10_CatapultTest/build/ur_yt_sim -- -j32 -l32
[0.853s] DEBUG:colcon.colcon_core.event_handler.log_command:Invoked command in '/home/spaceshipecsat/ur_10_CatapultTest/build/linkattacher_msgs' returned '0': CMAKE_PREFIX_PATH=${CMAKE_PREFIX_PATH}:/opt/ros/humble /usr/bin/cmake --build /home/spaceshipecsat/ur_10_CatapultTest/build/linkattacher_msgs -- -j32 -l32
[0.854s] DEBUG:colcon.colcon_core.event_handler.log_command:Invoking command in '/home/spaceshipecsat/ur_10_CatapultTest/build/linkattacher_msgs': CMAKE_PREFIX_PATH=${CMAKE_PREFIX_PATH}:/opt/ros/humble /usr/bin/cmake --install /home/spaceshipecsat/ur_10_CatapultTest/build/linkattacher_msgs
[0.890s] Level 1:colcon.colcon_core.environment:create_environment_scripts_only(linkattacher_msgs)
[0.890s] DEBUG:colcon.colcon_core.event_handler.log_command:Invoked command in '/home/spaceshipecsat/ur_10_CatapultTest/build/linkattacher_msgs' returned '0': CMAKE_PREFIX_PATH=${CMAKE_PREFIX_PATH}:/opt/ros/humble /usr/bin/cmake --install /home/spaceshipecsat/ur_10_CatapultTest/build/linkattacher_msgs
[0.890s] Level 1:colcon.colcon_core.environment:checking '/home/spaceshipecsat/ur_10_CatapultTest/install/linkattacher_msgs' for CMake module files
[0.891s] Level 1:colcon.colcon_core.environment:checking '/home/spaceshipecsat/ur_10_CatapultTest/install/linkattacher_msgs' for CMake config files
[0.891s] Level 1:colcon.colcon_core.shell:create_environment_hook('linkattacher_msgs', 'cmake_prefix_path')
[0.891s] INFO:colcon.colcon_core.shell:Creating environment hook '/home/spaceshipecsat/ur_10_CatapultTest/install/linkattacher_msgs/share/linkattacher_msgs/hook/cmake_prefix_path.ps1'
[0.891s] INFO:colcon.colcon_core.shell:Creating environment descriptor '/home/spaceshipecsat/ur_10_CatapultTest/install/linkattacher_msgs/share/linkattacher_msgs/hook/cmake_prefix_path.dsv'
[0.892s] INFO:colcon.colcon_core.shell:Creating environment hook '/home/spaceshipecsat/ur_10_CatapultTest/install/linkattacher_msgs/share/linkattacher_msgs/hook/cmake_prefix_path.sh'
[0.892s] Level 1:colcon.colcon_core.environment:checking '/home/spaceshipecsat/ur_10_CatapultTest/install/linkattacher_msgs/lib'
[0.892s] Level 1:colcon.colcon_core.shell:create_environment_hook('linkattacher_msgs', 'ld_library_path_lib')
[0.892s] INFO:colcon.colcon_core.shell:Creating environment hook '/home/spaceshipecsat/ur_10_CatapultTest/install/linkattacher_msgs/share/linkattacher_msgs/hook/ld_library_path_lib.ps1'
[0.893s] INFO:colcon.colcon_core.shell:Creating environment descriptor '/home/spaceshipecsat/ur_10_CatapultTest/install/linkattacher_msgs/share/linkattacher_msgs/hook/ld_library_path_lib.dsv'
[0.893s] INFO:colcon.colcon_core.shell:Creating environment hook '/home/spaceshipecsat/ur_10_CatapultTest/install/linkattacher_msgs/share/linkattacher_msgs/hook/ld_library_path_lib.sh'
[0.893s] Level 1:colcon.colcon_core.environment:checking '/home/spaceshipecsat/ur_10_CatapultTest/install/linkattacher_msgs/bin'
[0.893s] Level 1:colcon.colcon_core.environment:checking '/home/spaceshipecsat/ur_10_CatapultTest/install/linkattacher_msgs/lib/pkgconfig/linkattacher_msgs.pc'
[0.893s] Level 1:colcon.colcon_core.environment:checking '/home/spaceshipecsat/ur_10_CatapultTest/install/linkattacher_msgs/lib/python3.10/site-packages'
[0.893s] Level 1:colcon.colcon_core.environment:checking '/home/spaceshipecsat/ur_10_CatapultTest/install/linkattacher_msgs/bin'
[0.894s] INFO:colcon.colcon_core.shell:Creating package script '/home/spaceshipecsat/ur_10_CatapultTest/install/linkattacher_msgs/share/linkattacher_msgs/package.ps1'
[0.894s] INFO:colcon.colcon_core.shell:Creating package descriptor '/home/spaceshipecsat/ur_10_CatapultTest/install/linkattacher_msgs/share/linkattacher_msgs/package.dsv'
[0.894s] INFO:colcon.colcon_core.shell:Creating package script '/home/spaceshipecsat/ur_10_CatapultTest/install/linkattacher_msgs/share/linkattacher_msgs/package.sh'
[0.895s] INFO:colcon.colcon_core.shell:Creating package script '/home/spaceshipecsat/ur_10_CatapultTest/install/linkattacher_msgs/share/linkattacher_msgs/package.bash'
[0.895s] INFO:colcon.colcon_core.shell:Creating package script '/home/spaceshipecsat/ur_10_CatapultTest/install/linkattacher_msgs/share/linkattacher_msgs/package.zsh'
[0.895s] Level 1:colcon.colcon_core.environment:create_file_with_runtime_dependencies(/home/spaceshipecsat/ur_10_CatapultTest/install/linkattacher_msgs/share/colcon-core/packages/linkattacher_msgs)
[0.895s] Level 1:colcon.colcon_core.environment:create_environment_scripts_only(linkattacher_msgs)
[0.896s] Level 1:colcon.colcon_core.environment:checking '/home/spaceshipecsat/ur_10_CatapultTest/install/linkattacher_msgs' for CMake module files
[0.896s] Level 1:colcon.colcon_core.environment:checking '/home/spaceshipecsat/ur_10_CatapultTest/install/linkattacher_msgs' for CMake config files
[0.896s] Level 1:colcon.colcon_core.shell:create_environment_hook('linkattacher_msgs', 'cmake_prefix_path')
[0.897s] INFO:colcon.colcon_core.shell:Creating environment hook '/home/spaceshipecsat/ur_10_CatapultTest/install/linkattacher_msgs/share/linkattacher_msgs/hook/cmake_prefix_path.ps1'
[0.897s] INFO:colcon.colcon_core.shell:Creating environment descriptor '/home/spaceshipecsat/ur_10_CatapultTest/install/linkattacher_msgs/share/linkattacher_msgs/hook/cmake_prefix_path.dsv'
[0.897s] INFO:colcon.colcon_core.shell:Creating environment hook '/home/spaceshipecsat/ur_10_CatapultTest/install/linkattacher_msgs/share/linkattacher_msgs/hook/cmake_prefix_path.sh'
[0.897s] Level 1:colcon.colcon_core.environment:checking '/home/spaceshipecsat/ur_10_CatapultTest/install/linkattacher_msgs/lib'
[0.897s] Level 1:colcon.colcon_core.shell:create_environment_hook('linkattacher_msgs', 'ld_library_path_lib')
[0.898s] INFO:colcon.colcon_core.shell:Creating environment hook '/home/spaceshipecsat/ur_10_CatapultTest/install/linkattacher_msgs/share/linkattacher_msgs/hook/ld_library_path_lib.ps1'
[0.898s] INFO:colcon.colcon_core.shell:Creating environment descriptor '/home/spaceshipecsat/ur_10_CatapultTest/install/linkattacher_msgs/share/linkattacher_msgs/hook/ld_library_path_lib.dsv'
[0.898s] INFO:colcon.colcon_core.shell:Creating environment hook '/home/spaceshipecsat/ur_10_CatapultTest/install/linkattacher_msgs/share/linkattacher_msgs/hook/ld_library_path_lib.sh'
[0.898s] Level 1:colcon.colcon_core.environment:checking '/home/spaceshipecsat/ur_10_CatapultTest/install/linkattacher_msgs/bin'
[0.899s] Level 1:colcon.colcon_core.environment:checking '/home/spaceshipecsat/ur_10_CatapultTest/install/linkattacher_msgs/lib/pkgconfig/linkattacher_msgs.pc'
[0.899s] Level 1:colcon.colcon_core.environment:checking '/home/spaceshipecsat/ur_10_CatapultTest/install/linkattacher_msgs/lib/python3.10/site-packages'
[0.899s] Level 1:colcon.colcon_core.environment:checking '/home/spaceshipecsat/ur_10_CatapultTest/install/linkattacher_msgs/bin'
[0.899s] INFO:colcon.colcon_core.shell:Creating package script '/home/spaceshipecsat/ur_10_CatapultTest/install/linkattacher_msgs/share/linkattacher_msgs/package.ps1'
[0.899s] INFO:colcon.colcon_core.shell:Creating package descriptor '/home/spaceshipecsat/ur_10_CatapultTest/install/linkattacher_msgs/share/linkattacher_msgs/package.dsv'
[0.899s] INFO:colcon.colcon_core.shell:Creating package script '/home/spaceshipecsat/ur_10_CatapultTest/install/linkattacher_msgs/share/linkattacher_msgs/package.sh'
[0.899s] INFO:colcon.colcon_core.shell:Creating package script '/home/spaceshipecsat/ur_10_CatapultTest/install/linkattacher_msgs/share/linkattacher_msgs/package.bash'
[0.900s] INFO:colcon.colcon_core.shell:Creating package script '/home/spaceshipecsat/ur_10_CatapultTest/install/linkattacher_msgs/share/linkattacher_msgs/package.zsh'
[0.900s] Level 1:colcon.colcon_core.environment:create_file_with_runtime_dependencies(/home/spaceshipecsat/ur_10_CatapultTest/install/linkattacher_msgs/share/colcon-core/packages/linkattacher_msgs)
[0.900s] INFO:colcon.colcon_ros.task.ament_cmake.build:Building ROS package in '/home/spaceshipecsat/ur_10_CatapultTest/src/IFRA_LinkAttacher/ros2_LinkAttacher' with build type 'ament_cmake'
[0.900s] INFO:colcon.colcon_cmake.task.cmake.build:Building CMake package in '/home/spaceshipecsat/ur_10_CatapultTest/src/IFRA_LinkAttacher/ros2_LinkAttacher'
[0.900s] INFO:colcon.colcon_core.shell:Skip shell extension 'powershell' for command environment: Not usable outside of PowerShell
[0.900s] DEBUG:colcon.colcon_core.shell:Skip shell extension 'dsv' for command environment
[0.906s] DEBUG:colcon.colcon_core.event_handler.log_command:Invoking command in '/home/spaceshipecsat/ur_10_CatapultTest/build/ros2_linkattacher': CMAKE_PREFIX_PATH=/home/spaceshipecsat/ur_10_CatapultTest/install/linkattacher_msgs:/home/spaceshipecsat/ur_10_CatapultTest/install/ur_simulation_gazebo:/home/spaceshipecsat/ur_10_CatapultTest/install/ur_description:/home/spaceshipecsat/ur_10_CatapultTest/install/ros2_linkattacher:/home/spaceshipecsat/ur_10_CatapultTest/install/robotiq_description:/home/spaceshipecsat/ur_10_CatapultTest/install/robotiq_controllers:/opt/ros/humble LD_LIBRARY_PATH=/home/spaceshipecsat/ur_10_CatapultTest/install/linkattacher_msgs/lib:/home/spaceshipecsat/ur_10_CatapultTest/install/ros2_linkattacher/lib:/home/spaceshipecsat/ur_10_CatapultTest/install/robotiq_controllers/lib:/usr/lib/x86_64-linux-gnu/gazebo-11/plugins:/opt/ros/humble/opt/rviz_ogre_vendor/lib:/opt/ros/humble/lib/x86_64-linux-gnu:/opt/ros/humble/lib /usr/bin/cmake /home/spaceshipecsat/ur_10_CatapultTest/src/IFRA_LinkAttacher/ros2_LinkAttacher -DAMENT_CMAKE_SYMLINK_INSTALL=1 -DCMAKE_INSTALL_PREFIX=/home/spaceshipecsat/ur_10_CatapultTest/install/ros2_linkattacher
[1.501s] DEBUG:colcon.colcon_core.event_handler.log_command:Invoked command in '/home/spaceshipecsat/ur_10_CatapultTest/build/ros2_linkattacher' returned '0': CMAKE_PREFIX_PATH=/home/spaceshipecsat/ur_10_CatapultTest/install/linkattacher_msgs:/home/spaceshipecsat/ur_10_CatapultTest/install/ur_simulation_gazebo:/home/spaceshipecsat/ur_10_CatapultTest/install/ur_description:/home/spaceshipecsat/ur_10_CatapultTest/install/ros2_linkattacher:/home/spaceshipecsat/ur_10_CatapultTest/install/robotiq_description:/home/spaceshipecsat/ur_10_CatapultTest/install/robotiq_controllers:/opt/ros/humble LD_LIBRARY_PATH=/home/spaceshipecsat/ur_10_CatapultTest/install/linkattacher_msgs/lib:/home/spaceshipecsat/ur_10_CatapultTest/install/ros2_linkattacher/lib:/home/spaceshipecsat/ur_10_CatapultTest/install/robotiq_controllers/lib:/usr/lib/x86_64-linux-gnu/gazebo-11/plugins:/opt/ros/humble/opt/rviz_ogre_vendor/lib:/opt/ros/humble/lib/x86_64-linux-gnu:/opt/ros/humble/lib /usr/bin/cmake /home/spaceshipecsat/ur_10_CatapultTest/src/IFRA_LinkAttacher/ros2_LinkAttacher -DAMENT_CMAKE_SYMLINK_INSTALL=1 -DCMAKE_INSTALL_PREFIX=/home/spaceshipecsat/ur_10_CatapultTest/install/ros2_linkattacher
[1.501s] DEBUG:colcon.colcon_core.event_handler.log_command:Invoking command in '/home/spaceshipecsat/ur_10_CatapultTest/build/ros2_linkattacher': CMAKE_PREFIX_PATH=/home/spaceshipecsat/ur_10_CatapultTest/install/linkattacher_msgs:/home/spaceshipecsat/ur_10_CatapultTest/install/ur_simulation_gazebo:/home/spaceshipecsat/ur_10_CatapultTest/install/ur_description:/home/spaceshipecsat/ur_10_CatapultTest/install/ros2_linkattacher:/home/spaceshipecsat/ur_10_CatapultTest/install/robotiq_description:/home/spaceshipecsat/ur_10_CatapultTest/install/robotiq_controllers:/opt/ros/humble LD_LIBRARY_PATH=/home/spaceshipecsat/ur_10_CatapultTest/install/linkattacher_msgs/lib:/home/spaceshipecsat/ur_10_CatapultTest/install/ros2_linkattacher/lib:/home/spaceshipecsat/ur_10_CatapultTest/install/robotiq_controllers/lib:/usr/lib/x86_64-linux-gnu/gazebo-11/plugins:/opt/ros/humble/opt/rviz_ogre_vendor/lib:/opt/ros/humble/lib/x86_64-linux-gnu:/opt/ros/humble/lib /usr/bin/cmake --build /home/spaceshipecsat/ur_10_CatapultTest/build/ros2_linkattacher -- -j32 -l32
[1.553s] DEBUG:colcon.colcon_core.event_handler.log_command:Invoked command in '/home/spaceshipecsat/ur_10_CatapultTest/build/ros2_linkattacher' returned '0': CMAKE_PREFIX_PATH=/home/spaceshipecsat/ur_10_CatapultTest/install/linkattacher_msgs:/home/spaceshipecsat/ur_10_CatapultTest/install/ur_simulation_gazebo:/home/spaceshipecsat/ur_10_CatapultTest/install/ur_description:/home/spaceshipecsat/ur_10_CatapultTest/install/ros2_linkattacher:/home/spaceshipecsat/ur_10_CatapultTest/install/robotiq_description:/home/spaceshipecsat/ur_10_CatapultTest/install/robotiq_controllers:/opt/ros/humble LD_LIBRARY_PATH=/home/spaceshipecsat/ur_10_CatapultTest/install/linkattacher_msgs/lib:/home/spaceshipecsat/ur_10_CatapultTest/install/ros2_linkattacher/lib:/home/spaceshipecsat/ur_10_CatapultTest/install/robotiq_controllers/lib:/usr/lib/x86_64-linux-gnu/gazebo-11/plugins:/opt/ros/humble/opt/rviz_ogre_vendor/lib:/opt/ros/humble/lib/x86_64-linux-gnu:/opt/ros/humble/lib /usr/bin/cmake --build /home/spaceshipecsat/ur_10_CatapultTest/build/ros2_linkattacher -- -j32 -l32
[1.555s] DEBUG:colcon.colcon_core.event_handler.log_command:Invoking command in '/home/spaceshipecsat/ur_10_CatapultTest/build/ros2_linkattacher': CMAKE_PREFIX_PATH=/home/spaceshipecsat/ur_10_CatapultTest/install/linkattacher_msgs:/home/spaceshipecsat/ur_10_CatapultTest/install/ur_simulation_gazebo:/home/spaceshipecsat/ur_10_CatapultTest/install/ur_description:/home/spaceshipecsat/ur_10_CatapultTest/install/ros2_linkattacher:/home/spaceshipecsat/ur_10_CatapultTest/install/robotiq_description:/home/spaceshipecsat/ur_10_CatapultTest/install/robotiq_controllers:/opt/ros/humble LD_LIBRARY_PATH=/home/spaceshipecsat/ur_10_CatapultTest/install/linkattacher_msgs/lib:/home/spaceshipecsat/ur_10_CatapultTest/install/ros2_linkattacher/lib:/home/spaceshipecsat/ur_10_CatapultTest/install/robotiq_controllers/lib:/usr/lib/x86_64-linux-gnu/gazebo-11/plugins:/opt/ros/humble/opt/rviz_ogre_vendor/lib:/opt/ros/humble/lib/x86_64-linux-gnu:/opt/ros/humble/lib /usr/bin/cmake --install /home/spaceshipecsat/ur_10_CatapultTest/build/ros2_linkattacher
[1.568s] Level 1:colcon.colcon_core.environment:create_environment_scripts_only(ros2_linkattacher)
[1.568s] DEBUG:colcon.colcon_core.event_handler.log_command:Invoked command in '/home/spaceshipecsat/ur_10_CatapultTest/build/ros2_linkattacher' returned '0': CMAKE_PREFIX_PATH=/home/spaceshipecsat/ur_10_CatapultTest/install/linkattacher_msgs:/home/spaceshipecsat/ur_10_CatapultTest/install/ur_simulation_gazebo:/home/spaceshipecsat/ur_10_CatapultTest/install/ur_description:/home/spaceshipecsat/ur_10_CatapultTest/install/ros2_linkattacher:/home/spaceshipecsat/ur_10_CatapultTest/install/robotiq_description:/home/spaceshipecsat/ur_10_CatapultTest/install/robotiq_controllers:/opt/ros/humble LD_LIBRARY_PATH=/home/spaceshipecsat/ur_10_CatapultTest/install/linkattacher_msgs/lib:/home/spaceshipecsat/ur_10_CatapultTest/install/ros2_linkattacher/lib:/home/spaceshipecsat/ur_10_CatapultTest/install/robotiq_controllers/lib:/usr/lib/x86_64-linux-gnu/gazebo-11/plugins:/opt/ros/humble/opt/rviz_ogre_vendor/lib:/opt/ros/humble/lib/x86_64-linux-gnu:/opt/ros/humble/lib /usr/bin/cmake --install /home/spaceshipecsat/ur_10_CatapultTest/build/ros2_linkattacher
[1.568s] Level 1:colcon.colcon_core.environment:checking '/home/spaceshipecsat/ur_10_CatapultTest/install/ros2_linkattacher' for CMake module files
[1.569s] Level 1:colcon.colcon_core.environment:checking '/home/spaceshipecsat/ur_10_CatapultTest/install/ros2_linkattacher' for CMake config files
[1.569s] Level 1:colcon.colcon_core.shell:create_environment_hook('ros2_linkattacher', 'cmake_prefix_path')
[1.569s] INFO:colcon.colcon_core.shell:Creating environment hook '/home/spaceshipecsat/ur_10_CatapultTest/install/ros2_linkattacher/share/ros2_linkattacher/hook/cmake_prefix_path.ps1'
[1.569s] INFO:colcon.colcon_core.shell:Creating environment descriptor '/home/spaceshipecsat/ur_10_CatapultTest/install/ros2_linkattacher/share/ros2_linkattacher/hook/cmake_prefix_path.dsv'
[1.569s] INFO:colcon.colcon_core.shell:Creating environment hook '/home/spaceshipecsat/ur_10_CatapultTest/install/ros2_linkattacher/share/ros2_linkattacher/hook/cmake_prefix_path.sh'
[1.569s] Level 1:colcon.colcon_core.environment:checking '/home/spaceshipecsat/ur_10_CatapultTest/install/ros2_linkattacher/lib'
[1.569s] Level 1:colcon.colcon_core.shell:create_environment_hook('ros2_linkattacher', 'ld_library_path_lib')
[1.569s] INFO:colcon.colcon_core.shell:Creating environment hook '/home/spaceshipecsat/ur_10_CatapultTest/install/ros2_linkattacher/share/ros2_linkattacher/hook/ld_library_path_lib.ps1'
[1.570s] INFO:colcon.colcon_core.shell:Creating environment descriptor '/home/spaceshipecsat/ur_10_CatapultTest/install/ros2_linkattacher/share/ros2_linkattacher/hook/ld_library_path_lib.dsv'
[1.570s] INFO:colcon.colcon_core.shell:Creating environment hook '/home/spaceshipecsat/ur_10_CatapultTest/install/ros2_linkattacher/share/ros2_linkattacher/hook/ld_library_path_lib.sh'
[1.570s] Level 1:colcon.colcon_core.environment:checking '/home/spaceshipecsat/ur_10_CatapultTest/install/ros2_linkattacher/bin'
[1.570s] Level 1:colcon.colcon_core.environment:checking '/home/spaceshipecsat/ur_10_CatapultTest/install/ros2_linkattacher/lib/pkgconfig/ros2_linkattacher.pc'
[1.570s] Level 1:colcon.colcon_core.environment:checking '/home/spaceshipecsat/ur_10_CatapultTest/install/ros2_linkattacher/lib/python3.10/site-packages'
[1.570s] Level 1:colcon.colcon_core.environment:checking '/home/spaceshipecsat/ur_10_CatapultTest/install/ros2_linkattacher/bin'
[1.570s] INFO:colcon.colcon_core.shell:Creating package script '/home/spaceshipecsat/ur_10_CatapultTest/install/ros2_linkattacher/share/ros2_linkattacher/package.ps1'
[1.570s] INFO:colcon.colcon_core.shell:Creating package descriptor '/home/spaceshipecsat/ur_10_CatapultTest/install/ros2_linkattacher/share/ros2_linkattacher/package.dsv'
[1.571s] INFO:colcon.colcon_core.shell:Creating package script '/home/spaceshipecsat/ur_10_CatapultTest/install/ros2_linkattacher/share/ros2_linkattacher/package.sh'
[1.571s] INFO:colcon.colcon_core.shell:Creating package script '/home/spaceshipecsat/ur_10_CatapultTest/install/ros2_linkattacher/share/ros2_linkattacher/package.bash'
[1.571s] INFO:colcon.colcon_core.shell:Creating package script '/home/spaceshipecsat/ur_10_CatapultTest/install/ros2_linkattacher/share/ros2_linkattacher/package.zsh'
[1.571s] Level 1:colcon.colcon_core.environment:create_file_with_runtime_dependencies(/home/spaceshipecsat/ur_10_CatapultTest/install/ros2_linkattacher/share/colcon-core/packages/ros2_linkattacher)
[1.571s] Level 1:colcon.colcon_core.environment:create_environment_scripts_only(ros2_linkattacher)
[1.571s] Level 1:colcon.colcon_core.environment:checking '/home/spaceshipecsat/ur_10_CatapultTest/install/ros2_linkattacher' for CMake module files
[1.571s] Level 1:colcon.colcon_core.environment:checking '/home/spaceshipecsat/ur_10_CatapultTest/install/ros2_linkattacher' for CMake config files
[1.571s] Level 1:colcon.colcon_core.shell:create_environment_hook('ros2_linkattacher', 'cmake_prefix_path')
[1.572s] INFO:colcon.colcon_core.shell:Creating environment hook '/home/spaceshipecsat/ur_10_CatapultTest/install/ros2_linkattacher/share/ros2_linkattacher/hook/cmake_prefix_path.ps1'
[1.572s] INFO:colcon.colcon_core.shell:Creating environment descriptor '/home/spaceshipecsat/ur_10_CatapultTest/install/ros2_linkattacher/share/ros2_linkattacher/hook/cmake_prefix_path.dsv'
[1.572s] INFO:colcon.colcon_core.shell:Creating environment hook '/home/spaceshipecsat/ur_10_CatapultTest/install/ros2_linkattacher/share/ros2_linkattacher/hook/cmake_prefix_path.sh'
[1.572s] Level 1:colcon.colcon_core.environment:checking '/home/spaceshipecsat/ur_10_CatapultTest/install/ros2_linkattacher/lib'
[1.572s] Level 1:colcon.colcon_core.shell:create_environment_hook('ros2_linkattacher', 'ld_library_path_lib')
[1.572s] INFO:colcon.colcon_core.shell:Creating environment hook '/home/spaceshipecsat/ur_10_CatapultTest/install/ros2_linkattacher/share/ros2_linkattacher/hook/ld_library_path_lib.ps1'
[1.572s] INFO:colcon.colcon_core.shell:Creating environment descriptor '/home/spaceshipecsat/ur_10_CatapultTest/install/ros2_linkattacher/share/ros2_linkattacher/hook/ld_library_path_lib.dsv'
[1.572s] INFO:colcon.colcon_core.shell:Creating environment hook '/home/spaceshipecsat/ur_10_CatapultTest/install/ros2_linkattacher/share/ros2_linkattacher/hook/ld_library_path_lib.sh'
[1.573s] Level 1:colcon.colcon_core.environment:checking '/home/spaceshipecsat/ur_10_CatapultTest/install/ros2_linkattacher/bin'
[1.573s] Level 1:colcon.colcon_core.environment:checking '/home/spaceshipecsat/ur_10_CatapultTest/install/ros2_linkattacher/lib/pkgconfig/ros2_linkattacher.pc'
[1.573s] Level 1:colcon.colcon_core.environment:checking '/home/spaceshipecsat/ur_10_CatapultTest/install/ros2_linkattacher/lib/python3.10/site-packages'
[1.573s] Level 1:colcon.colcon_core.environment:checking '/home/spaceshipecsat/ur_10_CatapultTest/install/ros2_linkattacher/bin'
[1.573s] INFO:colcon.colcon_core.shell:Creating package script '/home/spaceshipecsat/ur_10_CatapultTest/install/ros2_linkattacher/share/ros2_linkattacher/package.ps1'
[1.573s] INFO:colcon.colcon_core.shell:Creating package descriptor '/home/spaceshipecsat/ur_10_CatapultTest/install/ros2_linkattacher/share/ros2_linkattacher/package.dsv'
[1.573s] INFO:colcon.colcon_core.shell:Creating package script '/home/spaceshipecsat/ur_10_CatapultTest/install/ros2_linkattacher/share/ros2_linkattacher/package.sh'
[1.573s] INFO:colcon.colcon_core.shell:Creating package script '/home/spaceshipecsat/ur_10_CatapultTest/install/ros2_linkattacher/share/ros2_linkattacher/package.bash'
[1.573s] INFO:colcon.colcon_core.shell:Creating package script '/home/spaceshipecsat/ur_10_CatapultTest/install/ros2_linkattacher/share/ros2_linkattacher/package.zsh'
[1.574s] Level 1:colcon.colcon_core.environment:create_file_with_runtime_dependencies(/home/spaceshipecsat/ur_10_CatapultTest/install/ros2_linkattacher/share/colcon-core/packages/ros2_linkattacher)
[5.162s] DEBUG:colcon.colcon_core.event_handler.log_command:Invoked command in '/home/spaceshipecsat/ur_10_CatapultTest/build/ur_yt_sim' returned '0': CMAKE_PREFIX_PATH=/home/spaceshipecsat/ur_10_CatapultTest/install/ur_description:/home/spaceshipecsat/ur_10_CatapultTest/install/robotiq_description:/home/spaceshipecsat/ur_10_CatapultTest/install/ur_simulation_gazebo:/home/spaceshipecsat/ur_10_CatapultTest/install/ros2_linkattacher:/home/spaceshipecsat/ur_10_CatapultTest/install/robotiq_controllers:/home/spaceshipecsat/ur_10_CatapultTest/install/linkattacher_msgs:/opt/ros/humble /usr/bin/cmake --build /home/spaceshipecsat/ur_10_CatapultTest/build/ur_yt_sim -- -j32 -l32
[5.163s] DEBUG:colcon.colcon_core.event_handler.log_command:Invoking command in '/home/spaceshipecsat/ur_10_CatapultTest/build/ur_yt_sim': CMAKE_PREFIX_PATH=/home/spaceshipecsat/ur_10_CatapultTest/install/ur_description:/home/spaceshipecsat/ur_10_CatapultTest/install/robotiq_description:/home/spaceshipecsat/ur_10_CatapultTest/install/ur_simulation_gazebo:/home/spaceshipecsat/ur_10_CatapultTest/install/ros2_linkattacher:/home/spaceshipecsat/ur_10_CatapultTest/install/robotiq_controllers:/home/spaceshipecsat/ur_10_CatapultTest/install/linkattacher_msgs:/opt/ros/humble /usr/bin/cmake --install /home/spaceshipecsat/ur_10_CatapultTest/build/ur_yt_sim
[5.516s] Level 1:colcon.colcon_core.environment:create_environment_scripts_only(ur_yt_sim)
[5.516s] Level 1:colcon.colcon_core.environment:checking '/home/spaceshipecsat/ur_10_CatapultTest/install/ur_yt_sim' for CMake module files
[5.516s] DEBUG:colcon.colcon_core.event_handler.log_command:Invoked command in '/home/spaceshipecsat/ur_10_CatapultTest/build/ur_yt_sim' returned '0': CMAKE_PREFIX_PATH=/home/spaceshipecsat/ur_10_CatapultTest/install/ur_description:/home/spaceshipecsat/ur_10_CatapultTest/install/robotiq_description:/home/spaceshipecsat/ur_10_CatapultTest/install/ur_simulation_gazebo:/home/spaceshipecsat/ur_10_CatapultTest/install/ros2_linkattacher:/home/spaceshipecsat/ur_10_CatapultTest/install/robotiq_controllers:/home/spaceshipecsat/ur_10_CatapultTest/install/linkattacher_msgs:/opt/ros/humble /usr/bin/cmake --install /home/spaceshipecsat/ur_10_CatapultTest/build/ur_yt_sim
[5.517s] Level 1:colcon.colcon_core.environment:checking '/home/spaceshipecsat/ur_10_CatapultTest/install/ur_yt_sim' for CMake config files
[5.517s] Level 1:colcon.colcon_core.shell:create_environment_hook('ur_yt_sim', 'cmake_prefix_path')
[5.517s] INFO:colcon.colcon_core.shell:Creating environment hook '/home/spaceshipecsat/ur_10_CatapultTest/install/ur_yt_sim/share/ur_yt_sim/hook/cmake_prefix_path.ps1'
[5.517s] INFO:colcon.colcon_core.shell:Creating environment descriptor '/home/spaceshipecsat/ur_10_CatapultTest/install/ur_yt_sim/share/ur_yt_sim/hook/cmake_prefix_path.dsv'
[5.517s] INFO:colcon.colcon_core.shell:Creating environment hook '/home/spaceshipecsat/ur_10_CatapultTest/install/ur_yt_sim/share/ur_yt_sim/hook/cmake_prefix_path.sh'
[5.517s] Level 1:colcon.colcon_core.environment:checking '/home/spaceshipecsat/ur_10_CatapultTest/install/ur_yt_sim/lib'
[5.517s] Level 1:colcon.colcon_core.environment:checking '/home/spaceshipecsat/ur_10_CatapultTest/install/ur_yt_sim/bin'
[5.517s] Level 1:colcon.colcon_core.environment:checking '/home/spaceshipecsat/ur_10_CatapultTest/install/ur_yt_sim/lib/pkgconfig/ur_yt_sim.pc'
[5.518s] Level 1:colcon.colcon_core.environment:checking '/home/spaceshipecsat/ur_10_CatapultTest/install/ur_yt_sim/lib/python3.10/site-packages'
[5.518s] Level 1:colcon.colcon_core.environment:checking '/home/spaceshipecsat/ur_10_CatapultTest/install/ur_yt_sim/bin'
[5.518s] INFO:colcon.colcon_core.shell:Creating package script '/home/spaceshipecsat/ur_10_CatapultTest/install/ur_yt_sim/share/ur_yt_sim/package.ps1'
[5.518s] INFO:colcon.colcon_core.shell:Creating package descriptor '/home/spaceshipecsat/ur_10_CatapultTest/install/ur_yt_sim/share/ur_yt_sim/package.dsv'
[5.518s] INFO:colcon.colcon_core.shell:Creating package script '/home/spaceshipecsat/ur_10_CatapultTest/install/ur_yt_sim/share/ur_yt_sim/package.sh'
[5.518s] INFO:colcon.colcon_core.shell:Creating package script '/home/spaceshipecsat/ur_10_CatapultTest/install/ur_yt_sim/share/ur_yt_sim/package.bash'
[5.518s] INFO:colcon.colcon_core.shell:Creating package script '/home/spaceshipecsat/ur_10_CatapultTest/install/ur_yt_sim/share/ur_yt_sim/package.zsh'
[5.518s] Level 1:colcon.colcon_core.environment:create_file_with_runtime_dependencies(/home/spaceshipecsat/ur_10_CatapultTest/install/ur_yt_sim/share/colcon-core/packages/ur_yt_sim)
[5.519s] Level 1:colcon.colcon_core.environment:create_environment_scripts_only(ur_yt_sim)
[5.519s] Level 1:colcon.colcon_core.environment:checking '/home/spaceshipecsat/ur_10_CatapultTest/install/ur_yt_sim' for CMake module files
[5.519s] Level 1:colcon.colcon_core.environment:checking '/home/spaceshipecsat/ur_10_CatapultTest/install/ur_yt_sim' for CMake config files
[5.519s] Level 1:colcon.colcon_core.shell:create_environment_hook('ur_yt_sim', 'cmake_prefix_path')
[5.519s] INFO:colcon.colcon_core.shell:Creating environment hook '/home/spaceshipecsat/ur_10_CatapultTest/install/ur_yt_sim/share/ur_yt_sim/hook/cmake_prefix_path.ps1'
[5.519s] INFO:colcon.colcon_core.shell:Creating environment descriptor '/home/spaceshipecsat/ur_10_CatapultTest/install/ur_yt_sim/share/ur_yt_sim/hook/cmake_prefix_path.dsv'
[5.519s] INFO:colcon.colcon_core.shell:Creating environment hook '/home/spaceshipecsat/ur_10_CatapultTest/install/ur_yt_sim/share/ur_yt_sim/hook/cmake_prefix_path.sh'
[5.520s] Level 1:colcon.colcon_core.environment:checking '/home/spaceshipecsat/ur_10_CatapultTest/install/ur_yt_sim/lib'
[5.520s] Level 1:colcon.colcon_core.environment:checking '/home/spaceshipecsat/ur_10_CatapultTest/install/ur_yt_sim/bin'
[5.520s] Level 1:colcon.colcon_core.environment:checking '/home/spaceshipecsat/ur_10_CatapultTest/install/ur_yt_sim/lib/pkgconfig/ur_yt_sim.pc'
[5.520s] Level 1:colcon.colcon_core.environment:checking '/home/spaceshipecsat/ur_10_CatapultTest/install/ur_yt_sim/lib/python3.10/site-packages'
[5.520s] Level 1:colcon.colcon_core.environment:checking '/home/spaceshipecsat/ur_10_CatapultTest/install/ur_yt_sim/bin'
[5.520s] INFO:colcon.colcon_core.shell:Creating package script '/home/spaceshipecsat/ur_10_CatapultTest/install/ur_yt_sim/share/ur_yt_sim/package.ps1'
[5.527s] INFO:colcon.colcon_core.shell:Creating package descriptor '/home/spaceshipecsat/ur_10_CatapultTest/install/ur_yt_sim/share/ur_yt_sim/package.dsv'
[5.527s] INFO:colcon.colcon_core.shell:Creating package script '/home/spaceshipecsat/ur_10_CatapultTest/install/ur_yt_sim/share/ur_yt_sim/package.sh'
[5.527s] INFO:colcon.colcon_core.shell:Creating package script '/home/spaceshipecsat/ur_10_CatapultTest/install/ur_yt_sim/share/ur_yt_sim/package.bash'
[5.527s] INFO:colcon.colcon_core.shell:Creating package script '/home/spaceshipecsat/ur_10_CatapultTest/install/ur_yt_sim/share/ur_yt_sim/package.zsh'
[5.527s] Level 1:colcon.colcon_core.environment:create_file_with_runtime_dependencies(/home/spaceshipecsat/ur_10_CatapultTest/install/ur_yt_sim/share/colcon-core/packages/ur_yt_sim)
[5.528s] INFO:colcon.colcon_ros.task.ament_cmake.build:Building ROS package in '/home/spaceshipecsat/ur_10_CatapultTest/src/ur10_camera_gripper_moveit_config' with build type 'ament_cmake'
[5.528s] INFO:colcon.colcon_cmake.task.cmake.build:Building CMake package in '/home/spaceshipecsat/ur_10_CatapultTest/src/ur10_camera_gripper_moveit_config'
[5.528s] INFO:colcon.colcon_core.shell:Skip shell extension 'powershell' for command environment: Not usable outside of PowerShell
[5.528s] DEBUG:colcon.colcon_core.shell:Skip shell extension 'dsv' for command environment
[5.530s] INFO:colcon.colcon_ros.task.ament_cmake.build:Building ROS package in '/home/spaceshipecsat/ur_10_CatapultTest/src/ur10_camera_moveit_config' with build type 'ament_cmake'
[5.530s] INFO:colcon.colcon_cmake.task.cmake.build:Building CMake package in '/home/spaceshipecsat/ur_10_CatapultTest/src/ur10_camera_moveit_config'
[5.530s] INFO:colcon.colcon_core.shell:Skip shell extension 'powershell' for command environment: Not usable outside of PowerShell
[5.530s] DEBUG:colcon.colcon_core.shell:Skip shell extension 'dsv' for command environment
[5.532s] INFO:colcon.colcon_ros.task.ament_cmake.build:Building ROS package in '/home/spaceshipecsat/ur_10_CatapultTest/src/ur5_camera_gripper_moveit_config' with build type 'ament_cmake'
[5.532s] INFO:colcon.colcon_cmake.task.cmake.build:Building CMake package in '/home/spaceshipecsat/ur_10_CatapultTest/src/ur5_camera_gripper_moveit_config'
[5.532s] INFO:colcon.colcon_core.shell:Skip shell extension 'powershell' for command environment: Not usable outside of PowerShell
[5.532s] DEBUG:colcon.colcon_core.shell:Skip shell extension 'dsv' for command environment
[5.533s] INFO:colcon.colcon_ros.task.ament_cmake.build:Building ROS package in '/home/spaceshipecsat/ur_10_CatapultTest/src/ur5_camera_moveit_config' with build type 'ament_cmake'
[5.533s] INFO:colcon.colcon_cmake.task.cmake.build:Building CMake package in '/home/spaceshipecsat/ur_10_CatapultTest/src/ur5_camera_moveit_config'
[5.533s] INFO:colcon.colcon_core.shell:Skip shell extension 'powershell' for command environment: Not usable outside of PowerShell
[5.533s] DEBUG:colcon.colcon_core.shell:Skip shell extension 'dsv' for command environment
[5.536s] DEBUG:colcon.colcon_core.event_handler.log_command:Invoking command in '/home/spaceshipecsat/ur_10_CatapultTest/build/ur10_camera_gripper_moveit_config': AMENT_PREFIX_PATH=/home/spaceshipecsat/ur_10_CatapultTest/install/ur_yt_sim:${AMENT_PREFIX_PATH} CMAKE_PREFIX_PATH=/home/spaceshipecsat/ur_10_CatapultTest/install/ur_yt_sim:/home/spaceshipecsat/ur_10_CatapultTest/install/ur_description:/home/spaceshipecsat/ur_10_CatapultTest/install/robotiq_description:/home/spaceshipecsat/ur_10_CatapultTest/install/ur_simulation_gazebo:/home/spaceshipecsat/ur_10_CatapultTest/install/ros2_linkattacher:/home/spaceshipecsat/ur_10_CatapultTest/install/robotiq_controllers:/home/spaceshipecsat/ur_10_CatapultTest/install/linkattacher_msgs:/opt/ros/humble /usr/bin/cmake /home/spaceshipecsat/ur_10_CatapultTest/src/ur10_camera_gripper_moveit_config -DAMENT_CMAKE_SYMLINK_INSTALL=1 -DCMAKE_INSTALL_PREFIX=/home/spaceshipecsat/ur_10_CatapultTest/install/ur10_camera_gripper_moveit_config
[5.537s] DEBUG:colcon.colcon_core.event_handler.log_command:Invoking command in '/home/spaceshipecsat/ur_10_CatapultTest/build/ur10_camera_moveit_config': AMENT_PREFIX_PATH=/home/spaceshipecsat/ur_10_CatapultTest/install/ur_yt_sim:${AMENT_PREFIX_PATH} CMAKE_PREFIX_PATH=/home/spaceshipecsat/ur_10_CatapultTest/install/ur_yt_sim:/home/spaceshipecsat/ur_10_CatapultTest/install/ur_description:/home/spaceshipecsat/ur_10_CatapultTest/install/robotiq_description:/home/spaceshipecsat/ur_10_CatapultTest/install/ur_simulation_gazebo:/home/spaceshipecsat/ur_10_CatapultTest/install/ros2_linkattacher:/home/spaceshipecsat/ur_10_CatapultTest/install/robotiq_controllers:/home/spaceshipecsat/ur_10_CatapultTest/install/linkattacher_msgs:/opt/ros/humble /usr/bin/cmake /home/spaceshipecsat/ur_10_CatapultTest/src/ur10_camera_moveit_config -DAMENT_CMAKE_SYMLINK_INSTALL=1 -DCMAKE_INSTALL_PREFIX=/home/spaceshipecsat/ur_10_CatapultTest/install/ur10_camera_moveit_config
[5.538s] DEBUG:colcon.colcon_core.event_handler.log_command:Invoking command in '/home/spaceshipecsat/ur_10_CatapultTest/build/ur5_camera_gripper_moveit_config': AMENT_PREFIX_PATH=/home/spaceshipecsat/ur_10_CatapultTest/install/ur_yt_sim:${AMENT_PREFIX_PATH} CMAKE_PREFIX_PATH=/home/spaceshipecsat/ur_10_CatapultTest/install/ur_yt_sim:/home/spaceshipecsat/ur_10_CatapultTest/install/ur_description:/home/spaceshipecsat/ur_10_CatapultTest/install/robotiq_description:/home/spaceshipecsat/ur_10_CatapultTest/install/ur_simulation_gazebo:/home/spaceshipecsat/ur_10_CatapultTest/install/ros2_linkattacher:/home/spaceshipecsat/ur_10_CatapultTest/install/robotiq_controllers:/home/spaceshipecsat/ur_10_CatapultTest/install/linkattacher_msgs:/opt/ros/humble /usr/bin/cmake /home/spaceshipecsat/ur_10_CatapultTest/src/ur5_camera_gripper_moveit_config -DAMENT_CMAKE_SYMLINK_INSTALL=1 -DCMAKE_INSTALL_PREFIX=/home/spaceshipecsat/ur_10_CatapultTest/install/ur5_camera_gripper_moveit_config
[5.539s] DEBUG:colcon.colcon_core.event_handler.log_command:Invoking command in '/home/spaceshipecsat/ur_10_CatapultTest/build/ur5_camera_moveit_config': AMENT_PREFIX_PATH=/home/spaceshipecsat/ur_10_CatapultTest/install/ur_yt_sim:${AMENT_PREFIX_PATH} CMAKE_PREFIX_PATH=/home/spaceshipecsat/ur_10_CatapultTest/install/ur_yt_sim:/home/spaceshipecsat/ur_10_CatapultTest/install/ur_description:/home/spaceshipecsat/ur_10_CatapultTest/install/robotiq_description:/home/spaceshipecsat/ur_10_CatapultTest/install/ur_simulation_gazebo:/home/spaceshipecsat/ur_10_CatapultTest/install/ros2_linkattacher:/home/spaceshipecsat/ur_10_CatapultTest/install/robotiq_controllers:/home/spaceshipecsat/ur_10_CatapultTest/install/linkattacher_msgs:/opt/ros/humble /usr/bin/cmake /home/spaceshipecsat/ur_10_CatapultTest/src/ur5_camera_moveit_config -DAMENT_CMAKE_SYMLINK_INSTALL=1 -DCMAKE_INSTALL_PREFIX=/home/spaceshipecsat/ur_10_CatapultTest/install/ur5_camera_moveit_config
[5.858s] DEBUG:colcon.colcon_core.event_handler.log_command:Invoked command in '/home/spaceshipecsat/ur_10_CatapultTest/build/ur5_camera_moveit_config' returned '0': AMENT_PREFIX_PATH=/home/spaceshipecsat/ur_10_CatapultTest/install/ur_yt_sim:${AMENT_PREFIX_PATH} CMAKE_PREFIX_PATH=/home/spaceshipecsat/ur_10_CatapultTest/install/ur_yt_sim:/home/spaceshipecsat/ur_10_CatapultTest/install/ur_description:/home/spaceshipecsat/ur_10_CatapultTest/install/robotiq_description:/home/spaceshipecsat/ur_10_CatapultTest/install/ur_simulation_gazebo:/home/spaceshipecsat/ur_10_CatapultTest/install/ros2_linkattacher:/home/spaceshipecsat/ur_10_CatapultTest/install/robotiq_controllers:/home/spaceshipecsat/ur_10_CatapultTest/install/linkattacher_msgs:/opt/ros/humble /usr/bin/cmake /home/spaceshipecsat/ur_10_CatapultTest/src/ur5_camera_moveit_config -DAMENT_CMAKE_SYMLINK_INSTALL=1 -DCMAKE_INSTALL_PREFIX=/home/spaceshipecsat/ur_10_CatapultTest/install/ur5_camera_moveit_config
[5.858s] DEBUG:colcon.colcon_core.event_handler.log_command:Invoking command in '/home/spaceshipecsat/ur_10_CatapultTest/build/ur5_camera_moveit_config': AMENT_PREFIX_PATH=/home/spaceshipecsat/ur_10_CatapultTest/install/ur_yt_sim:${AMENT_PREFIX_PATH} CMAKE_PREFIX_PATH=/home/spaceshipecsat/ur_10_CatapultTest/install/ur_yt_sim:/home/spaceshipecsat/ur_10_CatapultTest/install/ur_description:/home/spaceshipecsat/ur_10_CatapultTest/install/robotiq_description:/home/spaceshipecsat/ur_10_CatapultTest/install/ur_simulation_gazebo:/home/spaceshipecsat/ur_10_CatapultTest/install/ros2_linkattacher:/home/spaceshipecsat/ur_10_CatapultTest/install/robotiq_controllers:/home/spaceshipecsat/ur_10_CatapultTest/install/linkattacher_msgs:/opt/ros/humble /usr/bin/cmake --build /home/spaceshipecsat/ur_10_CatapultTest/build/ur5_camera_moveit_config -- -j32 -l32
[5.859s] DEBUG:colcon.colcon_core.event_handler.log_command:Invoked command in '/home/spaceshipecsat/ur_10_CatapultTest/build/ur5_camera_gripper_moveit_config' returned '0': AMENT_PREFIX_PATH=/home/spaceshipecsat/ur_10_CatapultTest/install/ur_yt_sim:${AMENT_PREFIX_PATH} CMAKE_PREFIX_PATH=/home/spaceshipecsat/ur_10_CatapultTest/install/ur_yt_sim:/home/spaceshipecsat/ur_10_CatapultTest/install/ur_description:/home/spaceshipecsat/ur_10_CatapultTest/install/robotiq_description:/home/spaceshipecsat/ur_10_CatapultTest/install/ur_simulation_gazebo:/home/spaceshipecsat/ur_10_CatapultTest/install/ros2_linkattacher:/home/spaceshipecsat/ur_10_CatapultTest/install/robotiq_controllers:/home/spaceshipecsat/ur_10_CatapultTest/install/linkattacher_msgs:/opt/ros/humble /usr/bin/cmake /home/spaceshipecsat/ur_10_CatapultTest/src/ur5_camera_gripper_moveit_config -DAMENT_CMAKE_SYMLINK_INSTALL=1 -DCMAKE_INSTALL_PREFIX=/home/spaceshipecsat/ur_10_CatapultTest/install/ur5_camera_gripper_moveit_config
[5.860s] DEBUG:colcon.colcon_core.event_handler.log_command:Invoking command in '/home/spaceshipecsat/ur_10_CatapultTest/build/ur5_camera_gripper_moveit_config': AMENT_PREFIX_PATH=/home/spaceshipecsat/ur_10_CatapultTest/install/ur_yt_sim:${AMENT_PREFIX_PATH} CMAKE_PREFIX_PATH=/home/spaceshipecsat/ur_10_CatapultTest/install/ur_yt_sim:/home/spaceshipecsat/ur_10_CatapultTest/install/ur_description:/home/spaceshipecsat/ur_10_CatapultTest/install/robotiq_description:/home/spaceshipecsat/ur_10_CatapultTest/install/ur_simulation_gazebo:/home/spaceshipecsat/ur_10_CatapultTest/install/ros2_linkattacher:/home/spaceshipecsat/ur_10_CatapultTest/install/robotiq_controllers:/home/spaceshipecsat/ur_10_CatapultTest/install/linkattacher_msgs:/opt/ros/humble /usr/bin/cmake --build /home/spaceshipecsat/ur_10_CatapultTest/build/ur5_camera_gripper_moveit_config -- -j32 -l32
[5.861s] DEBUG:colcon.colcon_core.event_handler.log_command:Invoked command in '/home/spaceshipecsat/ur_10_CatapultTest/build/ur10_camera_moveit_config' returned '0': AMENT_PREFIX_PATH=/home/spaceshipecsat/ur_10_CatapultTest/install/ur_yt_sim:${AMENT_PREFIX_PATH} CMAKE_PREFIX_PATH=/home/spaceshipecsat/ur_10_CatapultTest/install/ur_yt_sim:/home/spaceshipecsat/ur_10_CatapultTest/install/ur_description:/home/spaceshipecsat/ur_10_CatapultTest/install/robotiq_description:/home/spaceshipecsat/ur_10_CatapultTest/install/ur_simulation_gazebo:/home/spaceshipecsat/ur_10_CatapultTest/install/ros2_linkattacher:/home/spaceshipecsat/ur_10_CatapultTest/install/robotiq_controllers:/home/spaceshipecsat/ur_10_CatapultTest/install/linkattacher_msgs:/opt/ros/humble /usr/bin/cmake /home/spaceshipecsat/ur_10_CatapultTest/src/ur10_camera_moveit_config -DAMENT_CMAKE_SYMLINK_INSTALL=1 -DCMAKE_INSTALL_PREFIX=/home/spaceshipecsat/ur_10_CatapultTest/install/ur10_camera_moveit_config
[5.862s] DEBUG:colcon.colcon_core.event_handler.log_command:Invoking command in '/home/spaceshipecsat/ur_10_CatapultTest/build/ur10_camera_moveit_config': AMENT_PREFIX_PATH=/home/spaceshipecsat/ur_10_CatapultTest/install/ur_yt_sim:${AMENT_PREFIX_PATH} CMAKE_PREFIX_PATH=/home/spaceshipecsat/ur_10_CatapultTest/install/ur_yt_sim:/home/spaceshipecsat/ur_10_CatapultTest/install/ur_description:/home/spaceshipecsat/ur_10_CatapultTest/install/robotiq_description:/home/spaceshipecsat/ur_10_CatapultTest/install/ur_simulation_gazebo:/home/spaceshipecsat/ur_10_CatapultTest/install/ros2_linkattacher:/home/spaceshipecsat/ur_10_CatapultTest/install/robotiq_controllers:/home/spaceshipecsat/ur_10_CatapultTest/install/linkattacher_msgs:/opt/ros/humble /usr/bin/cmake --build /home/spaceshipecsat/ur_10_CatapultTest/build/ur10_camera_moveit_config -- -j32 -l32
[5.873s] DEBUG:colcon.colcon_core.event_handler.log_command:Invoked command in '/home/spaceshipecsat/ur_10_CatapultTest/build/ur10_camera_gripper_moveit_config' returned '0': AMENT_PREFIX_PATH=/home/spaceshipecsat/ur_10_CatapultTest/install/ur_yt_sim:${AMENT_PREFIX_PATH} CMAKE_PREFIX_PATH=/home/spaceshipecsat/ur_10_CatapultTest/install/ur_yt_sim:/home/spaceshipecsat/ur_10_CatapultTest/install/ur_description:/home/spaceshipecsat/ur_10_CatapultTest/install/robotiq_description:/home/spaceshipecsat/ur_10_CatapultTest/install/ur_simulation_gazebo:/home/spaceshipecsat/ur_10_CatapultTest/install/ros2_linkattacher:/home/spaceshipecsat/ur_10_CatapultTest/install/robotiq_controllers:/home/spaceshipecsat/ur_10_CatapultTest/install/linkattacher_msgs:/opt/ros/humble /usr/bin/cmake /home/spaceshipecsat/ur_10_CatapultTest/src/ur10_camera_gripper_moveit_config -DAMENT_CMAKE_SYMLINK_INSTALL=1 -DCMAKE_INSTALL_PREFIX=/home/spaceshipecsat/ur_10_CatapultTest/install/ur10_camera_gripper_moveit_config
[5.873s] DEBUG:colcon.colcon_core.event_handler.log_command:Invoking command in '/home/spaceshipecsat/ur_10_CatapultTest/build/ur10_camera_gripper_moveit_config': AMENT_PREFIX_PATH=/home/spaceshipecsat/ur_10_CatapultTest/install/ur_yt_sim:${AMENT_PREFIX_PATH} CMAKE_PREFIX_PATH=/home/spaceshipecsat/ur_10_CatapultTest/install/ur_yt_sim:/home/spaceshipecsat/ur_10_CatapultTest/install/ur_description:/home/spaceshipecsat/ur_10_CatapultTest/install/robotiq_description:/home/spaceshipecsat/ur_10_CatapultTest/install/ur_simulation_gazebo:/home/spaceshipecsat/ur_10_CatapultTest/install/ros2_linkattacher:/home/spaceshipecsat/ur_10_CatapultTest/install/robotiq_controllers:/home/spaceshipecsat/ur_10_CatapultTest/install/linkattacher_msgs:/opt/ros/humble /usr/bin/cmake --build /home/spaceshipecsat/ur_10_CatapultTest/build/ur10_camera_gripper_moveit_config -- -j32 -l32
[5.881s] DEBUG:colcon.colcon_core.event_handler.log_command:Invoked command in '/home/spaceshipecsat/ur_10_CatapultTest/build/ur5_camera_moveit_config' returned '0': AMENT_PREFIX_PATH=/home/spaceshipecsat/ur_10_CatapultTest/install/ur_yt_sim:${AMENT_PREFIX_PATH} CMAKE_PREFIX_PATH=/home/spaceshipecsat/ur_10_CatapultTest/install/ur_yt_sim:/home/spaceshipecsat/ur_10_CatapultTest/install/ur_description:/home/spaceshipecsat/ur_10_CatapultTest/install/robotiq_description:/home/spaceshipecsat/ur_10_CatapultTest/install/ur_simulation_gazebo:/home/spaceshipecsat/ur_10_CatapultTest/install/ros2_linkattacher:/home/spaceshipecsat/ur_10_CatapultTest/install/robotiq_controllers:/home/spaceshipecsat/ur_10_CatapultTest/install/linkattacher_msgs:/opt/ros/humble /usr/bin/cmake --build /home/spaceshipecsat/ur_10_CatapultTest/build/ur5_camera_moveit_config -- -j32 -l32
[5.881s] DEBUG:colcon.colcon_core.event_handler.log_command:Invoking command in '/home/spaceshipecsat/ur_10_CatapultTest/build/ur5_camera_moveit_config': AMENT_PREFIX_PATH=/home/spaceshipecsat/ur_10_CatapultTest/install/ur_yt_sim:${AMENT_PREFIX_PATH} CMAKE_PREFIX_PATH=/home/spaceshipecsat/ur_10_CatapultTest/install/ur_yt_sim:/home/spaceshipecsat/ur_10_CatapultTest/install/ur_description:/home/spaceshipecsat/ur_10_CatapultTest/install/robotiq_description:/home/spaceshipecsat/ur_10_CatapultTest/install/ur_simulation_gazebo:/home/spaceshipecsat/ur_10_CatapultTest/install/ros2_linkattacher:/home/spaceshipecsat/ur_10_CatapultTest/install/robotiq_controllers:/home/spaceshipecsat/ur_10_CatapultTest/install/linkattacher_msgs:/opt/ros/humble /usr/bin/cmake --install /home/spaceshipecsat/ur_10_CatapultTest/build/ur5_camera_moveit_config
[5.882s] DEBUG:colcon.colcon_core.event_handler.log_command:Invoked command in '/home/spaceshipecsat/ur_10_CatapultTest/build/ur5_camera_gripper_moveit_config' returned '0': AMENT_PREFIX_PATH=/home/spaceshipecsat/ur_10_CatapultTest/install/ur_yt_sim:${AMENT_PREFIX_PATH} CMAKE_PREFIX_PATH=/home/spaceshipecsat/ur_10_CatapultTest/install/ur_yt_sim:/home/spaceshipecsat/ur_10_CatapultTest/install/ur_description:/home/spaceshipecsat/ur_10_CatapultTest/install/robotiq_description:/home/spaceshipecsat/ur_10_CatapultTest/install/ur_simulation_gazebo:/home/spaceshipecsat/ur_10_CatapultTest/install/ros2_linkattacher:/home/spaceshipecsat/ur_10_CatapultTest/install/robotiq_controllers:/home/spaceshipecsat/ur_10_CatapultTest/install/linkattacher_msgs:/opt/ros/humble /usr/bin/cmake --build /home/spaceshipecsat/ur_10_CatapultTest/build/ur5_camera_gripper_moveit_config -- -j32 -l32
[5.883s] DEBUG:colcon.colcon_core.event_handler.log_command:Invoking command in '/home/spaceshipecsat/ur_10_CatapultTest/build/ur5_camera_gripper_moveit_config': AMENT_PREFIX_PATH=/home/spaceshipecsat/ur_10_CatapultTest/install/ur_yt_sim:${AMENT_PREFIX_PATH} CMAKE_PREFIX_PATH=/home/spaceshipecsat/ur_10_CatapultTest/install/ur_yt_sim:/home/spaceshipecsat/ur_10_CatapultTest/install/ur_description:/home/spaceshipecsat/ur_10_CatapultTest/install/robotiq_description:/home/spaceshipecsat/ur_10_CatapultTest/install/ur_simulation_gazebo:/home/spaceshipecsat/ur_10_CatapultTest/install/ros2_linkattacher:/home/spaceshipecsat/ur_10_CatapultTest/install/robotiq_controllers:/home/spaceshipecsat/ur_10_CatapultTest/install/linkattacher_msgs:/opt/ros/humble /usr/bin/cmake --install /home/spaceshipecsat/ur_10_CatapultTest/build/ur5_camera_gripper_moveit_config
[5.884s] DEBUG:colcon.colcon_core.event_handler.log_command:Invoked command in '/home/spaceshipecsat/ur_10_CatapultTest/build/ur10_camera_moveit_config' returned '0': AMENT_PREFIX_PATH=/home/spaceshipecsat/ur_10_CatapultTest/install/ur_yt_sim:${AMENT_PREFIX_PATH} CMAKE_PREFIX_PATH=/home/spaceshipecsat/ur_10_CatapultTest/install/ur_yt_sim:/home/spaceshipecsat/ur_10_CatapultTest/install/ur_description:/home/spaceshipecsat/ur_10_CatapultTest/install/robotiq_description:/home/spaceshipecsat/ur_10_CatapultTest/install/ur_simulation_gazebo:/home/spaceshipecsat/ur_10_CatapultTest/install/ros2_linkattacher:/home/spaceshipecsat/ur_10_CatapultTest/install/robotiq_controllers:/home/spaceshipecsat/ur_10_CatapultTest/install/linkattacher_msgs:/opt/ros/humble /usr/bin/cmake --build /home/spaceshipecsat/ur_10_CatapultTest/build/ur10_camera_moveit_config -- -j32 -l32
[5.886s] DEBUG:colcon.colcon_core.event_handler.log_command:Invoking command in '/home/spaceshipecsat/ur_10_CatapultTest/build/ur10_camera_moveit_config': AMENT_PREFIX_PATH=/home/spaceshipecsat/ur_10_CatapultTest/install/ur_yt_sim:${AMENT_PREFIX_PATH} CMAKE_PREFIX_PATH=/home/spaceshipecsat/ur_10_CatapultTest/install/ur_yt_sim:/home/spaceshipecsat/ur_10_CatapultTest/install/ur_description:/home/spaceshipecsat/ur_10_CatapultTest/install/robotiq_description:/home/spaceshipecsat/ur_10_CatapultTest/install/ur_simulation_gazebo:/home/spaceshipecsat/ur_10_CatapultTest/install/ros2_linkattacher:/home/spaceshipecsat/ur_10_CatapultTest/install/robotiq_controllers:/home/spaceshipecsat/ur_10_CatapultTest/install/linkattacher_msgs:/opt/ros/humble /usr/bin/cmake --install /home/spaceshipecsat/ur_10_CatapultTest/build/ur10_camera_moveit_config
[5.891s] DEBUG:colcon.colcon_core.event_handler.log_command:Invoked command in '/home/spaceshipecsat/ur_10_CatapultTest/build/ur10_camera_gripper_moveit_config' returned '0': AMENT_PREFIX_PATH=/home/spaceshipecsat/ur_10_CatapultTest/install/ur_yt_sim:${AMENT_PREFIX_PATH} CMAKE_PREFIX_PATH=/home/spaceshipecsat/ur_10_CatapultTest/install/ur_yt_sim:/home/spaceshipecsat/ur_10_CatapultTest/install/ur_description:/home/spaceshipecsat/ur_10_CatapultTest/install/robotiq_description:/home/spaceshipecsat/ur_10_CatapultTest/install/ur_simulation_gazebo:/home/spaceshipecsat/ur_10_CatapultTest/install/ros2_linkattacher:/home/spaceshipecsat/ur_10_CatapultTest/install/robotiq_controllers:/home/spaceshipecsat/ur_10_CatapultTest/install/linkattacher_msgs:/opt/ros/humble /usr/bin/cmake --build /home/spaceshipecsat/ur_10_CatapultTest/build/ur10_camera_gripper_moveit_config -- -j32 -l32
[5.891s] DEBUG:colcon.colcon_core.event_handler.log_command:Invoking command in '/home/spaceshipecsat/ur_10_CatapultTest/build/ur10_camera_gripper_moveit_config': AMENT_PREFIX_PATH=/home/spaceshipecsat/ur_10_CatapultTest/install/ur_yt_sim:${AMENT_PREFIX_PATH} CMAKE_PREFIX_PATH=/home/spaceshipecsat/ur_10_CatapultTest/install/ur_yt_sim:/home/spaceshipecsat/ur_10_CatapultTest/install/ur_description:/home/spaceshipecsat/ur_10_CatapultTest/install/robotiq_description:/home/spaceshipecsat/ur_10_CatapultTest/install/ur_simulation_gazebo:/home/spaceshipecsat/ur_10_CatapultTest/install/ros2_linkattacher:/home/spaceshipecsat/ur_10_CatapultTest/install/robotiq_controllers:/home/spaceshipecsat/ur_10_CatapultTest/install/linkattacher_msgs:/opt/ros/humble /usr/bin/cmake --install /home/spaceshipecsat/ur_10_CatapultTest/build/ur10_camera_gripper_moveit_config
[6.072s] Level 1:colcon.colcon_core.environment:create_environment_scripts_only(ur5_camera_moveit_config)
[6.072s] Level 1:colcon.colcon_core.environment:checking '/home/spaceshipecsat/ur_10_CatapultTest/install/ur5_camera_moveit_config' for CMake module files
[6.072s] DEBUG:colcon.colcon_core.event_handler.log_command:Invoked command in '/home/spaceshipecsat/ur_10_CatapultTest/build/ur5_camera_moveit_config' returned '0': AMENT_PREFIX_PATH=/home/spaceshipecsat/ur_10_CatapultTest/install/ur_yt_sim:${AMENT_PREFIX_PATH} CMAKE_PREFIX_PATH=/home/spaceshipecsat/ur_10_CatapultTest/install/ur_yt_sim:/home/spaceshipecsat/ur_10_CatapultTest/install/ur_description:/home/spaceshipecsat/ur_10_CatapultTest/install/robotiq_description:/home/spaceshipecsat/ur_10_CatapultTest/install/ur_simulation_gazebo:/home/spaceshipecsat/ur_10_CatapultTest/install/ros2_linkattacher:/home/spaceshipecsat/ur_10_CatapultTest/install/robotiq_controllers:/home/spaceshipecsat/ur_10_CatapultTest/install/linkattacher_msgs:/opt/ros/humble /usr/bin/cmake --install /home/spaceshipecsat/ur_10_CatapultTest/build/ur5_camera_moveit_config
[6.072s] Level 1:colcon.colcon_core.environment:checking '/home/spaceshipecsat/ur_10_CatapultTest/install/ur5_camera_moveit_config' for CMake config files
[6.072s] Level 1:colcon.colcon_core.shell:create_environment_hook('ur5_camera_moveit_config', 'cmake_prefix_path')
[6.073s] INFO:colcon.colcon_core.shell:Creating environment hook '/home/spaceshipecsat/ur_10_CatapultTest/install/ur5_camera_moveit_config/share/ur5_camera_moveit_config/hook/cmake_prefix_path.ps1'
[6.073s] INFO:colcon.colcon_core.shell:Creating environment descriptor '/home/spaceshipecsat/ur_10_CatapultTest/install/ur5_camera_moveit_config/share/ur5_camera_moveit_config/hook/cmake_prefix_path.dsv'
[6.073s] INFO:colcon.colcon_core.shell:Creating environment hook '/home/spaceshipecsat/ur_10_CatapultTest/install/ur5_camera_moveit_config/share/ur5_camera_moveit_config/hook/cmake_prefix_path.sh'
[6.073s] Level 1:colcon.colcon_core.environment:checking '/home/spaceshipecsat/ur_10_CatapultTest/install/ur5_camera_moveit_config/bin'
[6.073s] Level 1:colcon.colcon_core.environment:checking '/home/spaceshipecsat/ur_10_CatapultTest/install/ur5_camera_moveit_config/lib/pkgconfig/ur5_camera_moveit_config.pc'
[6.073s] Level 1:colcon.colcon_core.environment:checking '/home/spaceshipecsat/ur_10_CatapultTest/install/ur5_camera_moveit_config/lib/python3.10/site-packages'
[6.073s] Level 1:colcon.colcon_core.environment:checking '/home/spaceshipecsat/ur_10_CatapultTest/install/ur5_camera_moveit_config/bin'
[6.074s] INFO:colcon.colcon_core.shell:Creating package script '/home/spaceshipecsat/ur_10_CatapultTest/install/ur5_camera_moveit_config/share/ur5_camera_moveit_config/package.ps1'
[6.074s] INFO:colcon.colcon_core.shell:Creating package descriptor '/home/spaceshipecsat/ur_10_CatapultTest/install/ur5_camera_moveit_config/share/ur5_camera_moveit_config/package.dsv'
[6.074s] INFO:colcon.colcon_core.shell:Creating package script '/home/spaceshipecsat/ur_10_CatapultTest/install/ur5_camera_moveit_config/share/ur5_camera_moveit_config/package.sh'
[6.074s] INFO:colcon.colcon_core.shell:Creating package script '/home/spaceshipecsat/ur_10_CatapultTest/install/ur5_camera_moveit_config/share/ur5_camera_moveit_config/package.bash'
[6.074s] INFO:colcon.colcon_core.shell:Creating package script '/home/spaceshipecsat/ur_10_CatapultTest/install/ur5_camera_moveit_config/share/ur5_camera_moveit_config/package.zsh'
[6.074s] Level 1:colcon.colcon_core.environment:create_file_with_runtime_dependencies(/home/spaceshipecsat/ur_10_CatapultTest/install/ur5_camera_moveit_config/share/colcon-core/packages/ur5_camera_moveit_config)
[6.075s] Level 1:colcon.colcon_core.environment:create_environment_scripts_only(ur5_camera_moveit_config)
[6.075s] Level 1:colcon.colcon_core.environment:checking '/home/spaceshipecsat/ur_10_CatapultTest/install/ur5_camera_moveit_config' for CMake module files
[6.075s] Level 1:colcon.colcon_core.environment:checking '/home/spaceshipecsat/ur_10_CatapultTest/install/ur5_camera_moveit_config' for CMake config files
[6.075s] Level 1:colcon.colcon_core.shell:create_environment_hook('ur5_camera_moveit_config', 'cmake_prefix_path')
[6.075s] INFO:colcon.colcon_core.shell:Creating environment hook '/home/spaceshipecsat/ur_10_CatapultTest/install/ur5_camera_moveit_config/share/ur5_camera_moveit_config/hook/cmake_prefix_path.ps1'
[6.075s] INFO:colcon.colcon_core.shell:Creating environment descriptor '/home/spaceshipecsat/ur_10_CatapultTest/install/ur5_camera_moveit_config/share/ur5_camera_moveit_config/hook/cmake_prefix_path.dsv'
[6.075s] INFO:colcon.colcon_core.shell:Creating environment hook '/home/spaceshipecsat/ur_10_CatapultTest/install/ur5_camera_moveit_config/share/ur5_camera_moveit_config/hook/cmake_prefix_path.sh'
[6.075s] Level 1:colcon.colcon_core.environment:checking '/home/spaceshipecsat/ur_10_CatapultTest/install/ur5_camera_moveit_config/bin'
[6.076s] Level 1:colcon.colcon_core.environment:checking '/home/spaceshipecsat/ur_10_CatapultTest/install/ur5_camera_moveit_config/lib/pkgconfig/ur5_camera_moveit_config.pc'
[6.076s] Level 1:colcon.colcon_core.environment:checking '/home/spaceshipecsat/ur_10_CatapultTest/install/ur5_camera_moveit_config/lib/python3.10/site-packages'
[6.076s] Level 1:colcon.colcon_core.environment:checking '/home/spaceshipecsat/ur_10_CatapultTest/install/ur5_camera_moveit_config/bin'
[6.076s] INFO:colcon.colcon_core.shell:Creating package script '/home/spaceshipecsat/ur_10_CatapultTest/install/ur5_camera_moveit_config/share/ur5_camera_moveit_config/package.ps1'
[6.076s] INFO:colcon.colcon_core.shell:Creating package descriptor '/home/spaceshipecsat/ur_10_CatapultTest/install/ur5_camera_moveit_config/share/ur5_camera_moveit_config/package.dsv'
[6.076s] INFO:colcon.colcon_core.shell:Creating package script '/home/spaceshipecsat/ur_10_CatapultTest/install/ur5_camera_moveit_config/share/ur5_camera_moveit_config/package.sh'
[6.077s] INFO:colcon.colcon_core.shell:Creating package script '/home/spaceshipecsat/ur_10_CatapultTest/install/ur5_camera_moveit_config/share/ur5_camera_moveit_config/package.bash'
[6.077s] INFO:colcon.colcon_core.shell:Creating package script '/home/spaceshipecsat/ur_10_CatapultTest/install/ur5_camera_moveit_config/share/ur5_camera_moveit_config/package.zsh'
[6.077s] Level 1:colcon.colcon_core.environment:create_file_with_runtime_dependencies(/home/spaceshipecsat/ur_10_CatapultTest/install/ur5_camera_moveit_config/share/colcon-core/packages/ur5_camera_moveit_config)
[6.078s] Level 1:colcon.colcon_core.environment:create_environment_scripts_only(ur5_camera_gripper_moveit_config)
[6.078s] DEBUG:colcon.colcon_core.event_handler.log_command:Invoked command in '/home/spaceshipecsat/ur_10_CatapultTest/build/ur5_camera_gripper_moveit_config' returned '0': AMENT_PREFIX_PATH=/home/spaceshipecsat/ur_10_CatapultTest/install/ur_yt_sim:${AMENT_PREFIX_PATH} CMAKE_PREFIX_PATH=/home/spaceshipecsat/ur_10_CatapultTest/install/ur_yt_sim:/home/spaceshipecsat/ur_10_CatapultTest/install/ur_description:/home/spaceshipecsat/ur_10_CatapultTest/install/robotiq_description:/home/spaceshipecsat/ur_10_CatapultTest/install/ur_simulation_gazebo:/home/spaceshipecsat/ur_10_CatapultTest/install/ros2_linkattacher:/home/spaceshipecsat/ur_10_CatapultTest/install/robotiq_controllers:/home/spaceshipecsat/ur_10_CatapultTest/install/linkattacher_msgs:/opt/ros/humble /usr/bin/cmake --install /home/spaceshipecsat/ur_10_CatapultTest/build/ur5_camera_gripper_moveit_config
[6.078s] Level 1:colcon.colcon_core.environment:checking '/home/spaceshipecsat/ur_10_CatapultTest/install/ur5_camera_gripper_moveit_config' for CMake module files
[6.079s] Level 1:colcon.colcon_core.environment:checking '/home/spaceshipecsat/ur_10_CatapultTest/install/ur5_camera_gripper_moveit_config' for CMake config files
[6.079s] Level 1:colcon.colcon_core.shell:create_environment_hook('ur5_camera_gripper_moveit_config', 'cmake_prefix_path')
[6.079s] INFO:colcon.colcon_core.shell:Creating environment hook '/home/spaceshipecsat/ur_10_CatapultTest/install/ur5_camera_gripper_moveit_config/share/ur5_camera_gripper_moveit_config/hook/cmake_prefix_path.ps1'
[6.079s] INFO:colcon.colcon_core.shell:Creating environment descriptor '/home/spaceshipecsat/ur_10_CatapultTest/install/ur5_camera_gripper_moveit_config/share/ur5_camera_gripper_moveit_config/hook/cmake_prefix_path.dsv'
[6.079s] INFO:colcon.colcon_core.shell:Creating environment hook '/home/spaceshipecsat/ur_10_CatapultTest/install/ur5_camera_gripper_moveit_config/share/ur5_camera_gripper_moveit_config/hook/cmake_prefix_path.sh'
[6.080s] Level 1:colcon.colcon_core.environment:checking '/home/spaceshipecsat/ur_10_CatapultTest/install/ur5_camera_gripper_moveit_config/bin'
[6.080s] Level 1:colcon.colcon_core.environment:checking '/home/spaceshipecsat/ur_10_CatapultTest/install/ur5_camera_gripper_moveit_config/lib/pkgconfig/ur5_camera_gripper_moveit_config.pc'
[6.080s] Level 1:colcon.colcon_core.environment:checking '/home/spaceshipecsat/ur_10_CatapultTest/install/ur5_camera_gripper_moveit_config/lib/python3.10/site-packages'
[6.080s] Level 1:colcon.colcon_core.environment:checking '/home/spaceshipecsat/ur_10_CatapultTest/install/ur5_camera_gripper_moveit_config/bin'
[6.080s] INFO:colcon.colcon_core.shell:Creating package script '/home/spaceshipecsat/ur_10_CatapultTest/install/ur5_camera_gripper_moveit_config/share/ur5_camera_gripper_moveit_config/package.ps1'
[6.081s] INFO:colcon.colcon_core.shell:Creating package descriptor '/home/spaceshipecsat/ur_10_CatapultTest/install/ur5_camera_gripper_moveit_config/share/ur5_camera_gripper_moveit_config/package.dsv'
[6.081s] INFO:colcon.colcon_core.shell:Creating package script '/home/spaceshipecsat/ur_10_CatapultTest/install/ur5_camera_gripper_moveit_config/share/ur5_camera_gripper_moveit_config/package.sh'
[6.081s] INFO:colcon.colcon_core.shell:Creating package script '/home/spaceshipecsat/ur_10_CatapultTest/install/ur5_camera_gripper_moveit_config/share/ur5_camera_gripper_moveit_config/package.bash'
[6.081s] INFO:colcon.colcon_core.shell:Creating package script '/home/spaceshipecsat/ur_10_CatapultTest/install/ur5_camera_gripper_moveit_config/share/ur5_camera_gripper_moveit_config/package.zsh'
[6.082s] Level 1:colcon.colcon_core.environment:create_file_with_runtime_dependencies(/home/spaceshipecsat/ur_10_CatapultTest/install/ur5_camera_gripper_moveit_config/share/colcon-core/packages/ur5_camera_gripper_moveit_config)
[6.082s] Level 1:colcon.colcon_core.environment:create_environment_scripts_only(ur5_camera_gripper_moveit_config)
[6.082s] Level 1:colcon.colcon_core.environment:checking '/home/spaceshipecsat/ur_10_CatapultTest/install/ur5_camera_gripper_moveit_config' for CMake module files
[6.083s] Level 1:colcon.colcon_core.environment:checking '/home/spaceshipecsat/ur_10_CatapultTest/install/ur5_camera_gripper_moveit_config' for CMake config files
[6.083s] Level 1:colcon.colcon_core.shell:create_environment_hook('ur5_camera_gripper_moveit_config', 'cmake_prefix_path')
[6.083s] INFO:colcon.colcon_core.shell:Creating environment hook '/home/spaceshipecsat/ur_10_CatapultTest/install/ur5_camera_gripper_moveit_config/share/ur5_camera_gripper_moveit_config/hook/cmake_prefix_path.ps1'
[6.083s] INFO:colcon.colcon_core.shell:Creating environment descriptor '/home/spaceshipecsat/ur_10_CatapultTest/install/ur5_camera_gripper_moveit_config/share/ur5_camera_gripper_moveit_config/hook/cmake_prefix_path.dsv'
[6.083s] INFO:colcon.colcon_core.shell:Creating environment hook '/home/spaceshipecsat/ur_10_CatapultTest/install/ur5_camera_gripper_moveit_config/share/ur5_camera_gripper_moveit_config/hook/cmake_prefix_path.sh'
[6.083s] Level 1:colcon.colcon_core.environment:checking '/home/spaceshipecsat/ur_10_CatapultTest/install/ur5_camera_gripper_moveit_config/bin'
[6.083s] Level 1:colcon.colcon_core.environment:checking '/home/spaceshipecsat/ur_10_CatapultTest/install/ur5_camera_gripper_moveit_config/lib/pkgconfig/ur5_camera_gripper_moveit_config.pc'
[6.083s] Level 1:colcon.colcon_core.environment:checking '/home/spaceshipecsat/ur_10_CatapultTest/install/ur5_camera_gripper_moveit_config/lib/python3.10/site-packages'
[6.083s] Level 1:colcon.colcon_core.environment:checking '/home/spaceshipecsat/ur_10_CatapultTest/install/ur5_camera_gripper_moveit_config/bin'
[6.084s] INFO:colcon.colcon_core.shell:Creating package script '/home/spaceshipecsat/ur_10_CatapultTest/install/ur5_camera_gripper_moveit_config/share/ur5_camera_gripper_moveit_config/package.ps1'
[6.084s] INFO:colcon.colcon_core.shell:Creating package descriptor '/home/spaceshipecsat/ur_10_CatapultTest/install/ur5_camera_gripper_moveit_config/share/ur5_camera_gripper_moveit_config/package.dsv'
[6.084s] INFO:colcon.colcon_core.shell:Creating package script '/home/spaceshipecsat/ur_10_CatapultTest/install/ur5_camera_gripper_moveit_config/share/ur5_camera_gripper_moveit_config/package.sh'
[6.084s] INFO:colcon.colcon_core.shell:Creating package script '/home/spaceshipecsat/ur_10_CatapultTest/install/ur5_camera_gripper_moveit_config/share/ur5_camera_gripper_moveit_config/package.bash'
[6.084s] INFO:colcon.colcon_core.shell:Creating package script '/home/spaceshipecsat/ur_10_CatapultTest/install/ur5_camera_gripper_moveit_config/share/ur5_camera_gripper_moveit_config/package.zsh'
[6.084s] Level 1:colcon.colcon_core.environment:create_file_with_runtime_dependencies(/home/spaceshipecsat/ur_10_CatapultTest/install/ur5_camera_gripper_moveit_config/share/colcon-core/packages/ur5_camera_gripper_moveit_config)
[6.084s] Level 1:colcon.colcon_core.environment:create_environment_scripts_only(ur10_camera_moveit_config)
[6.085s] Level 1:colcon.colcon_core.environment:checking '/home/spaceshipecsat/ur_10_CatapultTest/install/ur10_camera_moveit_config' for CMake module files
[6.085s] DEBUG:colcon.colcon_core.event_handler.log_command:Invoked command in '/home/spaceshipecsat/ur_10_CatapultTest/build/ur10_camera_moveit_config' returned '0': AMENT_PREFIX_PATH=/home/spaceshipecsat/ur_10_CatapultTest/install/ur_yt_sim:${AMENT_PREFIX_PATH} CMAKE_PREFIX_PATH=/home/spaceshipecsat/ur_10_CatapultTest/install/ur_yt_sim:/home/spaceshipecsat/ur_10_CatapultTest/install/ur_description:/home/spaceshipecsat/ur_10_CatapultTest/install/robotiq_description:/home/spaceshipecsat/ur_10_CatapultTest/install/ur_simulation_gazebo:/home/spaceshipecsat/ur_10_CatapultTest/install/ros2_linkattacher:/home/spaceshipecsat/ur_10_CatapultTest/install/robotiq_controllers:/home/spaceshipecsat/ur_10_CatapultTest/install/linkattacher_msgs:/opt/ros/humble /usr/bin/cmake --install /home/spaceshipecsat/ur_10_CatapultTest/build/ur10_camera_moveit_config
[6.085s] Level 1:colcon.colcon_core.environment:checking '/home/spaceshipecsat/ur_10_CatapultTest/install/ur10_camera_moveit_config' for CMake config files
[6.085s] Level 1:colcon.colcon_core.shell:create_environment_hook('ur10_camera_moveit_config', 'cmake_prefix_path')
[6.085s] INFO:colcon.colcon_core.shell:Creating environment hook '/home/spaceshipecsat/ur_10_CatapultTest/install/ur10_camera_moveit_config/share/ur10_camera_moveit_config/hook/cmake_prefix_path.ps1'
[6.085s] INFO:colcon.colcon_core.shell:Creating environment descriptor '/home/spaceshipecsat/ur_10_CatapultTest/install/ur10_camera_moveit_config/share/ur10_camera_moveit_config/hook/cmake_prefix_path.dsv'
[6.085s] INFO:colcon.colcon_core.shell:Creating environment hook '/home/spaceshipecsat/ur_10_CatapultTest/install/ur10_camera_moveit_config/share/ur10_camera_moveit_config/hook/cmake_prefix_path.sh'
[6.086s] Level 1:colcon.colcon_core.environment:checking '/home/spaceshipecsat/ur_10_CatapultTest/install/ur10_camera_moveit_config/bin'
[6.086s] Level 1:colcon.colcon_core.environment:checking '/home/spaceshipecsat/ur_10_CatapultTest/install/ur10_camera_moveit_config/lib/pkgconfig/ur10_camera_moveit_config.pc'
[6.086s] Level 1:colcon.colcon_core.environment:checking '/home/spaceshipecsat/ur_10_CatapultTest/install/ur10_camera_moveit_config/lib/python3.10/site-packages'
[6.086s] Level 1:colcon.colcon_core.environment:checking '/home/spaceshipecsat/ur_10_CatapultTest/install/ur10_camera_moveit_config/bin'
[6.086s] INFO:colcon.colcon_core.shell:Creating package script '/home/spaceshipecsat/ur_10_CatapultTest/install/ur10_camera_moveit_config/share/ur10_camera_moveit_config/package.ps1'
[6.086s] INFO:colcon.colcon_core.shell:Creating package descriptor '/home/spaceshipecsat/ur_10_CatapultTest/install/ur10_camera_moveit_config/share/ur10_camera_moveit_config/package.dsv'
[6.086s] INFO:colcon.colcon_core.shell:Creating package script '/home/spaceshipecsat/ur_10_CatapultTest/install/ur10_camera_moveit_config/share/ur10_camera_moveit_config/package.sh'
[6.086s] INFO:colcon.colcon_core.shell:Creating package script '/home/spaceshipecsat/ur_10_CatapultTest/install/ur10_camera_moveit_config/share/ur10_camera_moveit_config/package.bash'
[6.086s] INFO:colcon.colcon_core.shell:Creating package script '/home/spaceshipecsat/ur_10_CatapultTest/install/ur10_camera_moveit_config/share/ur10_camera_moveit_config/package.zsh'
[6.086s] Level 1:colcon.colcon_core.environment:create_file_with_runtime_dependencies(/home/spaceshipecsat/ur_10_CatapultTest/install/ur10_camera_moveit_config/share/colcon-core/packages/ur10_camera_moveit_config)
[6.087s] Level 1:colcon.colcon_core.environment:create_environment_scripts_only(ur10_camera_moveit_config)
[6.087s] Level 1:colcon.colcon_core.environment:checking '/home/spaceshipecsat/ur_10_CatapultTest/install/ur10_camera_moveit_config' for CMake module files
[6.087s] Level 1:colcon.colcon_core.environment:checking '/home/spaceshipecsat/ur_10_CatapultTest/install/ur10_camera_moveit_config' for CMake config files
[6.087s] Level 1:colcon.colcon_core.shell:create_environment_hook('ur10_camera_moveit_config', 'cmake_prefix_path')
[6.087s] INFO:colcon.colcon_core.shell:Creating environment hook '/home/spaceshipecsat/ur_10_CatapultTest/install/ur10_camera_moveit_config/share/ur10_camera_moveit_config/hook/cmake_prefix_path.ps1'
[6.087s] INFO:colcon.colcon_core.shell:Creating environment descriptor '/home/spaceshipecsat/ur_10_CatapultTest/install/ur10_camera_moveit_config/share/ur10_camera_moveit_config/hook/cmake_prefix_path.dsv'
[6.087s] INFO:colcon.colcon_core.shell:Creating environment hook '/home/spaceshipecsat/ur_10_CatapultTest/install/ur10_camera_moveit_config/share/ur10_camera_moveit_config/hook/cmake_prefix_path.sh'
[6.088s] Level 1:colcon.colcon_core.environment:checking '/home/spaceshipecsat/ur_10_CatapultTest/install/ur10_camera_moveit_config/bin'
[6.088s] Level 1:colcon.colcon_core.environment:checking '/home/spaceshipecsat/ur_10_CatapultTest/install/ur10_camera_moveit_config/lib/pkgconfig/ur10_camera_moveit_config.pc'
[6.088s] Level 1:colcon.colcon_core.environment:checking '/home/spaceshipecsat/ur_10_CatapultTest/install/ur10_camera_moveit_config/lib/python3.10/site-packages'
[6.088s] Level 1:colcon.colcon_core.environment:checking '/home/spaceshipecsat/ur_10_CatapultTest/install/ur10_camera_moveit_config/bin'
[6.088s] INFO:colcon.colcon_core.shell:Creating package script '/home/spaceshipecsat/ur_10_CatapultTest/install/ur10_camera_moveit_config/share/ur10_camera_moveit_config/package.ps1'
[6.088s] INFO:colcon.colcon_core.shell:Creating package descriptor '/home/spaceshipecsat/ur_10_CatapultTest/install/ur10_camera_moveit_config/share/ur10_camera_moveit_config/package.dsv'
[6.088s] INFO:colcon.colcon_core.shell:Creating package script '/home/spaceshipecsat/ur_10_CatapultTest/install/ur10_camera_moveit_config/share/ur10_camera_moveit_config/package.sh'
[6.088s] INFO:colcon.colcon_core.shell:Creating package script '/home/spaceshipecsat/ur_10_CatapultTest/install/ur10_camera_moveit_config/share/ur10_camera_moveit_config/package.bash'
[6.089s] INFO:colcon.colcon_core.shell:Creating package script '/home/spaceshipecsat/ur_10_CatapultTest/install/ur10_camera_moveit_config/share/ur10_camera_moveit_config/package.zsh'
[6.089s] Level 1:colcon.colcon_core.environment:create_file_with_runtime_dependencies(/home/spaceshipecsat/ur_10_CatapultTest/install/ur10_camera_moveit_config/share/colcon-core/packages/ur10_camera_moveit_config)
[6.089s] Level 1:colcon.colcon_core.environment:create_environment_scripts_only(ur10_camera_gripper_moveit_config)
[6.089s] DEBUG:colcon.colcon_core.event_handler.log_command:Invoked command in '/home/spaceshipecsat/ur_10_CatapultTest/build/ur10_camera_gripper_moveit_config' returned '0': AMENT_PREFIX_PATH=/home/spaceshipecsat/ur_10_CatapultTest/install/ur_yt_sim:${AMENT_PREFIX_PATH} CMAKE_PREFIX_PATH=/home/spaceshipecsat/ur_10_CatapultTest/install/ur_yt_sim:/home/spaceshipecsat/ur_10_CatapultTest/install/ur_description:/home/spaceshipecsat/ur_10_CatapultTest/install/robotiq_description:/home/spaceshipecsat/ur_10_CatapultTest/install/ur_simulation_gazebo:/home/spaceshipecsat/ur_10_CatapultTest/install/ros2_linkattacher:/home/spaceshipecsat/ur_10_CatapultTest/install/robotiq_controllers:/home/spaceshipecsat/ur_10_CatapultTest/install/linkattacher_msgs:/opt/ros/humble /usr/bin/cmake --install /home/spaceshipecsat/ur_10_CatapultTest/build/ur10_camera_gripper_moveit_config
[6.089s] Level 1:colcon.colcon_core.environment:checking '/home/spaceshipecsat/ur_10_CatapultTest/install/ur10_camera_gripper_moveit_config' for CMake module files
[6.090s] Level 1:colcon.colcon_core.environment:checking '/home/spaceshipecsat/ur_10_CatapultTest/install/ur10_camera_gripper_moveit_config' for CMake config files
[6.090s] Level 1:colcon.colcon_core.shell:create_environment_hook('ur10_camera_gripper_moveit_config', 'cmake_prefix_path')
[6.090s] INFO:colcon.colcon_core.shell:Creating environment hook '/home/spaceshipecsat/ur_10_CatapultTest/install/ur10_camera_gripper_moveit_config/share/ur10_camera_gripper_moveit_config/hook/cmake_prefix_path.ps1'
[6.090s] INFO:colcon.colcon_core.shell:Creating environment descriptor '/home/spaceshipecsat/ur_10_CatapultTest/install/ur10_camera_gripper_moveit_config/share/ur10_camera_gripper_moveit_config/hook/cmake_prefix_path.dsv'
[6.090s] INFO:colcon.colcon_core.shell:Creating environment hook '/home/spaceshipecsat/ur_10_CatapultTest/install/ur10_camera_gripper_moveit_config/share/ur10_camera_gripper_moveit_config/hook/cmake_prefix_path.sh'
[6.090s] Level 1:colcon.colcon_core.environment:checking '/home/spaceshipecsat/ur_10_CatapultTest/install/ur10_camera_gripper_moveit_config/bin'
[6.090s] Level 1:colcon.colcon_core.environment:checking '/home/spaceshipecsat/ur_10_CatapultTest/install/ur10_camera_gripper_moveit_config/lib/pkgconfig/ur10_camera_gripper_moveit_config.pc'
[6.091s] Level 1:colcon.colcon_core.environment:checking '/home/spaceshipecsat/ur_10_CatapultTest/install/ur10_camera_gripper_moveit_config/lib/python3.10/site-packages'
[6.091s] Level 1:colcon.colcon_core.environment:checking '/home/spaceshipecsat/ur_10_CatapultTest/install/ur10_camera_gripper_moveit_config/bin'
[6.091s] INFO:colcon.colcon_core.shell:Creating package script '/home/spaceshipecsat/ur_10_CatapultTest/install/ur10_camera_gripper_moveit_config/share/ur10_camera_gripper_moveit_config/package.ps1'
[6.091s] INFO:colcon.colcon_core.shell:Creating package descriptor '/home/spaceshipecsat/ur_10_CatapultTest/install/ur10_camera_gripper_moveit_config/share/ur10_camera_gripper_moveit_config/package.dsv'
[6.091s] INFO:colcon.colcon_core.shell:Creating package script '/home/spaceshipecsat/ur_10_CatapultTest/install/ur10_camera_gripper_moveit_config/share/ur10_camera_gripper_moveit_config/package.sh'
[6.091s] INFO:colcon.colcon_core.shell:Creating package script '/home/spaceshipecsat/ur_10_CatapultTest/install/ur10_camera_gripper_moveit_config/share/ur10_camera_gripper_moveit_config/package.bash'
[6.091s] INFO:colcon.colcon_core.shell:Creating package script '/home/spaceshipecsat/ur_10_CatapultTest/install/ur10_camera_gripper_moveit_config/share/ur10_camera_gripper_moveit_config/package.zsh'
[6.091s] Level 1:colcon.colcon_core.environment:create_file_with_runtime_dependencies(/home/spaceshipecsat/ur_10_CatapultTest/install/ur10_camera_gripper_moveit_config/share/colcon-core/packages/ur10_camera_gripper_moveit_config)
[6.092s] Level 1:colcon.colcon_core.environment:create_environment_scripts_only(ur10_camera_gripper_moveit_config)
[6.092s] Level 1:colcon.colcon_core.environment:checking '/home/spaceshipecsat/ur_10_CatapultTest/install/ur10_camera_gripper_moveit_config' for CMake module files
[6.092s] Level 1:colcon.colcon_core.environment:checking '/home/spaceshipecsat/ur_10_CatapultTest/install/ur10_camera_gripper_moveit_config' for CMake config files
[6.092s] Level 1:colcon.colcon_core.shell:create_environment_hook('ur10_camera_gripper_moveit_config', 'cmake_prefix_path')
[6.092s] INFO:colcon.colcon_core.shell:Creating environment hook '/home/spaceshipecsat/ur_10_CatapultTest/install/ur10_camera_gripper_moveit_config/share/ur10_camera_gripper_moveit_config/hook/cmake_prefix_path.ps1'
[6.092s] INFO:colcon.colcon_core.shell:Creating environment descriptor '/home/spaceshipecsat/ur_10_CatapultTest/install/ur10_camera_gripper_moveit_config/share/ur10_camera_gripper_moveit_config/hook/cmake_prefix_path.dsv'
[6.092s] INFO:colcon.colcon_core.shell:Creating environment hook '/home/spaceshipecsat/ur_10_CatapultTest/install/ur10_camera_gripper_moveit_config/share/ur10_camera_gripper_moveit_config/hook/cmake_prefix_path.sh'
[6.093s] Level 1:colcon.colcon_core.environment:checking '/home/spaceshipecsat/ur_10_CatapultTest/install/ur10_camera_gripper_moveit_config/bin'
[6.093s] Level 1:colcon.colcon_core.environment:checking '/home/spaceshipecsat/ur_10_CatapultTest/install/ur10_camera_gripper_moveit_config/lib/pkgconfig/ur10_camera_gripper_moveit_config.pc'
[6.093s] Level 1:colcon.colcon_core.environment:checking '/home/spaceshipecsat/ur_10_CatapultTest/install/ur10_camera_gripper_moveit_config/lib/python3.10/site-packages'
[6.093s] Level 1:colcon.colcon_core.environment:checking '/home/spaceshipecsat/ur_10_CatapultTest/install/ur10_camera_gripper_moveit_config/bin'
[6.093s] INFO:colcon.colcon_core.shell:Creating package script '/home/spaceshipecsat/ur_10_CatapultTest/install/ur10_camera_gripper_moveit_config/share/ur10_camera_gripper_moveit_config/package.ps1'
[6.093s] INFO:colcon.colcon_core.shell:Creating package descriptor '/home/spaceshipecsat/ur_10_CatapultTest/install/ur10_camera_gripper_moveit_config/share/ur10_camera_gripper_moveit_config/package.dsv'
[6.093s] INFO:colcon.colcon_core.shell:Creating package script '/home/spaceshipecsat/ur_10_CatapultTest/install/ur10_camera_gripper_moveit_config/share/ur10_camera_gripper_moveit_config/package.sh'
[6.093s] INFO:colcon.colcon_core.shell:Creating package script '/home/spaceshipecsat/ur_10_CatapultTest/install/ur10_camera_gripper_moveit_config/share/ur10_camera_gripper_moveit_config/package.bash'
[6.093s] INFO:colcon.colcon_core.shell:Creating package script '/home/spaceshipecsat/ur_10_CatapultTest/install/ur10_camera_gripper_moveit_config/share/ur10_camera_gripper_moveit_config/package.zsh'
[6.094s] Level 1:colcon.colcon_core.environment:create_file_with_runtime_dependencies(/home/spaceshipecsat/ur_10_CatapultTest/install/ur10_camera_gripper_moveit_config/share/colcon-core/packages/ur10_camera_gripper_moveit_config)
[6.094s] DEBUG:colcon.colcon_parallel_executor.executor.parallel:closing loop
[6.094s] DEBUG:colcon.colcon_parallel_executor.executor.parallel:loop closed
[6.094s] DEBUG:colcon.colcon_parallel_executor.executor.parallel:run_until_complete finished with '0'
[6.094s] DEBUG:colcon.colcon_core.event_reactor:joining thread
[6.096s] INFO:colcon.colcon_core.plugin_system:Skipping extension 'colcon_notification.desktop_notification.terminal_notifier': Not used on non-Darwin systems
[6.096s] INFO:colcon.colcon_core.plugin_system:Skipping extension 'colcon_notification.desktop_notification.win32': Not used on non-Windows systems
[6.096s] INFO:colcon.colcon_notification.desktop_notification:Sending desktop notification using 'notify2'
[6.102s] DEBUG:colcon.colcon_core.event_reactor:joined thread
[6.102s] INFO:colcon.colcon_core.shell:Creating prefix script '/home/spaceshipecsat/ur_10_CatapultTest/install/local_setup.ps1'
[6.102s] INFO:colcon.colcon_core.shell:Creating prefix util module '/home/spaceshipecsat/ur_10_CatapultTest/install/_local_setup_util_ps1.py'
[6.103s] INFO:colcon.colcon_core.shell:Creating prefix chain script '/home/spaceshipecsat/ur_10_CatapultTest/install/setup.ps1'
[6.103s] INFO:colcon.colcon_core.shell:Creating prefix script '/home/spaceshipecsat/ur_10_CatapultTest/install/local_setup.sh'
[6.103s] INFO:colcon.colcon_core.shell:Creating prefix util module '/home/spaceshipecsat/ur_10_CatapultTest/install/_local_setup_util_sh.py'
[6.104s] INFO:colcon.colcon_core.shell:Creating prefix chain script '/home/spaceshipecsat/ur_10_CatapultTest/install/setup.sh'
[6.104s] INFO:colcon.colcon_core.shell:Creating prefix script '/home/spaceshipecsat/ur_10_CatapultTest/install/local_setup.bash'
[6.104s] INFO:colcon.colcon_core.shell:Creating prefix chain script '/home/spaceshipecsat/ur_10_CatapultTest/install/setup.bash'
[6.105s] INFO:colcon.colcon_core.shell:Creating prefix script '/home/spaceshipecsat/ur_10_CatapultTest/install/local_setup.zsh'
[6.105s] INFO:colcon.colcon_core.shell:Creating prefix chain script '/home/spaceshipecsat/ur_10_CatapultTest/install/setup.zsh'
