[0.044s] DEBUG:colcon:Command line arguments: ['/usr/bin/colcon', 'build', '--symlink-install']
[0.045s] DEBUG:colcon:Parsed command line arguments: Namespace(log_base=None, log_level=None, verb_name='build', build_base='build', install_base='install', merge_install=False, symlink_install=True, test_result_base=None, continue_on_error=False, executor='parallel', parallel_workers=32, event_handlers=None, ignore_user_meta=False, metas=['./colcon.meta'], base_paths=['.'], packages_ignore=None, packages_ignore_regex=None, paths=None, packages_up_to=None, packages_up_to_regex=None, packages_above=None, packages_above_and_dependencies=None, packages_above_depth=None, packages_select_by_dep=None, packages_skip_by_dep=None, packages_skip_up_to=None, packages_select_build_failed=False, packages_skip_build_finished=False, packages_select_test_failures=False, packages_skip_test_passed=False, packages_select=None, packages_skip=None, packages_select_regex=None, packages_skip_regex=None, packages_start=None, packages_end=None, allow_overriding=[], cmake_args=None, cmake_target=None, cmake_target_skip_unavailable=False, cmake_clean_cache=False, cmake_clean_first=False, cmake_force_configure=False, ament_cmake_args=None, catkin_cmake_args=None, catkin_skip_building_tests=False, verb_parser=<colcon_defaults.argument_parser.defaults.DefaultArgumentsDecorator object at 0x78beb2968820>, verb_extension=<colcon_core.verb.build.BuildVerb object at 0x78beb2933a60>, main=<bound method BuildVerb.main of <colcon_core.verb.build.BuildVerb object at 0x78beb2933a60>>)
[0.112s] Level 1:colcon.colcon_core.package_discovery:discover_packages(colcon_meta) check parameters
[0.112s] Level 1:colcon.colcon_core.package_discovery:discover_packages(recursive) check parameters
[0.112s] Level 1:colcon.colcon_core.package_discovery:discover_packages(ignore) check parameters
[0.112s] Level 1:colcon.colcon_core.package_discovery:discover_packages(path) check parameters
[0.112s] Level 1:colcon.colcon_core.package_discovery:discover_packages(colcon_meta) discover
[0.112s] Level 1:colcon.colcon_core.package_discovery:discover_packages(recursive) discover
[0.112s] INFO:colcon.colcon_core.package_discovery:Crawling recursively for packages in '/home/spaceshipecsat/ur_10_CatapultTest'
[0.112s] Level 1:colcon.colcon_core.package_identification:_identify(.) by extensions ['ignore', 'ignore_ament_install']
[0.112s] Level 1:colcon.colcon_core.package_identification:_identify(.) by extension 'ignore'
[0.112s] Level 1:colcon.colcon_core.package_identification:_identify(.) by extension 'ignore_ament_install'
[0.112s] Level 1:colcon.colcon_core.package_identification:_identify(.) by extensions ['colcon_pkg']
[0.112s] Level 1:colcon.colcon_core.package_identification:_identify(.) by extension 'colcon_pkg'
[0.112s] Level 1:colcon.colcon_core.package_identification:_identify(.) by extensions ['colcon_meta']
[0.112s] Level 1:colcon.colcon_core.package_identification:_identify(.) by extension 'colcon_meta'
[0.112s] Level 1:colcon.colcon_core.package_identification:_identify(.) by extensions ['ros']
[0.112s] Level 1:colcon.colcon_core.package_identification:_identify(.) by extension 'ros'
[0.117s] Level 1:colcon.colcon_core.package_identification:_identify(.) by extensions ['cmake', 'python']
[0.117s] Level 1:colcon.colcon_core.package_identification:_identify(.) by extension 'cmake'
[0.117s] Level 1:colcon.colcon_core.package_identification:_identify(.) by extension 'python'
[0.117s] Level 1:colcon.colcon_core.package_identification:_identify(.) by extensions ['python_setup_py']
[0.117s] Level 1:colcon.colcon_core.package_identification:_identify(.) by extension 'python_setup_py'
[0.117s] Level 1:colcon.colcon_core.package_identification:_identify(build) by extensions ['ignore', 'ignore_ament_install']
[0.117s] Level 1:colcon.colcon_core.package_identification:_identify(build) by extension 'ignore'
[0.117s] Level 1:colcon.colcon_core.package_identification:_identify(build) ignored
[0.117s] Level 1:colcon.colcon_core.package_identification:_identify(install) by extensions ['ignore', 'ignore_ament_install']
[0.117s] Level 1:colcon.colcon_core.package_identification:_identify(install) by extension 'ignore'
[0.117s] Level 1:colcon.colcon_core.package_identification:_identify(install) ignored
[0.117s] Level 1:colcon.colcon_core.package_identification:_identify(log) by extensions ['ignore', 'ignore_ament_install']
[0.117s] Level 1:colcon.colcon_core.package_identification:_identify(log) by extension 'ignore'
[0.117s] Level 1:colcon.colcon_core.package_identification:_identify(log) ignored
[0.117s] Level 1:colcon.colcon_core.package_identification:_identify(src) by extensions ['ignore', 'ignore_ament_install']
[0.117s] Level 1:colcon.colcon_core.package_identification:_identify(src) by extension 'ignore'
[0.117s] Level 1:colcon.colcon_core.package_identification:_identify(src) by extension 'ignore_ament_install'
[0.117s] Level 1:colcon.colcon_core.package_identification:_identify(src) by extensions ['colcon_pkg']
[0.117s] Level 1:colcon.colcon_core.package_identification:_identify(src) by extension 'colcon_pkg'
[0.117s] Level 1:colcon.colcon_core.package_identification:_identify(src) by extensions ['colcon_meta']
[0.117s] Level 1:colcon.colcon_core.package_identification:_identify(src) by extension 'colcon_meta'
[0.117s] Level 1:colcon.colcon_core.package_identification:_identify(src) by extensions ['ros']
[0.117s] Level 1:colcon.colcon_core.package_identification:_identify(src) by extension 'ros'
[0.117s] Level 1:colcon.colcon_core.package_identification:_identify(src) by extensions ['cmake', 'python']
[0.117s] Level 1:colcon.colcon_core.package_identification:_identify(src) by extension 'cmake'
[0.117s] Level 1:colcon.colcon_core.package_identification:_identify(src) by extension 'python'
[0.117s] Level 1:colcon.colcon_core.package_identification:_identify(src) by extensions ['python_setup_py']
[0.117s] Level 1:colcon.colcon_core.package_identification:_identify(src) by extension 'python_setup_py'
[0.117s] Level 1:colcon.colcon_core.package_identification:_identify(src/IFRA_LinkAttacher) by extensions ['ignore', 'ignore_ament_install']
[0.117s] Level 1:colcon.colcon_core.package_identification:_identify(src/IFRA_LinkAttacher) by extension 'ignore'
[0.117s] Level 1:colcon.colcon_core.package_identification:_identify(src/IFRA_LinkAttacher) by extension 'ignore_ament_install'
[0.117s] Level 1:colcon.colcon_core.package_identification:_identify(src/IFRA_LinkAttacher) by extensions ['colcon_pkg']
[0.117s] Level 1:colcon.colcon_core.package_identification:_identify(src/IFRA_LinkAttacher) by extension 'colcon_pkg'
[0.118s] Level 1:colcon.colcon_core.package_identification:_identify(src/IFRA_LinkAttacher) by extensions ['colcon_meta']
[0.118s] Level 1:colcon.colcon_core.package_identification:_identify(src/IFRA_LinkAttacher) by extension 'colcon_meta'
[0.118s] Level 1:colcon.colcon_core.package_identification:_identify(src/IFRA_LinkAttacher) by extensions ['ros']
[0.118s] Level 1:colcon.colcon_core.package_identification:_identify(src/IFRA_LinkAttacher) by extension 'ros'
[0.118s] Level 1:colcon.colcon_core.package_identification:_identify(src/IFRA_LinkAttacher) by extensions ['cmake', 'python']
[0.118s] Level 1:colcon.colcon_core.package_identification:_identify(src/IFRA_LinkAttacher) by extension 'cmake'
[0.118s] Level 1:colcon.colcon_core.package_identification:_identify(src/IFRA_LinkAttacher) by extension 'python'
[0.118s] Level 1:colcon.colcon_core.package_identification:_identify(src/IFRA_LinkAttacher) by extensions ['python_setup_py']
[0.118s] Level 1:colcon.colcon_core.package_identification:_identify(src/IFRA_LinkAttacher) by extension 'python_setup_py'
[0.118s] Level 1:colcon.colcon_core.package_identification:_identify(src/IFRA_LinkAttacher/linkattacher_msgs) by extensions ['ignore', 'ignore_ament_install']
[0.118s] Level 1:colcon.colcon_core.package_identification:_identify(src/IFRA_LinkAttacher/linkattacher_msgs) by extension 'ignore'
[0.118s] Level 1:colcon.colcon_core.package_identification:_identify(src/IFRA_LinkAttacher/linkattacher_msgs) by extension 'ignore_ament_install'
[0.118s] Level 1:colcon.colcon_core.package_identification:_identify(src/IFRA_LinkAttacher/linkattacher_msgs) by extensions ['colcon_pkg']
[0.118s] Level 1:colcon.colcon_core.package_identification:_identify(src/IFRA_LinkAttacher/linkattacher_msgs) by extension 'colcon_pkg'
[0.118s] Level 1:colcon.colcon_core.package_identification:_identify(src/IFRA_LinkAttacher/linkattacher_msgs) by extensions ['colcon_meta']
[0.118s] Level 1:colcon.colcon_core.package_identification:_identify(src/IFRA_LinkAttacher/linkattacher_msgs) by extension 'colcon_meta'
[0.118s] Level 1:colcon.colcon_core.package_identification:_identify(src/IFRA_LinkAttacher/linkattacher_msgs) by extensions ['ros']
[0.118s] Level 1:colcon.colcon_core.package_identification:_identify(src/IFRA_LinkAttacher/linkattacher_msgs) by extension 'ros'
[0.119s] DEBUG:colcon.colcon_core.package_identification:Package 'src/IFRA_LinkAttacher/linkattacher_msgs' with type 'ros.ament_cmake' and name 'linkattacher_msgs'
[0.119s] Level 1:colcon.colcon_core.package_identification:_identify(src/IFRA_LinkAttacher/ros2_LinkAttacher) by extensions ['ignore', 'ignore_ament_install']
[0.119s] Level 1:colcon.colcon_core.package_identification:_identify(src/IFRA_LinkAttacher/ros2_LinkAttacher) by extension 'ignore'
[0.119s] Level 1:colcon.colcon_core.package_identification:_identify(src/IFRA_LinkAttacher/ros2_LinkAttacher) by extension 'ignore_ament_install'
[0.119s] Level 1:colcon.colcon_core.package_identification:_identify(src/IFRA_LinkAttacher/ros2_LinkAttacher) by extensions ['colcon_pkg']
[0.119s] Level 1:colcon.colcon_core.package_identification:_identify(src/IFRA_LinkAttacher/ros2_LinkAttacher) by extension 'colcon_pkg'
[0.119s] Level 1:colcon.colcon_core.package_identification:_identify(src/IFRA_LinkAttacher/ros2_LinkAttacher) by extensions ['colcon_meta']
[0.119s] Level 1:colcon.colcon_core.package_identification:_identify(src/IFRA_LinkAttacher/ros2_LinkAttacher) by extension 'colcon_meta'
[0.119s] Level 1:colcon.colcon_core.package_identification:_identify(src/IFRA_LinkAttacher/ros2_LinkAttacher) by extensions ['ros']
[0.119s] Level 1:colcon.colcon_core.package_identification:_identify(src/IFRA_LinkAttacher/ros2_LinkAttacher) by extension 'ros'
[0.119s] DEBUG:colcon.colcon_core.package_identification:Package 'src/IFRA_LinkAttacher/ros2_LinkAttacher' with type 'ros.ament_cmake' and name 'ros2_linkattacher'
[0.119s] Level 1:colcon.colcon_core.package_identification:_identify(src/Universal_Robots_ROS2_Description) by extensions ['ignore', 'ignore_ament_install']
[0.119s] Level 1:colcon.colcon_core.package_identification:_identify(src/Universal_Robots_ROS2_Description) by extension 'ignore'
[0.119s] Level 1:colcon.colcon_core.package_identification:_identify(src/Universal_Robots_ROS2_Description) by extension 'ignore_ament_install'
[0.119s] Level 1:colcon.colcon_core.package_identification:_identify(src/Universal_Robots_ROS2_Description) by extensions ['colcon_pkg']
[0.119s] Level 1:colcon.colcon_core.package_identification:_identify(src/Universal_Robots_ROS2_Description) by extension 'colcon_pkg'
[0.119s] Level 1:colcon.colcon_core.package_identification:_identify(src/Universal_Robots_ROS2_Description) by extensions ['colcon_meta']
[0.119s] Level 1:colcon.colcon_core.package_identification:_identify(src/Universal_Robots_ROS2_Description) by extension 'colcon_meta'
[0.119s] Level 1:colcon.colcon_core.package_identification:_identify(src/Universal_Robots_ROS2_Description) by extensions ['ros']
[0.119s] Level 1:colcon.colcon_core.package_identification:_identify(src/Universal_Robots_ROS2_Description) by extension 'ros'
[0.120s] DEBUG:colcon.colcon_core.package_identification:Package 'src/Universal_Robots_ROS2_Description' with type 'ros.ament_cmake' and name 'ur_description'
[0.120s] Level 1:colcon.colcon_core.package_identification:_identify(src/Universal_Robots_ROS2_Gazebo_Simulation) by extensions ['ignore', 'ignore_ament_install']
[0.120s] Level 1:colcon.colcon_core.package_identification:_identify(src/Universal_Robots_ROS2_Gazebo_Simulation) by extension 'ignore'
[0.120s] Level 1:colcon.colcon_core.package_identification:_identify(src/Universal_Robots_ROS2_Gazebo_Simulation) by extension 'ignore_ament_install'
[0.120s] Level 1:colcon.colcon_core.package_identification:_identify(src/Universal_Robots_ROS2_Gazebo_Simulation) by extensions ['colcon_pkg']
[0.120s] Level 1:colcon.colcon_core.package_identification:_identify(src/Universal_Robots_ROS2_Gazebo_Simulation) by extension 'colcon_pkg'
[0.120s] Level 1:colcon.colcon_core.package_identification:_identify(src/Universal_Robots_ROS2_Gazebo_Simulation) by extensions ['colcon_meta']
[0.120s] Level 1:colcon.colcon_core.package_identification:_identify(src/Universal_Robots_ROS2_Gazebo_Simulation) by extension 'colcon_meta'
[0.120s] Level 1:colcon.colcon_core.package_identification:_identify(src/Universal_Robots_ROS2_Gazebo_Simulation) by extensions ['ros']
[0.120s] Level 1:colcon.colcon_core.package_identification:_identify(src/Universal_Robots_ROS2_Gazebo_Simulation) by extension 'ros'
[0.120s] Level 1:colcon.colcon_core.package_identification:_identify(src/Universal_Robots_ROS2_Gazebo_Simulation) by extensions ['cmake', 'python']
[0.120s] Level 1:colcon.colcon_core.package_identification:_identify(src/Universal_Robots_ROS2_Gazebo_Simulation) by extension 'cmake'
[0.120s] Level 1:colcon.colcon_core.package_identification:_identify(src/Universal_Robots_ROS2_Gazebo_Simulation) by extension 'python'
[0.120s] Level 1:colcon.colcon_core.package_identification:_identify(src/Universal_Robots_ROS2_Gazebo_Simulation) by extensions ['python_setup_py']
[0.120s] Level 1:colcon.colcon_core.package_identification:_identify(src/Universal_Robots_ROS2_Gazebo_Simulation) by extension 'python_setup_py'
[0.121s] Level 1:colcon.colcon_core.package_identification:_identify(src/Universal_Robots_ROS2_Gazebo_Simulation/ur_simulation_gazebo) by extensions ['ignore', 'ignore_ament_install']
[0.121s] Level 1:colcon.colcon_core.package_identification:_identify(src/Universal_Robots_ROS2_Gazebo_Simulation/ur_simulation_gazebo) by extension 'ignore'
[0.121s] Level 1:colcon.colcon_core.package_identification:_identify(src/Universal_Robots_ROS2_Gazebo_Simulation/ur_simulation_gazebo) by extension 'ignore_ament_install'
[0.121s] Level 1:colcon.colcon_core.package_identification:_identify(src/Universal_Robots_ROS2_Gazebo_Simulation/ur_simulation_gazebo) by extensions ['colcon_pkg']
[0.121s] Level 1:colcon.colcon_core.package_identification:_identify(src/Universal_Robots_ROS2_Gazebo_Simulation/ur_simulation_gazebo) by extension 'colcon_pkg'
[0.121s] Level 1:colcon.colcon_core.package_identification:_identify(src/Universal_Robots_ROS2_Gazebo_Simulation/ur_simulation_gazebo) by extensions ['colcon_meta']
[0.121s] Level 1:colcon.colcon_core.package_identification:_identify(src/Universal_Robots_ROS2_Gazebo_Simulation/ur_simulation_gazebo) by extension 'colcon_meta'
[0.121s] Level 1:colcon.colcon_core.package_identification:_identify(src/Universal_Robots_ROS2_Gazebo_Simulation/ur_simulation_gazebo) by extensions ['ros']
[0.121s] Level 1:colcon.colcon_core.package_identification:_identify(src/Universal_Robots_ROS2_Gazebo_Simulation/ur_simulation_gazebo) by extension 'ros'
[0.121s] DEBUG:colcon.colcon_core.package_identification:Package 'src/Universal_Robots_ROS2_Gazebo_Simulation/ur_simulation_gazebo' with type 'ros.ament_cmake' and name 'ur_simulation_gazebo'
[0.121s] Level 1:colcon.colcon_core.package_identification:_identify(src/aruco_markers) by extensions ['ignore', 'ignore_ament_install']
[0.121s] Level 1:colcon.colcon_core.package_identification:_identify(src/aruco_markers) by extension 'ignore'
[0.121s] Level 1:colcon.colcon_core.package_identification:_identify(src/aruco_markers) by extension 'ignore_ament_install'
[0.121s] Level 1:colcon.colcon_core.package_identification:_identify(src/aruco_markers) by extensions ['colcon_pkg']
[0.121s] Level 1:colcon.colcon_core.package_identification:_identify(src/aruco_markers) by extension 'colcon_pkg'
[0.121s] Level 1:colcon.colcon_core.package_identification:_identify(src/aruco_markers) by extensions ['colcon_meta']
[0.121s] Level 1:colcon.colcon_core.package_identification:_identify(src/aruco_markers) by extension 'colcon_meta'
[0.121s] Level 1:colcon.colcon_core.package_identification:_identify(src/aruco_markers) by extensions ['ros']
[0.121s] Level 1:colcon.colcon_core.package_identification:_identify(src/aruco_markers) by extension 'ros'
[0.121s] Level 1:colcon.colcon_core.package_identification:_identify(src/aruco_markers) by extensions ['cmake', 'python']
[0.121s] Level 1:colcon.colcon_core.package_identification:_identify(src/aruco_markers) by extension 'cmake'
[0.121s] Level 1:colcon.colcon_core.package_identification:_identify(src/aruco_markers) by extension 'python'
[0.121s] Level 1:colcon.colcon_core.package_identification:_identify(src/aruco_markers) by extensions ['python_setup_py']
[0.121s] Level 1:colcon.colcon_core.package_identification:_identify(src/aruco_markers) by extension 'python_setup_py'
[0.121s] Level 1:colcon.colcon_core.package_identification:_identify(src/build_local) by extensions ['ignore', 'ignore_ament_install']
[0.121s] Level 1:colcon.colcon_core.package_identification:_identify(src/build_local) by extension 'ignore'
[0.121s] Level 1:colcon.colcon_core.package_identification:_identify(src/build_local) ignored
[0.121s] Level 1:colcon.colcon_core.package_identification:_identify(src/build_tmp) by extensions ['ignore', 'ignore_ament_install']
[0.121s] Level 1:colcon.colcon_core.package_identification:_identify(src/build_tmp) by extension 'ignore'
[0.121s] Level 1:colcon.colcon_core.package_identification:_identify(src/build_tmp) ignored
[0.121s] Level 1:colcon.colcon_core.package_identification:_identify(src/build_tmp2) by extensions ['ignore', 'ignore_ament_install']
[0.121s] Level 1:colcon.colcon_core.package_identification:_identify(src/build_tmp2) by extension 'ignore'
[0.121s] Level 1:colcon.colcon_core.package_identification:_identify(src/build_tmp2) ignored
[0.121s] Level 1:colcon.colcon_core.package_identification:_identify(src/install_local) by extensions ['ignore', 'ignore_ament_install']
[0.121s] Level 1:colcon.colcon_core.package_identification:_identify(src/install_local) by extension 'ignore'
[0.121s] Level 1:colcon.colcon_core.package_identification:_identify(src/install_local) ignored
[0.121s] Level 1:colcon.colcon_core.package_identification:_identify(src/install_tmp) by extensions ['ignore', 'ignore_ament_install']
[0.122s] Level 1:colcon.colcon_core.package_identification:_identify(src/install_tmp) by extension 'ignore'
[0.122s] Level 1:colcon.colcon_core.package_identification:_identify(src/install_tmp) ignored
[0.122s] Level 1:colcon.colcon_core.package_identification:_identify(src/install_tmp2) by extensions ['ignore', 'ignore_ament_install']
[0.122s] Level 1:colcon.colcon_core.package_identification:_identify(src/install_tmp2) by extension 'ignore'
[0.122s] Level 1:colcon.colcon_core.package_identification:_identify(src/install_tmp2) ignored
[0.122s] Level 1:colcon.colcon_core.package_identification:_identify(src/log_local) by extensions ['ignore', 'ignore_ament_install']
[0.122s] Level 1:colcon.colcon_core.package_identification:_identify(src/log_local) by extension 'ignore'
[0.122s] Level 1:colcon.colcon_core.package_identification:_identify(src/log_local) ignored
[0.122s] Level 1:colcon.colcon_core.package_identification:_identify(src/log_tmp) by extensions ['ignore', 'ignore_ament_install']
[0.122s] Level 1:colcon.colcon_core.package_identification:_identify(src/log_tmp) by extension 'ignore'
[0.122s] Level 1:colcon.colcon_core.package_identification:_identify(src/log_tmp) ignored
[0.122s] Level 1:colcon.colcon_core.package_identification:_identify(src/log_tmp2) by extensions ['ignore', 'ignore_ament_install']
[0.122s] Level 1:colcon.colcon_core.package_identification:_identify(src/log_tmp2) by extension 'ignore'
[0.122s] Level 1:colcon.colcon_core.package_identification:_identify(src/log_tmp2) ignored
[0.122s] Level 1:colcon.colcon_core.package_identification:_identify(src/ros2_robotiq_gripper) by extensions ['ignore', 'ignore_ament_install']
[0.122s] Level 1:colcon.colcon_core.package_identification:_identify(src/ros2_robotiq_gripper) by extension 'ignore'
[0.122s] Level 1:colcon.colcon_core.package_identification:_identify(src/ros2_robotiq_gripper) by extension 'ignore_ament_install'
[0.122s] Level 1:colcon.colcon_core.package_identification:_identify(src/ros2_robotiq_gripper) by extensions ['colcon_pkg']
[0.122s] Level 1:colcon.colcon_core.package_identification:_identify(src/ros2_robotiq_gripper) by extension 'colcon_pkg'
[0.122s] Level 1:colcon.colcon_core.package_identification:_identify(src/ros2_robotiq_gripper) by extensions ['colcon_meta']
[0.122s] Level 1:colcon.colcon_core.package_identification:_identify(src/ros2_robotiq_gripper) by extension 'colcon_meta'
[0.122s] Level 1:colcon.colcon_core.package_identification:_identify(src/ros2_robotiq_gripper) by extensions ['ros']
[0.122s] Level 1:colcon.colcon_core.package_identification:_identify(src/ros2_robotiq_gripper) by extension 'ros'
[0.122s] Level 1:colcon.colcon_core.package_identification:_identify(src/ros2_robotiq_gripper) by extensions ['cmake', 'python']
[0.122s] Level 1:colcon.colcon_core.package_identification:_identify(src/ros2_robotiq_gripper) by extension 'cmake'
[0.122s] Level 1:colcon.colcon_core.package_identification:_identify(src/ros2_robotiq_gripper) by extension 'python'
[0.122s] Level 1:colcon.colcon_core.package_identification:_identify(src/ros2_robotiq_gripper) by extensions ['python_setup_py']
[0.122s] Level 1:colcon.colcon_core.package_identification:_identify(src/ros2_robotiq_gripper) by extension 'python_setup_py'
[0.122s] Level 1:colcon.colcon_core.package_identification:_identify(src/ros2_robotiq_gripper/robotiq_controllers) by extensions ['ignore', 'ignore_ament_install']
[0.122s] Level 1:colcon.colcon_core.package_identification:_identify(src/ros2_robotiq_gripper/robotiq_controllers) by extension 'ignore'
[0.122s] Level 1:colcon.colcon_core.package_identification:_identify(src/ros2_robotiq_gripper/robotiq_controllers) by extension 'ignore_ament_install'
[0.122s] Level 1:colcon.colcon_core.package_identification:_identify(src/ros2_robotiq_gripper/robotiq_controllers) by extensions ['colcon_pkg']
[0.122s] Level 1:colcon.colcon_core.package_identification:_identify(src/ros2_robotiq_gripper/robotiq_controllers) by extension 'colcon_pkg'
[0.122s] Level 1:colcon.colcon_core.package_identification:_identify(src/ros2_robotiq_gripper/robotiq_controllers) by extensions ['colcon_meta']
[0.122s] Level 1:colcon.colcon_core.package_identification:_identify(src/ros2_robotiq_gripper/robotiq_controllers) by extension 'colcon_meta'
[0.122s] Level 1:colcon.colcon_core.package_identification:_identify(src/ros2_robotiq_gripper/robotiq_controllers) by extensions ['ros']
[0.122s] Level 1:colcon.colcon_core.package_identification:_identify(src/ros2_robotiq_gripper/robotiq_controllers) by extension 'ros'
[0.122s] DEBUG:colcon.colcon_core.package_identification:Package 'src/ros2_robotiq_gripper/robotiq_controllers' with type 'ros.ament_cmake' and name 'robotiq_controllers'
[0.122s] Level 1:colcon.colcon_core.package_identification:_identify(src/ros2_robotiq_gripper/robotiq_description) by extensions ['ignore', 'ignore_ament_install']
[0.123s] Level 1:colcon.colcon_core.package_identification:_identify(src/ros2_robotiq_gripper/robotiq_description) by extension 'ignore'
[0.123s] Level 1:colcon.colcon_core.package_identification:_identify(src/ros2_robotiq_gripper/robotiq_description) by extension 'ignore_ament_install'
[0.123s] Level 1:colcon.colcon_core.package_identification:_identify(src/ros2_robotiq_gripper/robotiq_description) by extensions ['colcon_pkg']
[0.123s] Level 1:colcon.colcon_core.package_identification:_identify(src/ros2_robotiq_gripper/robotiq_description) by extension 'colcon_pkg'
[0.123s] Level 1:colcon.colcon_core.package_identification:_identify(src/ros2_robotiq_gripper/robotiq_description) by extensions ['colcon_meta']
[0.123s] Level 1:colcon.colcon_core.package_identification:_identify(src/ros2_robotiq_gripper/robotiq_description) by extension 'colcon_meta'
[0.123s] Level 1:colcon.colcon_core.package_identification:_identify(src/ros2_robotiq_gripper/robotiq_description) by extensions ['ros']
[0.123s] Level 1:colcon.colcon_core.package_identification:_identify(src/ros2_robotiq_gripper/robotiq_description) by extension 'ros'
[0.123s] DEBUG:colcon.colcon_core.package_identification:Package 'src/ros2_robotiq_gripper/robotiq_description' with type 'ros.ament_cmake' and name 'robotiq_description'
[0.123s] Level 1:colcon.colcon_core.package_identification:_identify(src/ros2_robotiq_gripper/robotiq_driver) by extensions ['ignore', 'ignore_ament_install']
[0.123s] Level 1:colcon.colcon_core.package_identification:_identify(src/ros2_robotiq_gripper/robotiq_driver) by extension 'ignore'
[0.123s] Level 1:colcon.colcon_core.package_identification:_identify(src/ros2_robotiq_gripper/robotiq_driver) by extension 'ignore_ament_install'
[0.123s] Level 1:colcon.colcon_core.package_identification:_identify(src/ros2_robotiq_gripper/robotiq_driver) by extensions ['colcon_pkg']
[0.123s] Level 1:colcon.colcon_core.package_identification:_identify(src/ros2_robotiq_gripper/robotiq_driver) by extension 'colcon_pkg'
[0.123s] Level 1:colcon.colcon_core.package_identification:_identify(src/ros2_robotiq_gripper/robotiq_driver) by extensions ['colcon_meta']
[0.123s] Level 1:colcon.colcon_core.package_identification:_identify(src/ros2_robotiq_gripper/robotiq_driver) by extension 'colcon_meta'
[0.123s] Level 1:colcon.colcon_core.package_identification:_identify(src/ros2_robotiq_gripper/robotiq_driver) by extensions ['ros']
[0.123s] Level 1:colcon.colcon_core.package_identification:_identify(src/ros2_robotiq_gripper/robotiq_driver) by extension 'ros'
[0.123s] Level 1:colcon.colcon_core.package_identification:_identify(src/ros2_robotiq_gripper/robotiq_driver) by extensions ['cmake', 'python']
[0.123s] Level 1:colcon.colcon_core.package_identification:_identify(src/ros2_robotiq_gripper/robotiq_driver) by extension 'cmake'
[0.123s] Level 1:colcon.colcon_core.package_identification:_identify(src/ros2_robotiq_gripper/robotiq_driver) by extension 'python'
[0.123s] Level 1:colcon.colcon_core.package_identification:_identify(src/ros2_robotiq_gripper/robotiq_driver) by extensions ['python_setup_py']
[0.123s] Level 1:colcon.colcon_core.package_identification:_identify(src/ros2_robotiq_gripper/robotiq_driver) by extension 'python_setup_py'
[0.123s] Level 1:colcon.colcon_core.package_identification:_identify(src/ros2_robotiq_gripper/robotiq_hardware_tests) by extensions ['ignore', 'ignore_ament_install']
[0.123s] Level 1:colcon.colcon_core.package_identification:_identify(src/ros2_robotiq_gripper/robotiq_hardware_tests) by extension 'ignore'
[0.123s] Level 1:colcon.colcon_core.package_identification:_identify(src/ros2_robotiq_gripper/robotiq_hardware_tests) by extension 'ignore_ament_install'
[0.123s] Level 1:colcon.colcon_core.package_identification:_identify(src/ros2_robotiq_gripper/robotiq_hardware_tests) by extensions ['colcon_pkg']
[0.123s] Level 1:colcon.colcon_core.package_identification:_identify(src/ros2_robotiq_gripper/robotiq_hardware_tests) by extension 'colcon_pkg'
[0.123s] Level 1:colcon.colcon_core.package_identification:_identify(src/ros2_robotiq_gripper/robotiq_hardware_tests) by extensions ['colcon_meta']
[0.123s] Level 1:colcon.colcon_core.package_identification:_identify(src/ros2_robotiq_gripper/robotiq_hardware_tests) by extension 'colcon_meta'
[0.123s] Level 1:colcon.colcon_core.package_identification:_identify(src/ros2_robotiq_gripper/robotiq_hardware_tests) by extensions ['ros']
[0.123s] Level 1:colcon.colcon_core.package_identification:_identify(src/ros2_robotiq_gripper/robotiq_hardware_tests) by extension 'ros'
[0.123s] Level 1:colcon.colcon_core.package_identification:_identify(src/ros2_robotiq_gripper/robotiq_hardware_tests) by extensions ['cmake', 'python']
[0.123s] Level 1:colcon.colcon_core.package_identification:_identify(src/ros2_robotiq_gripper/robotiq_hardware_tests) by extension 'cmake'
[0.123s] Level 1:colcon.colcon_core.package_identification:_identify(src/ros2_robotiq_gripper/robotiq_hardware_tests) by extension 'python'
[0.123s] Level 1:colcon.colcon_core.package_identification:_identify(src/ros2_robotiq_gripper/robotiq_hardware_tests) by extensions ['python_setup_py']
[0.123s] Level 1:colcon.colcon_core.package_identification:_identify(src/ros2_robotiq_gripper/robotiq_hardware_tests) by extension 'python_setup_py'
[0.123s] Level 1:colcon.colcon_core.package_identification:_identify(src/ur10_camera_gripper_moveit_config) by extensions ['ignore', 'ignore_ament_install']
[0.123s] Level 1:colcon.colcon_core.package_identification:_identify(src/ur10_camera_gripper_moveit_config) by extension 'ignore'
[0.123s] Level 1:colcon.colcon_core.package_identification:_identify(src/ur10_camera_gripper_moveit_config) by extension 'ignore_ament_install'
[0.123s] Level 1:colcon.colcon_core.package_identification:_identify(src/ur10_camera_gripper_moveit_config) by extensions ['colcon_pkg']
[0.123s] Level 1:colcon.colcon_core.package_identification:_identify(src/ur10_camera_gripper_moveit_config) by extension 'colcon_pkg'
[0.123s] Level 1:colcon.colcon_core.package_identification:_identify(src/ur10_camera_gripper_moveit_config) by extensions ['colcon_meta']
[0.123s] Level 1:colcon.colcon_core.package_identification:_identify(src/ur10_camera_gripper_moveit_config) by extension 'colcon_meta'
[0.123s] Level 1:colcon.colcon_core.package_identification:_identify(src/ur10_camera_gripper_moveit_config) by extensions ['ros']
[0.123s] Level 1:colcon.colcon_core.package_identification:_identify(src/ur10_camera_gripper_moveit_config) by extension 'ros'
[0.127s] DEBUG:colcon.colcon_core.package_identification:Package 'src/ur10_camera_gripper_moveit_config' with type 'ros.ament_cmake' and name 'ur10_camera_gripper_moveit_config'
[0.127s] Level 1:colcon.colcon_core.package_identification:_identify(src/ur10_camera_moveit_config) by extensions ['ignore', 'ignore_ament_install']
[0.127s] Level 1:colcon.colcon_core.package_identification:_identify(src/ur10_camera_moveit_config) by extension 'ignore'
[0.127s] Level 1:colcon.colcon_core.package_identification:_identify(src/ur10_camera_moveit_config) by extension 'ignore_ament_install'
[0.127s] Level 1:colcon.colcon_core.package_identification:_identify(src/ur10_camera_moveit_config) by extensions ['colcon_pkg']
[0.127s] Level 1:colcon.colcon_core.package_identification:_identify(src/ur10_camera_moveit_config) by extension 'colcon_pkg'
[0.127s] Level 1:colcon.colcon_core.package_identification:_identify(src/ur10_camera_moveit_config) by extensions ['colcon_meta']
[0.127s] Level 1:colcon.colcon_core.package_identification:_identify(src/ur10_camera_moveit_config) by extension 'colcon_meta'
[0.127s] Level 1:colcon.colcon_core.package_identification:_identify(src/ur10_camera_moveit_config) by extensions ['ros']
[0.127s] Level 1:colcon.colcon_core.package_identification:_identify(src/ur10_camera_moveit_config) by extension 'ros'
[0.127s] DEBUG:colcon.colcon_core.package_identification:Package 'src/ur10_camera_moveit_config' with type 'ros.ament_cmake' and name 'ur10_camera_moveit_config'
[0.128s] Level 1:colcon.colcon_core.package_identification:_identify(src/ur5_camera_gripper_moveit_config) by extensions ['ignore', 'ignore_ament_install']
[0.128s] Level 1:colcon.colcon_core.package_identification:_identify(src/ur5_camera_gripper_moveit_config) by extension 'ignore'
[0.128s] Level 1:colcon.colcon_core.package_identification:_identify(src/ur5_camera_gripper_moveit_config) by extension 'ignore_ament_install'
[0.128s] Level 1:colcon.colcon_core.package_identification:_identify(src/ur5_camera_gripper_moveit_config) by extensions ['colcon_pkg']
[0.128s] Level 1:colcon.colcon_core.package_identification:_identify(src/ur5_camera_gripper_moveit_config) by extension 'colcon_pkg'
[0.128s] Level 1:colcon.colcon_core.package_identification:_identify(src/ur5_camera_gripper_moveit_config) by extensions ['colcon_meta']
[0.128s] Level 1:colcon.colcon_core.package_identification:_identify(src/ur5_camera_gripper_moveit_config) by extension 'colcon_meta'
[0.128s] Level 1:colcon.colcon_core.package_identification:_identify(src/ur5_camera_gripper_moveit_config) by extensions ['ros']
[0.128s] Level 1:colcon.colcon_core.package_identification:_identify(src/ur5_camera_gripper_moveit_config) by extension 'ros'
[0.128s] DEBUG:colcon.colcon_core.package_identification:Package 'src/ur5_camera_gripper_moveit_config' with type 'ros.ament_cmake' and name 'ur5_camera_gripper_moveit_config'
[0.128s] Level 1:colcon.colcon_core.package_identification:_identify(src/ur5_camera_moveit_config) by extensions ['ignore', 'ignore_ament_install']
[0.128s] Level 1:colcon.colcon_core.package_identification:_identify(src/ur5_camera_moveit_config) by extension 'ignore'
[0.128s] Level 1:colcon.colcon_core.package_identification:_identify(src/ur5_camera_moveit_config) by extension 'ignore_ament_install'
[0.128s] Level 1:colcon.colcon_core.package_identification:_identify(src/ur5_camera_moveit_config) by extensions ['colcon_pkg']
[0.128s] Level 1:colcon.colcon_core.package_identification:_identify(src/ur5_camera_moveit_config) by extension 'colcon_pkg'
[0.128s] Level 1:colcon.colcon_core.package_identification:_identify(src/ur5_camera_moveit_config) by extensions ['colcon_meta']
[0.128s] Level 1:colcon.colcon_core.package_identification:_identify(src/ur5_camera_moveit_config) by extension 'colcon_meta'
[0.128s] Level 1:colcon.colcon_core.package_identification:_identify(src/ur5_camera_moveit_config) by extensions ['ros']
[0.128s] Level 1:colcon.colcon_core.package_identification:_identify(src/ur5_camera_moveit_config) by extension 'ros'
[0.128s] DEBUG:colcon.colcon_core.package_identification:Package 'src/ur5_camera_moveit_config' with type 'ros.ament_cmake' and name 'ur5_camera_moveit_config'
[0.129s] Level 1:colcon.colcon_core.package_identification:_identify(src/ur_yt_sim) by extensions ['ignore', 'ignore_ament_install']
[0.129s] Level 1:colcon.colcon_core.package_identification:_identify(src/ur_yt_sim) by extension 'ignore'
[0.129s] Level 1:colcon.colcon_core.package_identification:_identify(src/ur_yt_sim) by extension 'ignore_ament_install'
[0.129s] Level 1:colcon.colcon_core.package_identification:_identify(src/ur_yt_sim) by extensions ['colcon_pkg']
[0.129s] Level 1:colcon.colcon_core.package_identification:_identify(src/ur_yt_sim) by extension 'colcon_pkg'
[0.129s] Level 1:colcon.colcon_core.package_identification:_identify(src/ur_yt_sim) by extensions ['colcon_meta']
[0.129s] Level 1:colcon.colcon_core.package_identification:_identify(src/ur_yt_sim) by extension 'colcon_meta'
[0.129s] Level 1:colcon.colcon_core.package_identification:_identify(src/ur_yt_sim) by extensions ['ros']
[0.129s] Level 1:colcon.colcon_core.package_identification:_identify(src/ur_yt_sim) by extension 'ros'
[0.129s] DEBUG:colcon.colcon_core.package_identification:Package 'src/ur_yt_sim' with type 'ros.ament_cmake' and name 'ur_yt_sim'
[0.129s] Level 1:colcon.colcon_core.package_discovery:discover_packages(recursive) using defaults
[0.129s] Level 1:colcon.colcon_core.package_discovery:discover_packages(ignore) discover
[0.129s] Level 1:colcon.colcon_core.package_discovery:discover_packages(ignore) using defaults
[0.129s] Level 1:colcon.colcon_core.package_discovery:discover_packages(path) discover
[0.129s] Level 1:colcon.colcon_core.package_discovery:discover_packages(path) using defaults
[0.139s] Level 1:colcon.colcon_core.package_discovery:discover_packages(prefix_path) check parameters
[0.139s] Level 1:colcon.colcon_core.package_discovery:discover_packages(prefix_path) discover
[0.140s] DEBUG:colcon.colcon_installed_package_information.package_discovery:Found 11 installed packages in /home/spaceshipecsat/ur_10_CatapultTest/install
[0.140s] DEBUG:colcon.colcon_installed_package_information.package_discovery:Found 413 installed packages in /opt/ros/humble
[0.141s] Level 1:colcon.colcon_core.package_discovery:discover_packages(prefix_path) using defaults
[0.160s] WARNING:colcon.colcon_core.package_selection:Some selected packages are already built in one or more underlay workspaces:
	'ur_description' is in: /home/spaceshipecsat/ur_10_CatapultTest/install/ur_description, /opt/ros/humble
If a package in a merged underlay workspace is overridden and it installs headers, then all packages in the overlay must sort their include directories by workspace order. Failure to do so may result in build failures or undefined behavior at run time.
If the overridden package is used by another package in any underlay, then the overriding package in the overlay must be API and ABI compatible or undefined behavior at run time may occur.

If you understand the risks and want to override a package anyways, add the following to the command line:
	--allow-overriding ur_description

This may be promoted to an error in a future release of colcon-override-check.
[0.160s] Level 5:colcon.colcon_core.verb:set package 'linkattacher_msgs' build argument 'cmake_args' from command line to 'None'
[0.160s] Level 5:colcon.colcon_core.verb:set package 'linkattacher_msgs' build argument 'cmake_target' from command line to 'None'
[0.160s] Level 5:colcon.colcon_core.verb:set package 'linkattacher_msgs' build argument 'cmake_target_skip_unavailable' from command line to 'False'
[0.160s] Level 5:colcon.colcon_core.verb:set package 'linkattacher_msgs' build argument 'cmake_clean_cache' from command line to 'False'
[0.160s] Level 5:colcon.colcon_core.verb:set package 'linkattacher_msgs' build argument 'cmake_clean_first' from command line to 'False'
[0.160s] Level 5:colcon.colcon_core.verb:set package 'linkattacher_msgs' build argument 'cmake_force_configure' from command line to 'False'
[0.160s] Level 5:colcon.colcon_core.verb:set package 'linkattacher_msgs' build argument 'ament_cmake_args' from command line to 'None'
[0.160s] Level 5:colcon.colcon_core.verb:set package 'linkattacher_msgs' build argument 'catkin_cmake_args' from command line to 'None'
[0.161s] Level 5:colcon.colcon_core.verb:set package 'linkattacher_msgs' build argument 'catkin_skip_building_tests' from command line to 'False'
[0.161s] DEBUG:colcon.colcon_core.verb:Building package 'linkattacher_msgs' with the following arguments: {'ament_cmake_args': None, 'build_base': '/home/spaceshipecsat/ur_10_CatapultTest/build/linkattacher_msgs', 'catkin_cmake_args': None, 'catkin_skip_building_tests': False, 'cmake_args': None, 'cmake_clean_cache': False, 'cmake_clean_first': False, 'cmake_force_configure': False, 'cmake_target': None, 'cmake_target_skip_unavailable': False, 'install_base': '/home/spaceshipecsat/ur_10_CatapultTest/install/linkattacher_msgs', 'merge_install': False, 'path': '/home/spaceshipecsat/ur_10_CatapultTest/src/IFRA_LinkAttacher/linkattacher_msgs', 'symlink_install': True, 'test_result_base': None}
[0.161s] Level 5:colcon.colcon_core.verb:set package 'robotiq_controllers' build argument 'cmake_args' from command line to 'None'
[0.161s] Level 5:colcon.colcon_core.verb:set package 'robotiq_controllers' build argument 'cmake_target' from command line to 'None'
[0.161s] Level 5:colcon.colcon_core.verb:set package 'robotiq_controllers' build argument 'cmake_target_skip_unavailable' from command line to 'False'
[0.161s] Level 5:colcon.colcon_core.verb:set package 'robotiq_controllers' build argument 'cmake_clean_cache' from command line to 'False'
[0.161s] Level 5:colcon.colcon_core.verb:set package 'robotiq_controllers' build argument 'cmake_clean_first' from command line to 'False'
[0.161s] Level 5:colcon.colcon_core.verb:set package 'robotiq_controllers' build argument 'cmake_force_configure' from command line to 'False'
[0.161s] Level 5:colcon.colcon_core.verb:set package 'robotiq_controllers' build argument 'ament_cmake_args' from command line to 'None'
[0.161s] Level 5:colcon.colcon_core.verb:set package 'robotiq_controllers' build argument 'catkin_cmake_args' from command line to 'None'
[0.161s] Level 5:colcon.colcon_core.verb:set package 'robotiq_controllers' build argument 'catkin_skip_building_tests' from command line to 'False'
[0.161s] DEBUG:colcon.colcon_core.verb:Building package 'robotiq_controllers' with the following arguments: {'ament_cmake_args': None, 'build_base': '/home/spaceshipecsat/ur_10_CatapultTest/build/robotiq_controllers', 'catkin_cmake_args': None, 'catkin_skip_building_tests': False, 'cmake_args': None, 'cmake_clean_cache': False, 'cmake_clean_first': False, 'cmake_force_configure': False, 'cmake_target': None, 'cmake_target_skip_unavailable': False, 'install_base': '/home/spaceshipecsat/ur_10_CatapultTest/install/robotiq_controllers', 'merge_install': False, 'path': '/home/spaceshipecsat/ur_10_CatapultTest/src/ros2_robotiq_gripper/robotiq_controllers', 'symlink_install': True, 'test_result_base': None}
[0.161s] Level 5:colcon.colcon_core.verb:set package 'robotiq_description' build argument 'cmake_args' from command line to 'None'
[0.161s] Level 5:colcon.colcon_core.verb:set package 'robotiq_description' build argument 'cmake_target' from command line to 'None'
[0.161s] Level 5:colcon.colcon_core.verb:set package 'robotiq_description' build argument 'cmake_target_skip_unavailable' from command line to 'False'
[0.161s] Level 5:colcon.colcon_core.verb:set package 'robotiq_description' build argument 'cmake_clean_cache' from command line to 'False'
[0.161s] Level 5:colcon.colcon_core.verb:set package 'robotiq_description' build argument 'cmake_clean_first' from command line to 'False'
[0.161s] Level 5:colcon.colcon_core.verb:set package 'robotiq_description' build argument 'cmake_force_configure' from command line to 'False'
[0.161s] Level 5:colcon.colcon_core.verb:set package 'robotiq_description' build argument 'ament_cmake_args' from command line to 'None'
[0.161s] Level 5:colcon.colcon_core.verb:set package 'robotiq_description' build argument 'catkin_cmake_args' from command line to 'None'
[0.161s] Level 5:colcon.colcon_core.verb:set package 'robotiq_description' build argument 'catkin_skip_building_tests' from command line to 'False'
[0.161s] DEBUG:colcon.colcon_core.verb:Building package 'robotiq_description' with the following arguments: {'ament_cmake_args': None, 'build_base': '/home/spaceshipecsat/ur_10_CatapultTest/build/robotiq_description', 'catkin_cmake_args': None, 'catkin_skip_building_tests': False, 'cmake_args': None, 'cmake_clean_cache': False, 'cmake_clean_first': False, 'cmake_force_configure': False, 'cmake_target': None, 'cmake_target_skip_unavailable': False, 'install_base': '/home/spaceshipecsat/ur_10_CatapultTest/install/robotiq_description', 'merge_install': False, 'path': '/home/spaceshipecsat/ur_10_CatapultTest/src/ros2_robotiq_gripper/robotiq_description', 'symlink_install': True, 'test_result_base': None}
[0.161s] Level 5:colcon.colcon_core.verb:set package 'ur_description' build argument 'cmake_args' from command line to 'None'
[0.161s] Level 5:colcon.colcon_core.verb:set package 'ur_description' build argument 'cmake_target' from command line to 'None'
[0.161s] Level 5:colcon.colcon_core.verb:set package 'ur_description' build argument 'cmake_target_skip_unavailable' from command line to 'False'
[0.161s] Level 5:colcon.colcon_core.verb:set package 'ur_description' build argument 'cmake_clean_cache' from command line to 'False'
[0.161s] Level 5:colcon.colcon_core.verb:set package 'ur_description' build argument 'cmake_clean_first' from command line to 'False'
[0.161s] Level 5:colcon.colcon_core.verb:set package 'ur_description' build argument 'cmake_force_configure' from command line to 'False'
[0.161s] Level 5:colcon.colcon_core.verb:set package 'ur_description' build argument 'ament_cmake_args' from command line to 'None'
[0.161s] Level 5:colcon.colcon_core.verb:set package 'ur_description' build argument 'catkin_cmake_args' from command line to 'None'
[0.161s] Level 5:colcon.colcon_core.verb:set package 'ur_description' build argument 'catkin_skip_building_tests' from command line to 'False'
[0.161s] DEBUG:colcon.colcon_core.verb:Building package 'ur_description' with the following arguments: {'ament_cmake_args': None, 'build_base': '/home/spaceshipecsat/ur_10_CatapultTest/build/ur_description', 'catkin_cmake_args': None, 'catkin_skip_building_tests': False, 'cmake_args': None, 'cmake_clean_cache': False, 'cmake_clean_first': False, 'cmake_force_configure': False, 'cmake_target': None, 'cmake_target_skip_unavailable': False, 'install_base': '/home/spaceshipecsat/ur_10_CatapultTest/install/ur_description', 'merge_install': False, 'path': '/home/spaceshipecsat/ur_10_CatapultTest/src/Universal_Robots_ROS2_Description', 'symlink_install': True, 'test_result_base': None}
[0.161s] Level 5:colcon.colcon_core.verb:set package 'ros2_linkattacher' build argument 'cmake_args' from command line to 'None'
[0.161s] Level 5:colcon.colcon_core.verb:set package 'ros2_linkattacher' build argument 'cmake_target' from command line to 'None'
[0.161s] Level 5:colcon.colcon_core.verb:set package 'ros2_linkattacher' build argument 'cmake_target_skip_unavailable' from command line to 'False'
[0.161s] Level 5:colcon.colcon_core.verb:set package 'ros2_linkattacher' build argument 'cmake_clean_cache' from command line to 'False'
[0.161s] Level 5:colcon.colcon_core.verb:set package 'ros2_linkattacher' build argument 'cmake_clean_first' from command line to 'False'
[0.161s] Level 5:colcon.colcon_core.verb:set package 'ros2_linkattacher' build argument 'cmake_force_configure' from command line to 'False'
[0.161s] Level 5:colcon.colcon_core.verb:set package 'ros2_linkattacher' build argument 'ament_cmake_args' from command line to 'None'
[0.161s] Level 5:colcon.colcon_core.verb:set package 'ros2_linkattacher' build argument 'catkin_cmake_args' from command line to 'None'
[0.161s] Level 5:colcon.colcon_core.verb:set package 'ros2_linkattacher' build argument 'catkin_skip_building_tests' from command line to 'False'
[0.161s] DEBUG:colcon.colcon_core.verb:Building package 'ros2_linkattacher' with the following arguments: {'ament_cmake_args': None, 'build_base': '/home/spaceshipecsat/ur_10_CatapultTest/build/ros2_linkattacher', 'catkin_cmake_args': None, 'catkin_skip_building_tests': False, 'cmake_args': None, 'cmake_clean_cache': False, 'cmake_clean_first': False, 'cmake_force_configure': False, 'cmake_target': None, 'cmake_target_skip_unavailable': False, 'install_base': '/home/spaceshipecsat/ur_10_CatapultTest/install/ros2_linkattacher', 'merge_install': False, 'path': '/home/spaceshipecsat/ur_10_CatapultTest/src/IFRA_LinkAttacher/ros2_LinkAttacher', 'symlink_install': True, 'test_result_base': None}
[0.161s] Level 5:colcon.colcon_core.verb:set package 'ur_simulation_gazebo' build argument 'cmake_args' from command line to 'None'
[0.161s] Level 5:colcon.colcon_core.verb:set package 'ur_simulation_gazebo' build argument 'cmake_target' from command line to 'None'
[0.161s] Level 5:colcon.colcon_core.verb:set package 'ur_simulation_gazebo' build argument 'cmake_target_skip_unavailable' from command line to 'False'
[0.161s] Level 5:colcon.colcon_core.verb:set package 'ur_simulation_gazebo' build argument 'cmake_clean_cache' from command line to 'False'
[0.162s] Level 5:colcon.colcon_core.verb:set package 'ur_simulation_gazebo' build argument 'cmake_clean_first' from command line to 'False'
[0.162s] Level 5:colcon.colcon_core.verb:set package 'ur_simulation_gazebo' build argument 'cmake_force_configure' from command line to 'False'
[0.162s] Level 5:colcon.colcon_core.verb:set package 'ur_simulation_gazebo' build argument 'ament_cmake_args' from command line to 'None'
[0.162s] Level 5:colcon.colcon_core.verb:set package 'ur_simulation_gazebo' build argument 'catkin_cmake_args' from command line to 'None'
[0.162s] Level 5:colcon.colcon_core.verb:set package 'ur_simulation_gazebo' build argument 'catkin_skip_building_tests' from command line to 'False'
[0.162s] DEBUG:colcon.colcon_core.verb:Building package 'ur_simulation_gazebo' with the following arguments: {'ament_cmake_args': None, 'build_base': '/home/spaceshipecsat/ur_10_CatapultTest/build/ur_simulation_gazebo', 'catkin_cmake_args': None, 'catkin_skip_building_tests': False, 'cmake_args': None, 'cmake_clean_cache': False, 'cmake_clean_first': False, 'cmake_force_configure': False, 'cmake_target': None, 'cmake_target_skip_unavailable': False, 'install_base': '/home/spaceshipecsat/ur_10_CatapultTest/install/ur_simulation_gazebo', 'merge_install': False, 'path': '/home/spaceshipecsat/ur_10_CatapultTest/src/Universal_Robots_ROS2_Gazebo_Simulation/ur_simulation_gazebo', 'symlink_install': True, 'test_result_base': None}
[0.162s] Level 5:colcon.colcon_core.verb:set package 'ur_yt_sim' build argument 'cmake_args' from command line to 'None'
[0.162s] Level 5:colcon.colcon_core.verb:set package 'ur_yt_sim' build argument 'cmake_target' from command line to 'None'
[0.162s] Level 5:colcon.colcon_core.verb:set package 'ur_yt_sim' build argument 'cmake_target_skip_unavailable' from command line to 'False'
[0.162s] Level 5:colcon.colcon_core.verb:set package 'ur_yt_sim' build argument 'cmake_clean_cache' from command line to 'False'
[0.162s] Level 5:colcon.colcon_core.verb:set package 'ur_yt_sim' build argument 'cmake_clean_first' from command line to 'False'
[0.162s] Level 5:colcon.colcon_core.verb:set package 'ur_yt_sim' build argument 'cmake_force_configure' from command line to 'False'
[0.162s] Level 5:colcon.colcon_core.verb:set package 'ur_yt_sim' build argument 'ament_cmake_args' from command line to 'None'
[0.162s] Level 5:colcon.colcon_core.verb:set package 'ur_yt_sim' build argument 'catkin_cmake_args' from command line to 'None'
[0.162s] Level 5:colcon.colcon_core.verb:set package 'ur_yt_sim' build argument 'catkin_skip_building_tests' from command line to 'False'
[0.162s] DEBUG:colcon.colcon_core.verb:Building package 'ur_yt_sim' with the following arguments: {'ament_cmake_args': None, 'build_base': '/home/spaceshipecsat/ur_10_CatapultTest/build/ur_yt_sim', 'catkin_cmake_args': None, 'catkin_skip_building_tests': False, 'cmake_args': None, 'cmake_clean_cache': False, 'cmake_clean_first': False, 'cmake_force_configure': False, 'cmake_target': None, 'cmake_target_skip_unavailable': False, 'install_base': '/home/spaceshipecsat/ur_10_CatapultTest/install/ur_yt_sim', 'merge_install': False, 'path': '/home/spaceshipecsat/ur_10_CatapultTest/src/ur_yt_sim', 'symlink_install': True, 'test_result_base': None}
[0.162s] Level 5:colcon.colcon_core.verb:set package 'ur10_camera_gripper_moveit_config' build argument 'cmake_args' from command line to 'None'
[0.162s] Level 5:colcon.colcon_core.verb:set package 'ur10_camera_gripper_moveit_config' build argument 'cmake_target' from command line to 'None'
[0.162s] Level 5:colcon.colcon_core.verb:set package 'ur10_camera_gripper_moveit_config' build argument 'cmake_target_skip_unavailable' from command line to 'False'
[0.162s] Level 5:colcon.colcon_core.verb:set package 'ur10_camera_gripper_moveit_config' build argument 'cmake_clean_cache' from command line to 'False'
[0.162s] Level 5:colcon.colcon_core.verb:set package 'ur10_camera_gripper_moveit_config' build argument 'cmake_clean_first' from command line to 'False'
[0.162s] Level 5:colcon.colcon_core.verb:set package 'ur10_camera_gripper_moveit_config' build argument 'cmake_force_configure' from command line to 'False'
[0.162s] Level 5:colcon.colcon_core.verb:set package 'ur10_camera_gripper_moveit_config' build argument 'ament_cmake_args' from command line to 'None'
[0.162s] Level 5:colcon.colcon_core.verb:set package 'ur10_camera_gripper_moveit_config' build argument 'catkin_cmake_args' from command line to 'None'
[0.162s] Level 5:colcon.colcon_core.verb:set package 'ur10_camera_gripper_moveit_config' build argument 'catkin_skip_building_tests' from command line to 'False'
[0.162s] DEBUG:colcon.colcon_core.verb:Building package 'ur10_camera_gripper_moveit_config' with the following arguments: {'ament_cmake_args': None, 'build_base': '/home/spaceshipecsat/ur_10_CatapultTest/build/ur10_camera_gripper_moveit_config', 'catkin_cmake_args': None, 'catkin_skip_building_tests': False, 'cmake_args': None, 'cmake_clean_cache': False, 'cmake_clean_first': False, 'cmake_force_configure': False, 'cmake_target': None, 'cmake_target_skip_unavailable': False, 'install_base': '/home/spaceshipecsat/ur_10_CatapultTest/install/ur10_camera_gripper_moveit_config', 'merge_install': False, 'path': '/home/spaceshipecsat/ur_10_CatapultTest/src/ur10_camera_gripper_moveit_config', 'symlink_install': True, 'test_result_base': None}
[0.162s] Level 5:colcon.colcon_core.verb:set package 'ur10_camera_moveit_config' build argument 'cmake_args' from command line to 'None'
[0.162s] Level 5:colcon.colcon_core.verb:set package 'ur10_camera_moveit_config' build argument 'cmake_target' from command line to 'None'
[0.162s] Level 5:colcon.colcon_core.verb:set package 'ur10_camera_moveit_config' build argument 'cmake_target_skip_unavailable' from command line to 'False'
[0.162s] Level 5:colcon.colcon_core.verb:set package 'ur10_camera_moveit_config' build argument 'cmake_clean_cache' from command line to 'False'
[0.162s] Level 5:colcon.colcon_core.verb:set package 'ur10_camera_moveit_config' build argument 'cmake_clean_first' from command line to 'False'
[0.162s] Level 5:colcon.colcon_core.verb:set package 'ur10_camera_moveit_config' build argument 'cmake_force_configure' from command line to 'False'
[0.162s] Level 5:colcon.colcon_core.verb:set package 'ur10_camera_moveit_config' build argument 'ament_cmake_args' from command line to 'None'
[0.162s] Level 5:colcon.colcon_core.verb:set package 'ur10_camera_moveit_config' build argument 'catkin_cmake_args' from command line to 'None'
[0.162s] Level 5:colcon.colcon_core.verb:set package 'ur10_camera_moveit_config' build argument 'catkin_skip_building_tests' from command line to 'False'
[0.162s] DEBUG:colcon.colcon_core.verb:Building package 'ur10_camera_moveit_config' with the following arguments: {'ament_cmake_args': None, 'build_base': '/home/spaceshipecsat/ur_10_CatapultTest/build/ur10_camera_moveit_config', 'catkin_cmake_args': None, 'catkin_skip_building_tests': False, 'cmake_args': None, 'cmake_clean_cache': False, 'cmake_clean_first': False, 'cmake_force_configure': False, 'cmake_target': None, 'cmake_target_skip_unavailable': False, 'install_base': '/home/spaceshipecsat/ur_10_CatapultTest/install/ur10_camera_moveit_config', 'merge_install': False, 'path': '/home/spaceshipecsat/ur_10_CatapultTest/src/ur10_camera_moveit_config', 'symlink_install': True, 'test_result_base': None}
[0.162s] Level 5:colcon.colcon_core.verb:set package 'ur5_camera_gripper_moveit_config' build argument 'cmake_args' from command line to 'None'
[0.162s] Level 5:colcon.colcon_core.verb:set package 'ur5_camera_gripper_moveit_config' build argument 'cmake_target' from command line to 'None'
[0.162s] Level 5:colcon.colcon_core.verb:set package 'ur5_camera_gripper_moveit_config' build argument 'cmake_target_skip_unavailable' from command line to 'False'
[0.162s] Level 5:colcon.colcon_core.verb:set package 'ur5_camera_gripper_moveit_config' build argument 'cmake_clean_cache' from command line to 'False'
[0.162s] Level 5:colcon.colcon_core.verb:set package 'ur5_camera_gripper_moveit_config' build argument 'cmake_clean_first' from command line to 'False'
[0.162s] Level 5:colcon.colcon_core.verb:set package 'ur5_camera_gripper_moveit_config' build argument 'cmake_force_configure' from command line to 'False'
[0.162s] Level 5:colcon.colcon_core.verb:set package 'ur5_camera_gripper_moveit_config' build argument 'ament_cmake_args' from command line to 'None'
[0.162s] Level 5:colcon.colcon_core.verb:set package 'ur5_camera_gripper_moveit_config' build argument 'catkin_cmake_args' from command line to 'None'
[0.162s] Level 5:colcon.colcon_core.verb:set package 'ur5_camera_gripper_moveit_config' build argument 'catkin_skip_building_tests' from command line to 'False'
[0.162s] DEBUG:colcon.colcon_core.verb:Building package 'ur5_camera_gripper_moveit_config' with the following arguments: {'ament_cmake_args': None, 'build_base': '/home/spaceshipecsat/ur_10_CatapultTest/build/ur5_camera_gripper_moveit_config', 'catkin_cmake_args': None, 'catkin_skip_building_tests': False, 'cmake_args': None, 'cmake_clean_cache': False, 'cmake_clean_first': False, 'cmake_force_configure': False, 'cmake_target': None, 'cmake_target_skip_unavailable': False, 'install_base': '/home/spaceshipecsat/ur_10_CatapultTest/install/ur5_camera_gripper_moveit_config', 'merge_install': False, 'path': '/home/spaceshipecsat/ur_10_CatapultTest/src/ur5_camera_gripper_moveit_config', 'symlink_install': True, 'test_result_base': None}
[0.162s] Level 5:colcon.colcon_core.verb:set package 'ur5_camera_moveit_config' build argument 'cmake_args' from command line to 'None'
[0.162s] Level 5:colcon.colcon_core.verb:set package 'ur5_camera_moveit_config' build argument 'cmake_target' from command line to 'None'
[0.162s] Level 5:colcon.colcon_core.verb:set package 'ur5_camera_moveit_config' build argument 'cmake_target_skip_unavailable' from command line to 'False'
[0.162s] Level 5:colcon.colcon_core.verb:set package 'ur5_camera_moveit_config' build argument 'cmake_clean_cache' from command line to 'False'
[0.162s] Level 5:colcon.colcon_core.verb:set package 'ur5_camera_moveit_config' build argument 'cmake_clean_first' from command line to 'False'
[0.163s] Level 5:colcon.colcon_core.verb:set package 'ur5_camera_moveit_config' build argument 'cmake_force_configure' from command line to 'False'
[0.163s] Level 5:colcon.colcon_core.verb:set package 'ur5_camera_moveit_config' build argument 'ament_cmake_args' from command line to 'None'
[0.163s] Level 5:colcon.colcon_core.verb:set package 'ur5_camera_moveit_config' build argument 'catkin_cmake_args' from command line to 'None'
[0.163s] Level 5:colcon.colcon_core.verb:set package 'ur5_camera_moveit_config' build argument 'catkin_skip_building_tests' from command line to 'False'
[0.163s] DEBUG:colcon.colcon_core.verb:Building package 'ur5_camera_moveit_config' with the following arguments: {'ament_cmake_args': None, 'build_base': '/home/spaceshipecsat/ur_10_CatapultTest/build/ur5_camera_moveit_config', 'catkin_cmake_args': None, 'catkin_skip_building_tests': False, 'cmake_args': None, 'cmake_clean_cache': False, 'cmake_clean_first': False, 'cmake_force_configure': False, 'cmake_target': None, 'cmake_target_skip_unavailable': False, 'install_base': '/home/spaceshipecsat/ur_10_CatapultTest/install/ur5_camera_moveit_config', 'merge_install': False, 'path': '/home/spaceshipecsat/ur_10_CatapultTest/src/ur5_camera_moveit_config', 'symlink_install': True, 'test_result_base': None}
[0.163s] INFO:colcon.colcon_core.executor:Executing jobs using 'parallel' executor
[0.163s] DEBUG:colcon.colcon_parallel_executor.executor.parallel:run_until_complete
[0.163s] INFO:colcon.colcon_ros.task.ament_cmake.build:Building ROS package in '/home/spaceshipecsat/ur_10_CatapultTest/src/Universal_Robots_ROS2_Description' with build type 'ament_cmake'
[0.163s] INFO:colcon.colcon_cmake.task.cmake.build:Building CMake package in '/home/spaceshipecsat/ur_10_CatapultTest/src/Universal_Robots_ROS2_Description'
[0.164s] INFO:colcon.colcon_core.plugin_system:Skipping extension 'colcon_core.shell.bat': Not used on non-Windows systems
[0.164s] INFO:colcon.colcon_core.shell:Skip shell extension 'powershell' for command environment: Not usable outside of PowerShell
[0.164s] DEBUG:colcon.colcon_core.shell:Skip shell extension 'dsv' for command environment
[0.166s] INFO:colcon.colcon_ros.task.ament_cmake.build:Building ROS package in '/home/spaceshipecsat/ur_10_CatapultTest/src/ros2_robotiq_gripper/robotiq_description' with build type 'ament_cmake'
[0.166s] INFO:colcon.colcon_cmake.task.cmake.build:Building CMake package in '/home/spaceshipecsat/ur_10_CatapultTest/src/ros2_robotiq_gripper/robotiq_description'
[0.166s] INFO:colcon.colcon_core.shell:Skip shell extension 'powershell' for command environment: Not usable outside of PowerShell
[0.166s] DEBUG:colcon.colcon_core.shell:Skip shell extension 'dsv' for command environment
[0.168s] INFO:colcon.colcon_ros.task.ament_cmake.build:Building ROS package in '/home/spaceshipecsat/ur_10_CatapultTest/src/IFRA_LinkAttacher/linkattacher_msgs' with build type 'ament_cmake'
[0.168s] INFO:colcon.colcon_cmake.task.cmake.build:Building CMake package in '/home/spaceshipecsat/ur_10_CatapultTest/src/IFRA_LinkAttacher/linkattacher_msgs'
[0.168s] INFO:colcon.colcon_core.shell:Skip shell extension 'powershell' for command environment: Not usable outside of PowerShell
[0.168s] DEBUG:colcon.colcon_core.shell:Skip shell extension 'dsv' for command environment
[0.170s] INFO:colcon.colcon_ros.task.ament_cmake.build:Building ROS package in '/home/spaceshipecsat/ur_10_CatapultTest/src/ros2_robotiq_gripper/robotiq_controllers' with build type 'ament_cmake'
[0.170s] INFO:colcon.colcon_cmake.task.cmake.build:Building CMake package in '/home/spaceshipecsat/ur_10_CatapultTest/src/ros2_robotiq_gripper/robotiq_controllers'
[0.170s] INFO:colcon.colcon_core.shell:Skip shell extension 'powershell' for command environment: Not usable outside of PowerShell
[0.170s] DEBUG:colcon.colcon_core.shell:Skip shell extension 'dsv' for command environment
[0.174s] DEBUG:colcon.colcon_core.event_handler.log_command:Invoking command in '/home/spaceshipecsat/ur_10_CatapultTest/build/ur_description': CMAKE_PREFIX_PATH=${CMAKE_PREFIX_PATH}:/opt/ros/humble /usr/bin/cmake --build /home/spaceshipecsat/ur_10_CatapultTest/build/ur_description -- -j32 -l32
[0.175s] DEBUG:colcon.colcon_core.event_handler.log_command:Invoking command in '/home/spaceshipecsat/ur_10_CatapultTest/build/robotiq_description': CMAKE_PREFIX_PATH=${CMAKE_PREFIX_PATH}:/opt/ros/humble /usr/bin/cmake --build /home/spaceshipecsat/ur_10_CatapultTest/build/robotiq_description -- -j32 -l32
[0.177s] DEBUG:colcon.colcon_core.event_handler.log_command:Invoking command in '/home/spaceshipecsat/ur_10_CatapultTest/build/linkattacher_msgs': CMAKE_PREFIX_PATH=${CMAKE_PREFIX_PATH}:/opt/ros/humble /usr/bin/cmake --build /home/spaceshipecsat/ur_10_CatapultTest/build/linkattacher_msgs -- -j32 -l32
[0.178s] DEBUG:colcon.colcon_core.event_handler.log_command:Invoking command in '/home/spaceshipecsat/ur_10_CatapultTest/build/robotiq_controllers': CMAKE_PREFIX_PATH=${CMAKE_PREFIX_PATH}:/opt/ros/humble /usr/bin/cmake --build /home/spaceshipecsat/ur_10_CatapultTest/build/robotiq_controllers -- -j32 -l32
[0.195s] DEBUG:colcon.colcon_core.event_handler.log_command:Invoked command in '/home/spaceshipecsat/ur_10_CatapultTest/build/ur_description' returned '0': CMAKE_PREFIX_PATH=${CMAKE_PREFIX_PATH}:/opt/ros/humble /usr/bin/cmake --build /home/spaceshipecsat/ur_10_CatapultTest/build/ur_description -- -j32 -l32
[0.201s] DEBUG:colcon.colcon_core.event_handler.log_command:Invoking command in '/home/spaceshipecsat/ur_10_CatapultTest/build/ur_description': CMAKE_PREFIX_PATH=${CMAKE_PREFIX_PATH}:/opt/ros/humble /usr/bin/cmake --install /home/spaceshipecsat/ur_10_CatapultTest/build/ur_description
[0.202s] DEBUG:colcon.colcon_core.event_handler.log_command:Invoked command in '/home/spaceshipecsat/ur_10_CatapultTest/build/robotiq_description' returned '0': CMAKE_PREFIX_PATH=${CMAKE_PREFIX_PATH}:/opt/ros/humble /usr/bin/cmake --build /home/spaceshipecsat/ur_10_CatapultTest/build/robotiq_description -- -j32 -l32
[0.203s] DEBUG:colcon.colcon_core.event_handler.log_command:Invoking command in '/home/spaceshipecsat/ur_10_CatapultTest/build/robotiq_description': CMAKE_PREFIX_PATH=${CMAKE_PREFIX_PATH}:/opt/ros/humble /usr/bin/cmake --install /home/spaceshipecsat/ur_10_CatapultTest/build/robotiq_description
[0.216s] Level 1:colcon.colcon_core.environment:create_environment_scripts_only(robotiq_description)
[0.219s] DEBUG:colcon.colcon_core.event_handler.log_command:Invoked command in '/home/spaceshipecsat/ur_10_CatapultTest/build/robotiq_description' returned '0': CMAKE_PREFIX_PATH=${CMAKE_PREFIX_PATH}:/opt/ros/humble /usr/bin/cmake --install /home/spaceshipecsat/ur_10_CatapultTest/build/robotiq_description
[0.226s] Level 1:colcon.colcon_core.environment:checking '/home/spaceshipecsat/ur_10_CatapultTest/install/robotiq_description' for CMake module files
[0.226s] Level 1:colcon.colcon_core.environment:checking '/home/spaceshipecsat/ur_10_CatapultTest/install/robotiq_description' for CMake config files
[0.226s] Level 1:colcon.colcon_core.shell:create_environment_hook('robotiq_description', 'cmake_prefix_path')
[0.226s] INFO:colcon.colcon_core.shell:Creating environment hook '/home/spaceshipecsat/ur_10_CatapultTest/install/robotiq_description/share/robotiq_description/hook/cmake_prefix_path.ps1'
[0.227s] INFO:colcon.colcon_core.shell:Creating environment descriptor '/home/spaceshipecsat/ur_10_CatapultTest/install/robotiq_description/share/robotiq_description/hook/cmake_prefix_path.dsv'
[0.227s] INFO:colcon.colcon_core.shell:Creating environment hook '/home/spaceshipecsat/ur_10_CatapultTest/install/robotiq_description/share/robotiq_description/hook/cmake_prefix_path.sh'
[0.228s] Level 1:colcon.colcon_core.environment:checking '/home/spaceshipecsat/ur_10_CatapultTest/install/robotiq_description/bin'
[0.228s] Level 1:colcon.colcon_core.environment:checking '/home/spaceshipecsat/ur_10_CatapultTest/install/robotiq_description/lib/pkgconfig/robotiq_description.pc'
[0.228s] Level 1:colcon.colcon_core.environment:checking '/home/spaceshipecsat/ur_10_CatapultTest/install/robotiq_description/lib/python3.10/site-packages'
[0.228s] Level 1:colcon.colcon_core.environment:checking '/home/spaceshipecsat/ur_10_CatapultTest/install/robotiq_description/bin'
[0.229s] INFO:colcon.colcon_core.shell:Creating package script '/home/spaceshipecsat/ur_10_CatapultTest/install/robotiq_description/share/robotiq_description/package.ps1'
[0.229s] INFO:colcon.colcon_core.shell:Creating package descriptor '/home/spaceshipecsat/ur_10_CatapultTest/install/robotiq_description/share/robotiq_description/package.dsv'
[0.230s] INFO:colcon.colcon_core.shell:Creating package script '/home/spaceshipecsat/ur_10_CatapultTest/install/robotiq_description/share/robotiq_description/package.sh'
[0.230s] INFO:colcon.colcon_core.shell:Creating package script '/home/spaceshipecsat/ur_10_CatapultTest/install/robotiq_description/share/robotiq_description/package.bash'
[0.231s] INFO:colcon.colcon_core.shell:Creating package script '/home/spaceshipecsat/ur_10_CatapultTest/install/robotiq_description/share/robotiq_description/package.zsh'
[0.231s] Level 1:colcon.colcon_core.environment:create_file_with_runtime_dependencies(/home/spaceshipecsat/ur_10_CatapultTest/install/robotiq_description/share/colcon-core/packages/robotiq_description)
[0.232s] Level 1:colcon.colcon_core.environment:create_environment_scripts_only(robotiq_description)
[0.232s] Level 1:colcon.colcon_core.environment:checking '/home/spaceshipecsat/ur_10_CatapultTest/install/robotiq_description' for CMake module files
[0.232s] Level 1:colcon.colcon_core.environment:checking '/home/spaceshipecsat/ur_10_CatapultTest/install/robotiq_description' for CMake config files
[0.232s] Level 1:colcon.colcon_core.shell:create_environment_hook('robotiq_description', 'cmake_prefix_path')
[0.232s] INFO:colcon.colcon_core.shell:Creating environment hook '/home/spaceshipecsat/ur_10_CatapultTest/install/robotiq_description/share/robotiq_description/hook/cmake_prefix_path.ps1'
[0.232s] INFO:colcon.colcon_core.shell:Creating environment descriptor '/home/spaceshipecsat/ur_10_CatapultTest/install/robotiq_description/share/robotiq_description/hook/cmake_prefix_path.dsv'
[0.232s] INFO:colcon.colcon_core.shell:Creating environment hook '/home/spaceshipecsat/ur_10_CatapultTest/install/robotiq_description/share/robotiq_description/hook/cmake_prefix_path.sh'
[0.233s] Level 1:colcon.colcon_core.environment:checking '/home/spaceshipecsat/ur_10_CatapultTest/install/robotiq_description/bin'
[0.233s] Level 1:colcon.colcon_core.environment:checking '/home/spaceshipecsat/ur_10_CatapultTest/install/robotiq_description/lib/pkgconfig/robotiq_description.pc'
[0.233s] Level 1:colcon.colcon_core.environment:checking '/home/spaceshipecsat/ur_10_CatapultTest/install/robotiq_description/lib/python3.10/site-packages'
[0.233s] Level 1:colcon.colcon_core.environment:checking '/home/spaceshipecsat/ur_10_CatapultTest/install/robotiq_description/bin'
[0.233s] INFO:colcon.colcon_core.shell:Creating package script '/home/spaceshipecsat/ur_10_CatapultTest/install/robotiq_description/share/robotiq_description/package.ps1'
[0.233s] INFO:colcon.colcon_core.shell:Creating package descriptor '/home/spaceshipecsat/ur_10_CatapultTest/install/robotiq_description/share/robotiq_description/package.dsv'
[0.233s] INFO:colcon.colcon_core.shell:Creating package script '/home/spaceshipecsat/ur_10_CatapultTest/install/robotiq_description/share/robotiq_description/package.sh'
[0.233s] INFO:colcon.colcon_core.shell:Creating package script '/home/spaceshipecsat/ur_10_CatapultTest/install/robotiq_description/share/robotiq_description/package.bash'
[0.234s] INFO:colcon.colcon_core.shell:Creating package script '/home/spaceshipecsat/ur_10_CatapultTest/install/robotiq_description/share/robotiq_description/package.zsh'
[0.234s] Level 1:colcon.colcon_core.environment:create_file_with_runtime_dependencies(/home/spaceshipecsat/ur_10_CatapultTest/install/robotiq_description/share/colcon-core/packages/robotiq_description)
[0.235s] DEBUG:colcon.colcon_core.event_handler.log_command:Invoked command in '/home/spaceshipecsat/ur_10_CatapultTest/build/robotiq_controllers' returned '0': CMAKE_PREFIX_PATH=${CMAKE_PREFIX_PATH}:/opt/ros/humble /usr/bin/cmake --build /home/spaceshipecsat/ur_10_CatapultTest/build/robotiq_controllers -- -j32 -l32
[0.235s] Level 1:colcon.colcon_core.environment:create_environment_scripts_only(ur_description)
[0.236s] Level 1:colcon.colcon_core.environment:checking '/home/spaceshipecsat/ur_10_CatapultTest/install/ur_description' for CMake module files
[0.236s] DEBUG:colcon.colcon_core.event_handler.log_command:Invoking command in '/home/spaceshipecsat/ur_10_CatapultTest/build/robotiq_controllers': CMAKE_PREFIX_PATH=${CMAKE_PREFIX_PATH}:/opt/ros/humble /usr/bin/cmake --install /home/spaceshipecsat/ur_10_CatapultTest/build/robotiq_controllers
[0.236s] DEBUG:colcon.colcon_core.event_handler.log_command:Invoked command in '/home/spaceshipecsat/ur_10_CatapultTest/build/ur_description' returned '0': CMAKE_PREFIX_PATH=${CMAKE_PREFIX_PATH}:/opt/ros/humble /usr/bin/cmake --install /home/spaceshipecsat/ur_10_CatapultTest/build/ur_description
[0.236s] Level 1:colcon.colcon_core.environment:checking '/home/spaceshipecsat/ur_10_CatapultTest/install/ur_description' for CMake config files
[0.236s] Level 1:colcon.colcon_core.shell:create_environment_hook('ur_description', 'cmake_prefix_path')
[0.236s] INFO:colcon.colcon_core.shell:Creating environment hook '/home/spaceshipecsat/ur_10_CatapultTest/install/ur_description/share/ur_description/hook/cmake_prefix_path.ps1'
[0.236s] INFO:colcon.colcon_core.shell:Creating environment descriptor '/home/spaceshipecsat/ur_10_CatapultTest/install/ur_description/share/ur_description/hook/cmake_prefix_path.dsv'
[0.237s] INFO:colcon.colcon_core.shell:Creating environment hook '/home/spaceshipecsat/ur_10_CatapultTest/install/ur_description/share/ur_description/hook/cmake_prefix_path.sh'
[0.237s] Level 1:colcon.colcon_core.environment:checking '/home/spaceshipecsat/ur_10_CatapultTest/install/ur_description/bin'
[0.237s] Level 1:colcon.colcon_core.environment:checking '/home/spaceshipecsat/ur_10_CatapultTest/install/ur_description/lib/pkgconfig/ur_description.pc'
[0.237s] Level 1:colcon.colcon_core.environment:checking '/home/spaceshipecsat/ur_10_CatapultTest/install/ur_description/lib/python3.10/site-packages'
[0.237s] Level 1:colcon.colcon_core.environment:checking '/home/spaceshipecsat/ur_10_CatapultTest/install/ur_description/bin'
[0.237s] INFO:colcon.colcon_core.shell:Creating package script '/home/spaceshipecsat/ur_10_CatapultTest/install/ur_description/share/ur_description/package.ps1'
[0.237s] INFO:colcon.colcon_core.shell:Creating package descriptor '/home/spaceshipecsat/ur_10_CatapultTest/install/ur_description/share/ur_description/package.dsv'
[0.238s] INFO:colcon.colcon_core.shell:Creating package script '/home/spaceshipecsat/ur_10_CatapultTest/install/ur_description/share/ur_description/package.sh'
[0.238s] INFO:colcon.colcon_core.shell:Creating package script '/home/spaceshipecsat/ur_10_CatapultTest/install/ur_description/share/ur_description/package.bash'
[0.238s] INFO:colcon.colcon_core.shell:Creating package script '/home/spaceshipecsat/ur_10_CatapultTest/install/ur_description/share/ur_description/package.zsh'
[0.238s] Level 1:colcon.colcon_core.environment:create_file_with_runtime_dependencies(/home/spaceshipecsat/ur_10_CatapultTest/install/ur_description/share/colcon-core/packages/ur_description)
[0.238s] Level 1:colcon.colcon_core.environment:create_environment_scripts_only(ur_description)
[0.238s] Level 1:colcon.colcon_core.environment:checking '/home/spaceshipecsat/ur_10_CatapultTest/install/ur_description' for CMake module files
[0.238s] Level 1:colcon.colcon_core.environment:checking '/home/spaceshipecsat/ur_10_CatapultTest/install/ur_description' for CMake config files
[0.238s] Level 1:colcon.colcon_core.shell:create_environment_hook('ur_description', 'cmake_prefix_path')
[0.238s] INFO:colcon.colcon_core.shell:Creating environment hook '/home/spaceshipecsat/ur_10_CatapultTest/install/ur_description/share/ur_description/hook/cmake_prefix_path.ps1'
[0.239s] INFO:colcon.colcon_core.shell:Creating environment descriptor '/home/spaceshipecsat/ur_10_CatapultTest/install/ur_description/share/ur_description/hook/cmake_prefix_path.dsv'
[0.239s] INFO:colcon.colcon_core.shell:Creating environment hook '/home/spaceshipecsat/ur_10_CatapultTest/install/ur_description/share/ur_description/hook/cmake_prefix_path.sh'
[0.239s] Level 1:colcon.colcon_core.environment:checking '/home/spaceshipecsat/ur_10_CatapultTest/install/ur_description/bin'
[0.239s] Level 1:colcon.colcon_core.environment:checking '/home/spaceshipecsat/ur_10_CatapultTest/install/ur_description/lib/pkgconfig/ur_description.pc'
[0.239s] Level 1:colcon.colcon_core.environment:checking '/home/spaceshipecsat/ur_10_CatapultTest/install/ur_description/lib/python3.10/site-packages'
[0.239s] Level 1:colcon.colcon_core.environment:checking '/home/spaceshipecsat/ur_10_CatapultTest/install/ur_description/bin'
[0.239s] INFO:colcon.colcon_core.shell:Creating package script '/home/spaceshipecsat/ur_10_CatapultTest/install/ur_description/share/ur_description/package.ps1'
[0.239s] INFO:colcon.colcon_core.shell:Creating package descriptor '/home/spaceshipecsat/ur_10_CatapultTest/install/ur_description/share/ur_description/package.dsv'
[0.240s] INFO:colcon.colcon_core.shell:Creating package script '/home/spaceshipecsat/ur_10_CatapultTest/install/ur_description/share/ur_description/package.sh'
[0.240s] INFO:colcon.colcon_core.shell:Creating package script '/home/spaceshipecsat/ur_10_CatapultTest/install/ur_description/share/ur_description/package.bash'
[0.240s] INFO:colcon.colcon_core.shell:Creating package script '/home/spaceshipecsat/ur_10_CatapultTest/install/ur_description/share/ur_description/package.zsh'
[0.240s] Level 1:colcon.colcon_core.environment:create_file_with_runtime_dependencies(/home/spaceshipecsat/ur_10_CatapultTest/install/ur_description/share/colcon-core/packages/ur_description)
[0.240s] INFO:colcon.colcon_ros.task.ament_cmake.build:Building ROS package in '/home/spaceshipecsat/ur_10_CatapultTest/src/ur_yt_sim' with build type 'ament_cmake'
[0.240s] INFO:colcon.colcon_cmake.task.cmake.build:Building CMake package in '/home/spaceshipecsat/ur_10_CatapultTest/src/ur_yt_sim'
[0.241s] INFO:colcon.colcon_core.shell:Skip shell extension 'powershell' for command environment: Not usable outside of PowerShell
[0.241s] DEBUG:colcon.colcon_core.shell:Skip shell extension 'dsv' for command environment
[0.243s] INFO:colcon.colcon_ros.task.ament_cmake.build:Building ROS package in '/home/spaceshipecsat/ur_10_CatapultTest/src/Universal_Robots_ROS2_Gazebo_Simulation/ur_simulation_gazebo' with build type 'ament_cmake'
[0.243s] INFO:colcon.colcon_cmake.task.cmake.build:Building CMake package in '/home/spaceshipecsat/ur_10_CatapultTest/src/Universal_Robots_ROS2_Gazebo_Simulation/ur_simulation_gazebo'
[0.243s] INFO:colcon.colcon_core.shell:Skip shell extension 'powershell' for command environment: Not usable outside of PowerShell
[0.243s] DEBUG:colcon.colcon_core.shell:Skip shell extension 'dsv' for command environment
[0.247s] DEBUG:colcon.colcon_core.event_handler.log_command:Invoking command in '/home/spaceshipecsat/ur_10_CatapultTest/build/ur_yt_sim': CMAKE_PREFIX_PATH=/home/spaceshipecsat/ur_10_CatapultTest/install/ur_description:/home/spaceshipecsat/ur_10_CatapultTest/install/robotiq_description:/home/spaceshipecsat/ur_10_CatapultTest/install/ur5_camera_moveit_config:/home/spaceshipecsat/ur_10_CatapultTest/install/ur5_camera_gripper_moveit_config:/home/spaceshipecsat/ur_10_CatapultTest/install/ur10_camera_moveit_config:/home/spaceshipecsat/ur_10_CatapultTest/install/ur10_camera_gripper_moveit_config:/home/spaceshipecsat/ur_10_CatapultTest/install/ur_yt_sim:/home/spaceshipecsat/ur_10_CatapultTest/install/ur_simulation_gazebo:/home/spaceshipecsat/ur_10_CatapultTest/install/ros2_linkattacher:/home/spaceshipecsat/ur_10_CatapultTest/install/robotiq_controllers:/home/spaceshipecsat/ur_10_CatapultTest/install/linkattacher_msgs:/opt/ros/humble /usr/bin/cmake --build /home/spaceshipecsat/ur_10_CatapultTest/build/ur_yt_sim -- -j32 -l32
[0.248s] DEBUG:colcon.colcon_core.event_handler.log_command:Invoking command in '/home/spaceshipecsat/ur_10_CatapultTest/build/ur_simulation_gazebo': CMAKE_PREFIX_PATH=/home/spaceshipecsat/ur_10_CatapultTest/install/ur_description:/home/spaceshipecsat/ur_10_CatapultTest/install/ur5_camera_moveit_config:/home/spaceshipecsat/ur_10_CatapultTest/install/ur5_camera_gripper_moveit_config:/home/spaceshipecsat/ur_10_CatapultTest/install/ur10_camera_moveit_config:/home/spaceshipecsat/ur_10_CatapultTest/install/ur10_camera_gripper_moveit_config:/home/spaceshipecsat/ur_10_CatapultTest/install/ur_yt_sim:/home/spaceshipecsat/ur_10_CatapultTest/install/ur_simulation_gazebo:/home/spaceshipecsat/ur_10_CatapultTest/install/ros2_linkattacher:/home/spaceshipecsat/ur_10_CatapultTest/install/robotiq_description:/home/spaceshipecsat/ur_10_CatapultTest/install/robotiq_controllers:/home/spaceshipecsat/ur_10_CatapultTest/install/linkattacher_msgs:/opt/ros/humble /usr/bin/cmake --build /home/spaceshipecsat/ur_10_CatapultTest/build/ur_simulation_gazebo -- -j32 -l32
[0.249s] Level 1:colcon.colcon_core.environment:create_environment_scripts_only(robotiq_controllers)
[0.249s] DEBUG:colcon.colcon_core.event_handler.log_command:Invoked command in '/home/spaceshipecsat/ur_10_CatapultTest/build/robotiq_controllers' returned '0': CMAKE_PREFIX_PATH=${CMAKE_PREFIX_PATH}:/opt/ros/humble /usr/bin/cmake --install /home/spaceshipecsat/ur_10_CatapultTest/build/robotiq_controllers
[0.249s] Level 1:colcon.colcon_core.environment:checking '/home/spaceshipecsat/ur_10_CatapultTest/install/robotiq_controllers' for CMake module files
[0.250s] Level 1:colcon.colcon_core.environment:checking '/home/spaceshipecsat/ur_10_CatapultTest/install/robotiq_controllers' for CMake config files
[0.250s] Level 1:colcon.colcon_core.shell:create_environment_hook('robotiq_controllers', 'cmake_prefix_path')
[0.250s] INFO:colcon.colcon_core.shell:Creating environment hook '/home/spaceshipecsat/ur_10_CatapultTest/install/robotiq_controllers/share/robotiq_controllers/hook/cmake_prefix_path.ps1'
[0.251s] INFO:colcon.colcon_core.shell:Creating environment descriptor '/home/spaceshipecsat/ur_10_CatapultTest/install/robotiq_controllers/share/robotiq_controllers/hook/cmake_prefix_path.dsv'
[0.251s] INFO:colcon.colcon_core.shell:Creating environment hook '/home/spaceshipecsat/ur_10_CatapultTest/install/robotiq_controllers/share/robotiq_controllers/hook/cmake_prefix_path.sh'
[0.251s] Level 1:colcon.colcon_core.environment:checking '/home/spaceshipecsat/ur_10_CatapultTest/install/robotiq_controllers/lib'
[0.251s] Level 1:colcon.colcon_core.shell:create_environment_hook('robotiq_controllers', 'ld_library_path_lib')
[0.251s] INFO:colcon.colcon_core.shell:Creating environment hook '/home/spaceshipecsat/ur_10_CatapultTest/install/robotiq_controllers/share/robotiq_controllers/hook/ld_library_path_lib.ps1'
[0.252s] INFO:colcon.colcon_core.shell:Creating environment descriptor '/home/spaceshipecsat/ur_10_CatapultTest/install/robotiq_controllers/share/robotiq_controllers/hook/ld_library_path_lib.dsv'
[0.252s] INFO:colcon.colcon_core.shell:Creating environment hook '/home/spaceshipecsat/ur_10_CatapultTest/install/robotiq_controllers/share/robotiq_controllers/hook/ld_library_path_lib.sh'
[0.252s] Level 1:colcon.colcon_core.environment:checking '/home/spaceshipecsat/ur_10_CatapultTest/install/robotiq_controllers/bin'
[0.252s] Level 1:colcon.colcon_core.environment:checking '/home/spaceshipecsat/ur_10_CatapultTest/install/robotiq_controllers/lib/pkgconfig/robotiq_controllers.pc'
[0.252s] Level 1:colcon.colcon_core.environment:checking '/home/spaceshipecsat/ur_10_CatapultTest/install/robotiq_controllers/lib/python3.10/site-packages'
[0.253s] Level 1:colcon.colcon_core.environment:checking '/home/spaceshipecsat/ur_10_CatapultTest/install/robotiq_controllers/bin'
[0.253s] INFO:colcon.colcon_core.shell:Creating package script '/home/spaceshipecsat/ur_10_CatapultTest/install/robotiq_controllers/share/robotiq_controllers/package.ps1'
[0.253s] INFO:colcon.colcon_core.shell:Creating package descriptor '/home/spaceshipecsat/ur_10_CatapultTest/install/robotiq_controllers/share/robotiq_controllers/package.dsv'
[0.254s] INFO:colcon.colcon_core.shell:Creating package script '/home/spaceshipecsat/ur_10_CatapultTest/install/robotiq_controllers/share/robotiq_controllers/package.sh'
[0.254s] INFO:colcon.colcon_core.shell:Creating package script '/home/spaceshipecsat/ur_10_CatapultTest/install/robotiq_controllers/share/robotiq_controllers/package.bash'
[0.254s] INFO:colcon.colcon_core.shell:Creating package script '/home/spaceshipecsat/ur_10_CatapultTest/install/robotiq_controllers/share/robotiq_controllers/package.zsh'
[0.254s] Level 1:colcon.colcon_core.environment:create_file_with_runtime_dependencies(/home/spaceshipecsat/ur_10_CatapultTest/install/robotiq_controllers/share/colcon-core/packages/robotiq_controllers)
[0.255s] Level 1:colcon.colcon_core.environment:create_environment_scripts_only(robotiq_controllers)
[0.255s] Level 1:colcon.colcon_core.environment:checking '/home/spaceshipecsat/ur_10_CatapultTest/install/robotiq_controllers' for CMake module files
[0.255s] Level 1:colcon.colcon_core.environment:checking '/home/spaceshipecsat/ur_10_CatapultTest/install/robotiq_controllers' for CMake config files
[0.255s] Level 1:colcon.colcon_core.shell:create_environment_hook('robotiq_controllers', 'cmake_prefix_path')
[0.256s] INFO:colcon.colcon_core.shell:Creating environment hook '/home/spaceshipecsat/ur_10_CatapultTest/install/robotiq_controllers/share/robotiq_controllers/hook/cmake_prefix_path.ps1'
[0.256s] INFO:colcon.colcon_core.shell:Creating environment descriptor '/home/spaceshipecsat/ur_10_CatapultTest/install/robotiq_controllers/share/robotiq_controllers/hook/cmake_prefix_path.dsv'
[0.256s] INFO:colcon.colcon_core.shell:Creating environment hook '/home/spaceshipecsat/ur_10_CatapultTest/install/robotiq_controllers/share/robotiq_controllers/hook/cmake_prefix_path.sh'
[0.257s] Level 1:colcon.colcon_core.environment:checking '/home/spaceshipecsat/ur_10_CatapultTest/install/robotiq_controllers/lib'
[0.257s] Level 1:colcon.colcon_core.shell:create_environment_hook('robotiq_controllers', 'ld_library_path_lib')
[0.257s] INFO:colcon.colcon_core.shell:Creating environment hook '/home/spaceshipecsat/ur_10_CatapultTest/install/robotiq_controllers/share/robotiq_controllers/hook/ld_library_path_lib.ps1'
[0.257s] INFO:colcon.colcon_core.shell:Creating environment descriptor '/home/spaceshipecsat/ur_10_CatapultTest/install/robotiq_controllers/share/robotiq_controllers/hook/ld_library_path_lib.dsv'
[0.257s] INFO:colcon.colcon_core.shell:Creating environment hook '/home/spaceshipecsat/ur_10_CatapultTest/install/robotiq_controllers/share/robotiq_controllers/hook/ld_library_path_lib.sh'
[0.257s] Level 1:colcon.colcon_core.environment:checking '/home/spaceshipecsat/ur_10_CatapultTest/install/robotiq_controllers/bin'
[0.258s] Level 1:colcon.colcon_core.environment:checking '/home/spaceshipecsat/ur_10_CatapultTest/install/robotiq_controllers/lib/pkgconfig/robotiq_controllers.pc'
[0.258s] Level 1:colcon.colcon_core.environment:checking '/home/spaceshipecsat/ur_10_CatapultTest/install/robotiq_controllers/lib/python3.10/site-packages'
[0.258s] Level 1:colcon.colcon_core.environment:checking '/home/spaceshipecsat/ur_10_CatapultTest/install/robotiq_controllers/bin'
[0.258s] INFO:colcon.colcon_core.shell:Creating package script '/home/spaceshipecsat/ur_10_CatapultTest/install/robotiq_controllers/share/robotiq_controllers/package.ps1'
[0.258s] INFO:colcon.colcon_core.shell:Creating package descriptor '/home/spaceshipecsat/ur_10_CatapultTest/install/robotiq_controllers/share/robotiq_controllers/package.dsv'
[0.259s] INFO:colcon.colcon_core.shell:Creating package script '/home/spaceshipecsat/ur_10_CatapultTest/install/robotiq_controllers/share/robotiq_controllers/package.sh'
[0.259s] INFO:colcon.colcon_core.shell:Creating package script '/home/spaceshipecsat/ur_10_CatapultTest/install/robotiq_controllers/share/robotiq_controllers/package.bash'
[0.259s] INFO:colcon.colcon_core.shell:Creating package script '/home/spaceshipecsat/ur_10_CatapultTest/install/robotiq_controllers/share/robotiq_controllers/package.zsh'
[0.260s] Level 1:colcon.colcon_core.environment:create_file_with_runtime_dependencies(/home/spaceshipecsat/ur_10_CatapultTest/install/robotiq_controllers/share/colcon-core/packages/robotiq_controllers)
[0.268s] DEBUG:colcon.colcon_core.event_handler.log_command:Invoked command in '/home/spaceshipecsat/ur_10_CatapultTest/build/ur_simulation_gazebo' returned '0': CMAKE_PREFIX_PATH=/home/spaceshipecsat/ur_10_CatapultTest/install/ur_description:/home/spaceshipecsat/ur_10_CatapultTest/install/ur5_camera_moveit_config:/home/spaceshipecsat/ur_10_CatapultTest/install/ur5_camera_gripper_moveit_config:/home/spaceshipecsat/ur_10_CatapultTest/install/ur10_camera_moveit_config:/home/spaceshipecsat/ur_10_CatapultTest/install/ur10_camera_gripper_moveit_config:/home/spaceshipecsat/ur_10_CatapultTest/install/ur_yt_sim:/home/spaceshipecsat/ur_10_CatapultTest/install/ur_simulation_gazebo:/home/spaceshipecsat/ur_10_CatapultTest/install/ros2_linkattacher:/home/spaceshipecsat/ur_10_CatapultTest/install/robotiq_description:/home/spaceshipecsat/ur_10_CatapultTest/install/robotiq_controllers:/home/spaceshipecsat/ur_10_CatapultTest/install/linkattacher_msgs:/opt/ros/humble /usr/bin/cmake --build /home/spaceshipecsat/ur_10_CatapultTest/build/ur_simulation_gazebo -- -j32 -l32
[0.269s] DEBUG:colcon.colcon_core.event_handler.log_command:Invoking command in '/home/spaceshipecsat/ur_10_CatapultTest/build/ur_simulation_gazebo': CMAKE_PREFIX_PATH=/home/spaceshipecsat/ur_10_CatapultTest/install/ur_description:/home/spaceshipecsat/ur_10_CatapultTest/install/ur5_camera_moveit_config:/home/spaceshipecsat/ur_10_CatapultTest/install/ur5_camera_gripper_moveit_config:/home/spaceshipecsat/ur_10_CatapultTest/install/ur10_camera_moveit_config:/home/spaceshipecsat/ur_10_CatapultTest/install/ur10_camera_gripper_moveit_config:/home/spaceshipecsat/ur_10_CatapultTest/install/ur_yt_sim:/home/spaceshipecsat/ur_10_CatapultTest/install/ur_simulation_gazebo:/home/spaceshipecsat/ur_10_CatapultTest/install/ros2_linkattacher:/home/spaceshipecsat/ur_10_CatapultTest/install/robotiq_description:/home/spaceshipecsat/ur_10_CatapultTest/install/robotiq_controllers:/home/spaceshipecsat/ur_10_CatapultTest/install/linkattacher_msgs:/opt/ros/humble /usr/bin/cmake --install /home/spaceshipecsat/ur_10_CatapultTest/build/ur_simulation_gazebo
[0.280s] Level 1:colcon.colcon_core.environment:create_environment_scripts_only(ur_simulation_gazebo)
[0.280s] Level 1:colcon.colcon_core.environment:checking '/home/spaceshipecsat/ur_10_CatapultTest/install/ur_simulation_gazebo' for CMake module files
[0.280s] DEBUG:colcon.colcon_core.event_handler.log_command:Invoked command in '/home/spaceshipecsat/ur_10_CatapultTest/build/ur_simulation_gazebo' returned '0': CMAKE_PREFIX_PATH=/home/spaceshipecsat/ur_10_CatapultTest/install/ur_description:/home/spaceshipecsat/ur_10_CatapultTest/install/ur5_camera_moveit_config:/home/spaceshipecsat/ur_10_CatapultTest/install/ur5_camera_gripper_moveit_config:/home/spaceshipecsat/ur_10_CatapultTest/install/ur10_camera_moveit_config:/home/spaceshipecsat/ur_10_CatapultTest/install/ur10_camera_gripper_moveit_config:/home/spaceshipecsat/ur_10_CatapultTest/install/ur_yt_sim:/home/spaceshipecsat/ur_10_CatapultTest/install/ur_simulation_gazebo:/home/spaceshipecsat/ur_10_CatapultTest/install/ros2_linkattacher:/home/spaceshipecsat/ur_10_CatapultTest/install/robotiq_description:/home/spaceshipecsat/ur_10_CatapultTest/install/robotiq_controllers:/home/spaceshipecsat/ur_10_CatapultTest/install/linkattacher_msgs:/opt/ros/humble /usr/bin/cmake --install /home/spaceshipecsat/ur_10_CatapultTest/build/ur_simulation_gazebo
[0.281s] Level 1:colcon.colcon_core.environment:checking '/home/spaceshipecsat/ur_10_CatapultTest/install/ur_simulation_gazebo' for CMake config files
[0.281s] Level 1:colcon.colcon_core.shell:create_environment_hook('ur_simulation_gazebo', 'cmake_prefix_path')
[0.281s] INFO:colcon.colcon_core.shell:Creating environment hook '/home/spaceshipecsat/ur_10_CatapultTest/install/ur_simulation_gazebo/share/ur_simulation_gazebo/hook/cmake_prefix_path.ps1'
[0.281s] INFO:colcon.colcon_core.shell:Creating environment descriptor '/home/spaceshipecsat/ur_10_CatapultTest/install/ur_simulation_gazebo/share/ur_simulation_gazebo/hook/cmake_prefix_path.dsv'
[0.282s] INFO:colcon.colcon_core.shell:Creating environment hook '/home/spaceshipecsat/ur_10_CatapultTest/install/ur_simulation_gazebo/share/ur_simulation_gazebo/hook/cmake_prefix_path.sh'
[0.282s] Level 1:colcon.colcon_core.environment:checking '/home/spaceshipecsat/ur_10_CatapultTest/install/ur_simulation_gazebo/bin'
[0.282s] Level 1:colcon.colcon_core.environment:checking '/home/spaceshipecsat/ur_10_CatapultTest/install/ur_simulation_gazebo/lib/pkgconfig/ur_simulation_gazebo.pc'
[0.282s] Level 1:colcon.colcon_core.environment:checking '/home/spaceshipecsat/ur_10_CatapultTest/install/ur_simulation_gazebo/lib/python3.10/site-packages'
[0.282s] Level 1:colcon.colcon_core.environment:checking '/home/spaceshipecsat/ur_10_CatapultTest/install/ur_simulation_gazebo/bin'
[0.282s] INFO:colcon.colcon_core.shell:Creating package script '/home/spaceshipecsat/ur_10_CatapultTest/install/ur_simulation_gazebo/share/ur_simulation_gazebo/package.ps1'
[0.282s] INFO:colcon.colcon_core.shell:Creating package descriptor '/home/spaceshipecsat/ur_10_CatapultTest/install/ur_simulation_gazebo/share/ur_simulation_gazebo/package.dsv'
[0.283s] INFO:colcon.colcon_core.shell:Creating package script '/home/spaceshipecsat/ur_10_CatapultTest/install/ur_simulation_gazebo/share/ur_simulation_gazebo/package.sh'
[0.283s] INFO:colcon.colcon_core.shell:Creating package script '/home/spaceshipecsat/ur_10_CatapultTest/install/ur_simulation_gazebo/share/ur_simulation_gazebo/package.bash'
[0.283s] INFO:colcon.colcon_core.shell:Creating package script '/home/spaceshipecsat/ur_10_CatapultTest/install/ur_simulation_gazebo/share/ur_simulation_gazebo/package.zsh'
[0.283s] Level 1:colcon.colcon_core.environment:create_file_with_runtime_dependencies(/home/spaceshipecsat/ur_10_CatapultTest/install/ur_simulation_gazebo/share/colcon-core/packages/ur_simulation_gazebo)
[0.283s] Level 1:colcon.colcon_core.environment:create_environment_scripts_only(ur_simulation_gazebo)
[0.283s] Level 1:colcon.colcon_core.environment:checking '/home/spaceshipecsat/ur_10_CatapultTest/install/ur_simulation_gazebo' for CMake module files
[0.283s] Level 1:colcon.colcon_core.environment:checking '/home/spaceshipecsat/ur_10_CatapultTest/install/ur_simulation_gazebo' for CMake config files
[0.283s] Level 1:colcon.colcon_core.shell:create_environment_hook('ur_simulation_gazebo', 'cmake_prefix_path')
[0.284s] INFO:colcon.colcon_core.shell:Creating environment hook '/home/spaceshipecsat/ur_10_CatapultTest/install/ur_simulation_gazebo/share/ur_simulation_gazebo/hook/cmake_prefix_path.ps1'
[0.284s] INFO:colcon.colcon_core.shell:Creating environment descriptor '/home/spaceshipecsat/ur_10_CatapultTest/install/ur_simulation_gazebo/share/ur_simulation_gazebo/hook/cmake_prefix_path.dsv'
[0.284s] INFO:colcon.colcon_core.shell:Creating environment hook '/home/spaceshipecsat/ur_10_CatapultTest/install/ur_simulation_gazebo/share/ur_simulation_gazebo/hook/cmake_prefix_path.sh'
[0.284s] Level 1:colcon.colcon_core.environment:checking '/home/spaceshipecsat/ur_10_CatapultTest/install/ur_simulation_gazebo/bin'
[0.284s] Level 1:colcon.colcon_core.environment:checking '/home/spaceshipecsat/ur_10_CatapultTest/install/ur_simulation_gazebo/lib/pkgconfig/ur_simulation_gazebo.pc'
[0.284s] Level 1:colcon.colcon_core.environment:checking '/home/spaceshipecsat/ur_10_CatapultTest/install/ur_simulation_gazebo/lib/python3.10/site-packages'
[0.284s] Level 1:colcon.colcon_core.environment:checking '/home/spaceshipecsat/ur_10_CatapultTest/install/ur_simulation_gazebo/bin'
[0.284s] INFO:colcon.colcon_core.shell:Creating package script '/home/spaceshipecsat/ur_10_CatapultTest/install/ur_simulation_gazebo/share/ur_simulation_gazebo/package.ps1'
[0.284s] INFO:colcon.colcon_core.shell:Creating package descriptor '/home/spaceshipecsat/ur_10_CatapultTest/install/ur_simulation_gazebo/share/ur_simulation_gazebo/package.dsv'
[0.285s] INFO:colcon.colcon_core.shell:Creating package script '/home/spaceshipecsat/ur_10_CatapultTest/install/ur_simulation_gazebo/share/ur_simulation_gazebo/package.sh'
[0.285s] INFO:colcon.colcon_core.shell:Creating package script '/home/spaceshipecsat/ur_10_CatapultTest/install/ur_simulation_gazebo/share/ur_simulation_gazebo/package.bash'
[0.285s] INFO:colcon.colcon_core.shell:Creating package script '/home/spaceshipecsat/ur_10_CatapultTest/install/ur_simulation_gazebo/share/ur_simulation_gazebo/package.zsh'
[0.285s] Level 1:colcon.colcon_core.environment:create_file_with_runtime_dependencies(/home/spaceshipecsat/ur_10_CatapultTest/install/ur_simulation_gazebo/share/colcon-core/packages/ur_simulation_gazebo)
[0.340s] DEBUG:colcon.colcon_core.event_handler.log_command:Invoked command in '/home/spaceshipecsat/ur_10_CatapultTest/build/linkattacher_msgs' returned '0': CMAKE_PREFIX_PATH=${CMAKE_PREFIX_PATH}:/opt/ros/humble /usr/bin/cmake --build /home/spaceshipecsat/ur_10_CatapultTest/build/linkattacher_msgs -- -j32 -l32
[0.341s] DEBUG:colcon.colcon_core.event_handler.log_command:Invoking command in '/home/spaceshipecsat/ur_10_CatapultTest/build/linkattacher_msgs': CMAKE_PREFIX_PATH=${CMAKE_PREFIX_PATH}:/opt/ros/humble /usr/bin/cmake --install /home/spaceshipecsat/ur_10_CatapultTest/build/linkattacher_msgs
[0.380s] Level 1:colcon.colcon_core.environment:create_environment_scripts_only(linkattacher_msgs)
[0.380s] Level 1:colcon.colcon_core.environment:checking '/home/spaceshipecsat/ur_10_CatapultTest/install/linkattacher_msgs' for CMake module files
[0.380s] DEBUG:colcon.colcon_core.event_handler.log_command:Invoked command in '/home/spaceshipecsat/ur_10_CatapultTest/build/linkattacher_msgs' returned '0': CMAKE_PREFIX_PATH=${CMAKE_PREFIX_PATH}:/opt/ros/humble /usr/bin/cmake --install /home/spaceshipecsat/ur_10_CatapultTest/build/linkattacher_msgs
[0.381s] Level 1:colcon.colcon_core.environment:checking '/home/spaceshipecsat/ur_10_CatapultTest/install/linkattacher_msgs' for CMake config files
[0.381s] Level 1:colcon.colcon_core.shell:create_environment_hook('linkattacher_msgs', 'cmake_prefix_path')
[0.381s] INFO:colcon.colcon_core.shell:Creating environment hook '/home/spaceshipecsat/ur_10_CatapultTest/install/linkattacher_msgs/share/linkattacher_msgs/hook/cmake_prefix_path.ps1'
[0.382s] INFO:colcon.colcon_core.shell:Creating environment descriptor '/home/spaceshipecsat/ur_10_CatapultTest/install/linkattacher_msgs/share/linkattacher_msgs/hook/cmake_prefix_path.dsv'
[0.382s] INFO:colcon.colcon_core.shell:Creating environment hook '/home/spaceshipecsat/ur_10_CatapultTest/install/linkattacher_msgs/share/linkattacher_msgs/hook/cmake_prefix_path.sh'
[0.382s] Level 1:colcon.colcon_core.environment:checking '/home/spaceshipecsat/ur_10_CatapultTest/install/linkattacher_msgs/lib'
[0.382s] Level 1:colcon.colcon_core.shell:create_environment_hook('linkattacher_msgs', 'ld_library_path_lib')
[0.382s] INFO:colcon.colcon_core.shell:Creating environment hook '/home/spaceshipecsat/ur_10_CatapultTest/install/linkattacher_msgs/share/linkattacher_msgs/hook/ld_library_path_lib.ps1'
[0.383s] INFO:colcon.colcon_core.shell:Creating environment descriptor '/home/spaceshipecsat/ur_10_CatapultTest/install/linkattacher_msgs/share/linkattacher_msgs/hook/ld_library_path_lib.dsv'
[0.383s] INFO:colcon.colcon_core.shell:Creating environment hook '/home/spaceshipecsat/ur_10_CatapultTest/install/linkattacher_msgs/share/linkattacher_msgs/hook/ld_library_path_lib.sh'
[0.383s] Level 1:colcon.colcon_core.environment:checking '/home/spaceshipecsat/ur_10_CatapultTest/install/linkattacher_msgs/bin'
[0.383s] Level 1:colcon.colcon_core.environment:checking '/home/spaceshipecsat/ur_10_CatapultTest/install/linkattacher_msgs/lib/pkgconfig/linkattacher_msgs.pc'
[0.383s] Level 1:colcon.colcon_core.environment:checking '/home/spaceshipecsat/ur_10_CatapultTest/install/linkattacher_msgs/lib/python3.10/site-packages'
[0.384s] Level 1:colcon.colcon_core.environment:checking '/home/spaceshipecsat/ur_10_CatapultTest/install/linkattacher_msgs/bin'
[0.384s] INFO:colcon.colcon_core.shell:Creating package script '/home/spaceshipecsat/ur_10_CatapultTest/install/linkattacher_msgs/share/linkattacher_msgs/package.ps1'
[0.384s] INFO:colcon.colcon_core.shell:Creating package descriptor '/home/spaceshipecsat/ur_10_CatapultTest/install/linkattacher_msgs/share/linkattacher_msgs/package.dsv'
[0.385s] INFO:colcon.colcon_core.shell:Creating package script '/home/spaceshipecsat/ur_10_CatapultTest/install/linkattacher_msgs/share/linkattacher_msgs/package.sh'
[0.385s] INFO:colcon.colcon_core.shell:Creating package script '/home/spaceshipecsat/ur_10_CatapultTest/install/linkattacher_msgs/share/linkattacher_msgs/package.bash'
[0.385s] INFO:colcon.colcon_core.shell:Creating package script '/home/spaceshipecsat/ur_10_CatapultTest/install/linkattacher_msgs/share/linkattacher_msgs/package.zsh'
[0.385s] Level 1:colcon.colcon_core.environment:create_file_with_runtime_dependencies(/home/spaceshipecsat/ur_10_CatapultTest/install/linkattacher_msgs/share/colcon-core/packages/linkattacher_msgs)
[0.386s] Level 1:colcon.colcon_core.environment:create_environment_scripts_only(linkattacher_msgs)
[0.386s] Level 1:colcon.colcon_core.environment:checking '/home/spaceshipecsat/ur_10_CatapultTest/install/linkattacher_msgs' for CMake module files
[0.386s] Level 1:colcon.colcon_core.environment:checking '/home/spaceshipecsat/ur_10_CatapultTest/install/linkattacher_msgs' for CMake config files
[0.387s] Level 1:colcon.colcon_core.shell:create_environment_hook('linkattacher_msgs', 'cmake_prefix_path')
[0.387s] INFO:colcon.colcon_core.shell:Creating environment hook '/home/spaceshipecsat/ur_10_CatapultTest/install/linkattacher_msgs/share/linkattacher_msgs/hook/cmake_prefix_path.ps1'
[0.387s] INFO:colcon.colcon_core.shell:Creating environment descriptor '/home/spaceshipecsat/ur_10_CatapultTest/install/linkattacher_msgs/share/linkattacher_msgs/hook/cmake_prefix_path.dsv'
[0.387s] INFO:colcon.colcon_core.shell:Creating environment hook '/home/spaceshipecsat/ur_10_CatapultTest/install/linkattacher_msgs/share/linkattacher_msgs/hook/cmake_prefix_path.sh'
[0.388s] Level 1:colcon.colcon_core.environment:checking '/home/spaceshipecsat/ur_10_CatapultTest/install/linkattacher_msgs/lib'
[0.388s] Level 1:colcon.colcon_core.shell:create_environment_hook('linkattacher_msgs', 'ld_library_path_lib')
[0.388s] INFO:colcon.colcon_core.shell:Creating environment hook '/home/spaceshipecsat/ur_10_CatapultTest/install/linkattacher_msgs/share/linkattacher_msgs/hook/ld_library_path_lib.ps1'
[0.388s] INFO:colcon.colcon_core.shell:Creating environment descriptor '/home/spaceshipecsat/ur_10_CatapultTest/install/linkattacher_msgs/share/linkattacher_msgs/hook/ld_library_path_lib.dsv'
[0.388s] INFO:colcon.colcon_core.shell:Creating environment hook '/home/spaceshipecsat/ur_10_CatapultTest/install/linkattacher_msgs/share/linkattacher_msgs/hook/ld_library_path_lib.sh'
[0.389s] Level 1:colcon.colcon_core.environment:checking '/home/spaceshipecsat/ur_10_CatapultTest/install/linkattacher_msgs/bin'
[0.389s] Level 1:colcon.colcon_core.environment:checking '/home/spaceshipecsat/ur_10_CatapultTest/install/linkattacher_msgs/lib/pkgconfig/linkattacher_msgs.pc'
[0.389s] Level 1:colcon.colcon_core.environment:checking '/home/spaceshipecsat/ur_10_CatapultTest/install/linkattacher_msgs/lib/python3.10/site-packages'
[0.389s] Level 1:colcon.colcon_core.environment:checking '/home/spaceshipecsat/ur_10_CatapultTest/install/linkattacher_msgs/bin'
[0.389s] INFO:colcon.colcon_core.shell:Creating package script '/home/spaceshipecsat/ur_10_CatapultTest/install/linkattacher_msgs/share/linkattacher_msgs/package.ps1'
[0.390s] INFO:colcon.colcon_core.shell:Creating package descriptor '/home/spaceshipecsat/ur_10_CatapultTest/install/linkattacher_msgs/share/linkattacher_msgs/package.dsv'
[0.390s] INFO:colcon.colcon_core.shell:Creating package script '/home/spaceshipecsat/ur_10_CatapultTest/install/linkattacher_msgs/share/linkattacher_msgs/package.sh'
[0.390s] INFO:colcon.colcon_core.shell:Creating package script '/home/spaceshipecsat/ur_10_CatapultTest/install/linkattacher_msgs/share/linkattacher_msgs/package.bash'
[0.391s] INFO:colcon.colcon_core.shell:Creating package script '/home/spaceshipecsat/ur_10_CatapultTest/install/linkattacher_msgs/share/linkattacher_msgs/package.zsh'
[0.391s] Level 1:colcon.colcon_core.environment:create_file_with_runtime_dependencies(/home/spaceshipecsat/ur_10_CatapultTest/install/linkattacher_msgs/share/colcon-core/packages/linkattacher_msgs)
[0.391s] INFO:colcon.colcon_ros.task.ament_cmake.build:Building ROS package in '/home/spaceshipecsat/ur_10_CatapultTest/src/IFRA_LinkAttacher/ros2_LinkAttacher' with build type 'ament_cmake'
[0.391s] INFO:colcon.colcon_cmake.task.cmake.build:Building CMake package in '/home/spaceshipecsat/ur_10_CatapultTest/src/IFRA_LinkAttacher/ros2_LinkAttacher'
[0.391s] INFO:colcon.colcon_core.shell:Skip shell extension 'powershell' for command environment: Not usable outside of PowerShell
[0.391s] DEBUG:colcon.colcon_core.shell:Skip shell extension 'dsv' for command environment
[0.397s] DEBUG:colcon.colcon_core.event_handler.log_command:Invoking command in '/home/spaceshipecsat/ur_10_CatapultTest/build/ros2_linkattacher': CMAKE_PREFIX_PATH=/home/spaceshipecsat/ur_10_CatapultTest/install/linkattacher_msgs:/home/spaceshipecsat/ur_10_CatapultTest/install/ur5_camera_moveit_config:/home/spaceshipecsat/ur_10_CatapultTest/install/ur5_camera_gripper_moveit_config:/home/spaceshipecsat/ur_10_CatapultTest/install/ur10_camera_moveit_config:/home/spaceshipecsat/ur_10_CatapultTest/install/ur10_camera_gripper_moveit_config:/home/spaceshipecsat/ur_10_CatapultTest/install/ur_yt_sim:/home/spaceshipecsat/ur_10_CatapultTest/install/ur_simulation_gazebo:/home/spaceshipecsat/ur_10_CatapultTest/install/ur_description:/home/spaceshipecsat/ur_10_CatapultTest/install/ros2_linkattacher:/home/spaceshipecsat/ur_10_CatapultTest/install/robotiq_description:/home/spaceshipecsat/ur_10_CatapultTest/install/robotiq_controllers:/opt/ros/humble LD_LIBRARY_PATH=/home/spaceshipecsat/ur_10_CatapultTest/install/linkattacher_msgs/lib:/home/spaceshipecsat/ur_10_CatapultTest/install/ros2_linkattacher/lib:/home/spaceshipecsat/ur_10_CatapultTest/install/robotiq_controllers/lib:/usr/lib/x86_64-linux-gnu/gazebo-11/plugins:/opt/ros/humble/opt/rviz_ogre_vendor/lib:/opt/ros/humble/lib/x86_64-linux-gnu:/opt/ros/humble/lib /usr/bin/cmake --build /home/spaceshipecsat/ur_10_CatapultTest/build/ros2_linkattacher -- -j32 -l32
[0.442s] DEBUG:colcon.colcon_core.event_handler.log_command:Invoked command in '/home/spaceshipecsat/ur_10_CatapultTest/build/ros2_linkattacher' returned '0': CMAKE_PREFIX_PATH=/home/spaceshipecsat/ur_10_CatapultTest/install/linkattacher_msgs:/home/spaceshipecsat/ur_10_CatapultTest/install/ur5_camera_moveit_config:/home/spaceshipecsat/ur_10_CatapultTest/install/ur5_camera_gripper_moveit_config:/home/spaceshipecsat/ur_10_CatapultTest/install/ur10_camera_moveit_config:/home/spaceshipecsat/ur_10_CatapultTest/install/ur10_camera_gripper_moveit_config:/home/spaceshipecsat/ur_10_CatapultTest/install/ur_yt_sim:/home/spaceshipecsat/ur_10_CatapultTest/install/ur_simulation_gazebo:/home/spaceshipecsat/ur_10_CatapultTest/install/ur_description:/home/spaceshipecsat/ur_10_CatapultTest/install/ros2_linkattacher:/home/spaceshipecsat/ur_10_CatapultTest/install/robotiq_description:/home/spaceshipecsat/ur_10_CatapultTest/install/robotiq_controllers:/opt/ros/humble LD_LIBRARY_PATH=/home/spaceshipecsat/ur_10_CatapultTest/install/linkattacher_msgs/lib:/home/spaceshipecsat/ur_10_CatapultTest/install/ros2_linkattacher/lib:/home/spaceshipecsat/ur_10_CatapultTest/install/robotiq_controllers/lib:/usr/lib/x86_64-linux-gnu/gazebo-11/plugins:/opt/ros/humble/opt/rviz_ogre_vendor/lib:/opt/ros/humble/lib/x86_64-linux-gnu:/opt/ros/humble/lib /usr/bin/cmake --build /home/spaceshipecsat/ur_10_CatapultTest/build/ros2_linkattacher -- -j32 -l32
[0.443s] DEBUG:colcon.colcon_core.event_handler.log_command:Invoking command in '/home/spaceshipecsat/ur_10_CatapultTest/build/ros2_linkattacher': CMAKE_PREFIX_PATH=/home/spaceshipecsat/ur_10_CatapultTest/install/linkattacher_msgs:/home/spaceshipecsat/ur_10_CatapultTest/install/ur5_camera_moveit_config:/home/spaceshipecsat/ur_10_CatapultTest/install/ur5_camera_gripper_moveit_config:/home/spaceshipecsat/ur_10_CatapultTest/install/ur10_camera_moveit_config:/home/spaceshipecsat/ur_10_CatapultTest/install/ur10_camera_gripper_moveit_config:/home/spaceshipecsat/ur_10_CatapultTest/install/ur_yt_sim:/home/spaceshipecsat/ur_10_CatapultTest/install/ur_simulation_gazebo:/home/spaceshipecsat/ur_10_CatapultTest/install/ur_description:/home/spaceshipecsat/ur_10_CatapultTest/install/ros2_linkattacher:/home/spaceshipecsat/ur_10_CatapultTest/install/robotiq_description:/home/spaceshipecsat/ur_10_CatapultTest/install/robotiq_controllers:/opt/ros/humble LD_LIBRARY_PATH=/home/spaceshipecsat/ur_10_CatapultTest/install/linkattacher_msgs/lib:/home/spaceshipecsat/ur_10_CatapultTest/install/ros2_linkattacher/lib:/home/spaceshipecsat/ur_10_CatapultTest/install/robotiq_controllers/lib:/usr/lib/x86_64-linux-gnu/gazebo-11/plugins:/opt/ros/humble/opt/rviz_ogre_vendor/lib:/opt/ros/humble/lib/x86_64-linux-gnu:/opt/ros/humble/lib /usr/bin/cmake --install /home/spaceshipecsat/ur_10_CatapultTest/build/ros2_linkattacher
[0.456s] Level 1:colcon.colcon_core.environment:create_environment_scripts_only(ros2_linkattacher)
[0.456s] DEBUG:colcon.colcon_core.event_handler.log_command:Invoked command in '/home/spaceshipecsat/ur_10_CatapultTest/build/ros2_linkattacher' returned '0': CMAKE_PREFIX_PATH=/home/spaceshipecsat/ur_10_CatapultTest/install/linkattacher_msgs:/home/spaceshipecsat/ur_10_CatapultTest/install/ur5_camera_moveit_config:/home/spaceshipecsat/ur_10_CatapultTest/install/ur5_camera_gripper_moveit_config:/home/spaceshipecsat/ur_10_CatapultTest/install/ur10_camera_moveit_config:/home/spaceshipecsat/ur_10_CatapultTest/install/ur10_camera_gripper_moveit_config:/home/spaceshipecsat/ur_10_CatapultTest/install/ur_yt_sim:/home/spaceshipecsat/ur_10_CatapultTest/install/ur_simulation_gazebo:/home/spaceshipecsat/ur_10_CatapultTest/install/ur_description:/home/spaceshipecsat/ur_10_CatapultTest/install/ros2_linkattacher:/home/spaceshipecsat/ur_10_CatapultTest/install/robotiq_description:/home/spaceshipecsat/ur_10_CatapultTest/install/robotiq_controllers:/opt/ros/humble LD_LIBRARY_PATH=/home/spaceshipecsat/ur_10_CatapultTest/install/linkattacher_msgs/lib:/home/spaceshipecsat/ur_10_CatapultTest/install/ros2_linkattacher/lib:/home/spaceshipecsat/ur_10_CatapultTest/install/robotiq_controllers/lib:/usr/lib/x86_64-linux-gnu/gazebo-11/plugins:/opt/ros/humble/opt/rviz_ogre_vendor/lib:/opt/ros/humble/lib/x86_64-linux-gnu:/opt/ros/humble/lib /usr/bin/cmake --install /home/spaceshipecsat/ur_10_CatapultTest/build/ros2_linkattacher
[0.456s] Level 1:colcon.colcon_core.environment:checking '/home/spaceshipecsat/ur_10_CatapultTest/install/ros2_linkattacher' for CMake module files
[0.457s] Level 1:colcon.colcon_core.environment:checking '/home/spaceshipecsat/ur_10_CatapultTest/install/ros2_linkattacher' for CMake config files
[0.457s] Level 1:colcon.colcon_core.shell:create_environment_hook('ros2_linkattacher', 'cmake_prefix_path')
[0.457s] INFO:colcon.colcon_core.shell:Creating environment hook '/home/spaceshipecsat/ur_10_CatapultTest/install/ros2_linkattacher/share/ros2_linkattacher/hook/cmake_prefix_path.ps1'
[0.457s] INFO:colcon.colcon_core.shell:Creating environment descriptor '/home/spaceshipecsat/ur_10_CatapultTest/install/ros2_linkattacher/share/ros2_linkattacher/hook/cmake_prefix_path.dsv'
[0.457s] INFO:colcon.colcon_core.shell:Creating environment hook '/home/spaceshipecsat/ur_10_CatapultTest/install/ros2_linkattacher/share/ros2_linkattacher/hook/cmake_prefix_path.sh'
[0.458s] Level 1:colcon.colcon_core.environment:checking '/home/spaceshipecsat/ur_10_CatapultTest/install/ros2_linkattacher/lib'
[0.458s] Level 1:colcon.colcon_core.shell:create_environment_hook('ros2_linkattacher', 'ld_library_path_lib')
[0.458s] INFO:colcon.colcon_core.shell:Creating environment hook '/home/spaceshipecsat/ur_10_CatapultTest/install/ros2_linkattacher/share/ros2_linkattacher/hook/ld_library_path_lib.ps1'
[0.458s] INFO:colcon.colcon_core.shell:Creating environment descriptor '/home/spaceshipecsat/ur_10_CatapultTest/install/ros2_linkattacher/share/ros2_linkattacher/hook/ld_library_path_lib.dsv'
[0.459s] INFO:colcon.colcon_core.shell:Creating environment hook '/home/spaceshipecsat/ur_10_CatapultTest/install/ros2_linkattacher/share/ros2_linkattacher/hook/ld_library_path_lib.sh'
[0.459s] Level 1:colcon.colcon_core.environment:checking '/home/spaceshipecsat/ur_10_CatapultTest/install/ros2_linkattacher/bin'
[0.459s] Level 1:colcon.colcon_core.environment:checking '/home/spaceshipecsat/ur_10_CatapultTest/install/ros2_linkattacher/lib/pkgconfig/ros2_linkattacher.pc'
[0.459s] Level 1:colcon.colcon_core.environment:checking '/home/spaceshipecsat/ur_10_CatapultTest/install/ros2_linkattacher/lib/python3.10/site-packages'
[0.459s] Level 1:colcon.colcon_core.environment:checking '/home/spaceshipecsat/ur_10_CatapultTest/install/ros2_linkattacher/bin'
[0.459s] INFO:colcon.colcon_core.shell:Creating package script '/home/spaceshipecsat/ur_10_CatapultTest/install/ros2_linkattacher/share/ros2_linkattacher/package.ps1'
[0.460s] INFO:colcon.colcon_core.shell:Creating package descriptor '/home/spaceshipecsat/ur_10_CatapultTest/install/ros2_linkattacher/share/ros2_linkattacher/package.dsv'
[0.460s] INFO:colcon.colcon_core.shell:Creating package script '/home/spaceshipecsat/ur_10_CatapultTest/install/ros2_linkattacher/share/ros2_linkattacher/package.sh'
[0.460s] INFO:colcon.colcon_core.shell:Creating package script '/home/spaceshipecsat/ur_10_CatapultTest/install/ros2_linkattacher/share/ros2_linkattacher/package.bash'
[0.461s] INFO:colcon.colcon_core.shell:Creating package script '/home/spaceshipecsat/ur_10_CatapultTest/install/ros2_linkattacher/share/ros2_linkattacher/package.zsh'
[0.461s] Level 1:colcon.colcon_core.environment:create_file_with_runtime_dependencies(/home/spaceshipecsat/ur_10_CatapultTest/install/ros2_linkattacher/share/colcon-core/packages/ros2_linkattacher)
[0.461s] Level 1:colcon.colcon_core.environment:create_environment_scripts_only(ros2_linkattacher)
[0.461s] Level 1:colcon.colcon_core.environment:checking '/home/spaceshipecsat/ur_10_CatapultTest/install/ros2_linkattacher' for CMake module files
[0.461s] Level 1:colcon.colcon_core.environment:checking '/home/spaceshipecsat/ur_10_CatapultTest/install/ros2_linkattacher' for CMake config files
[0.461s] Level 1:colcon.colcon_core.shell:create_environment_hook('ros2_linkattacher', 'cmake_prefix_path')
[0.461s] INFO:colcon.colcon_core.shell:Creating environment hook '/home/spaceshipecsat/ur_10_CatapultTest/install/ros2_linkattacher/share/ros2_linkattacher/hook/cmake_prefix_path.ps1'
[0.462s] INFO:colcon.colcon_core.shell:Creating environment descriptor '/home/spaceshipecsat/ur_10_CatapultTest/install/ros2_linkattacher/share/ros2_linkattacher/hook/cmake_prefix_path.dsv'
[0.462s] INFO:colcon.colcon_core.shell:Creating environment hook '/home/spaceshipecsat/ur_10_CatapultTest/install/ros2_linkattacher/share/ros2_linkattacher/hook/cmake_prefix_path.sh'
[0.462s] Level 1:colcon.colcon_core.environment:checking '/home/spaceshipecsat/ur_10_CatapultTest/install/ros2_linkattacher/lib'
[0.462s] Level 1:colcon.colcon_core.shell:create_environment_hook('ros2_linkattacher', 'ld_library_path_lib')
[0.462s] INFO:colcon.colcon_core.shell:Creating environment hook '/home/spaceshipecsat/ur_10_CatapultTest/install/ros2_linkattacher/share/ros2_linkattacher/hook/ld_library_path_lib.ps1'
[0.462s] INFO:colcon.colcon_core.shell:Creating environment descriptor '/home/spaceshipecsat/ur_10_CatapultTest/install/ros2_linkattacher/share/ros2_linkattacher/hook/ld_library_path_lib.dsv'
[0.462s] INFO:colcon.colcon_core.shell:Creating environment hook '/home/spaceshipecsat/ur_10_CatapultTest/install/ros2_linkattacher/share/ros2_linkattacher/hook/ld_library_path_lib.sh'
[0.462s] Level 1:colcon.colcon_core.environment:checking '/home/spaceshipecsat/ur_10_CatapultTest/install/ros2_linkattacher/bin'
[0.462s] Level 1:colcon.colcon_core.environment:checking '/home/spaceshipecsat/ur_10_CatapultTest/install/ros2_linkattacher/lib/pkgconfig/ros2_linkattacher.pc'
[0.462s] Level 1:colcon.colcon_core.environment:checking '/home/spaceshipecsat/ur_10_CatapultTest/install/ros2_linkattacher/lib/python3.10/site-packages'
[0.462s] Level 1:colcon.colcon_core.environment:checking '/home/spaceshipecsat/ur_10_CatapultTest/install/ros2_linkattacher/bin'
[0.463s] INFO:colcon.colcon_core.shell:Creating package script '/home/spaceshipecsat/ur_10_CatapultTest/install/ros2_linkattacher/share/ros2_linkattacher/package.ps1'
[0.463s] INFO:colcon.colcon_core.shell:Creating package descriptor '/home/spaceshipecsat/ur_10_CatapultTest/install/ros2_linkattacher/share/ros2_linkattacher/package.dsv'
[0.463s] INFO:colcon.colcon_core.shell:Creating package script '/home/spaceshipecsat/ur_10_CatapultTest/install/ros2_linkattacher/share/ros2_linkattacher/package.sh'
[0.463s] INFO:colcon.colcon_core.shell:Creating package script '/home/spaceshipecsat/ur_10_CatapultTest/install/ros2_linkattacher/share/ros2_linkattacher/package.bash'
[0.463s] INFO:colcon.colcon_core.shell:Creating package script '/home/spaceshipecsat/ur_10_CatapultTest/install/ros2_linkattacher/share/ros2_linkattacher/package.zsh'
[0.463s] Level 1:colcon.colcon_core.environment:create_file_with_runtime_dependencies(/home/spaceshipecsat/ur_10_CatapultTest/install/ros2_linkattacher/share/colcon-core/packages/ros2_linkattacher)
[4.388s] DEBUG:colcon.colcon_core.event_handler.log_command:Invoked command in '/home/spaceshipecsat/ur_10_CatapultTest/build/ur_yt_sim' returned '0': CMAKE_PREFIX_PATH=/home/spaceshipecsat/ur_10_CatapultTest/install/ur_description:/home/spaceshipecsat/ur_10_CatapultTest/install/robotiq_description:/home/spaceshipecsat/ur_10_CatapultTest/install/ur5_camera_moveit_config:/home/spaceshipecsat/ur_10_CatapultTest/install/ur5_camera_gripper_moveit_config:/home/spaceshipecsat/ur_10_CatapultTest/install/ur10_camera_moveit_config:/home/spaceshipecsat/ur_10_CatapultTest/install/ur10_camera_gripper_moveit_config:/home/spaceshipecsat/ur_10_CatapultTest/install/ur_yt_sim:/home/spaceshipecsat/ur_10_CatapultTest/install/ur_simulation_gazebo:/home/spaceshipecsat/ur_10_CatapultTest/install/ros2_linkattacher:/home/spaceshipecsat/ur_10_CatapultTest/install/robotiq_controllers:/home/spaceshipecsat/ur_10_CatapultTest/install/linkattacher_msgs:/opt/ros/humble /usr/bin/cmake --build /home/spaceshipecsat/ur_10_CatapultTest/build/ur_yt_sim -- -j32 -l32
[4.389s] DEBUG:colcon.colcon_core.event_handler.log_command:Invoking command in '/home/spaceshipecsat/ur_10_CatapultTest/build/ur_yt_sim': CMAKE_PREFIX_PATH=/home/spaceshipecsat/ur_10_CatapultTest/install/ur_description:/home/spaceshipecsat/ur_10_CatapultTest/install/robotiq_description:/home/spaceshipecsat/ur_10_CatapultTest/install/ur5_camera_moveit_config:/home/spaceshipecsat/ur_10_CatapultTest/install/ur5_camera_gripper_moveit_config:/home/spaceshipecsat/ur_10_CatapultTest/install/ur10_camera_moveit_config:/home/spaceshipecsat/ur_10_CatapultTest/install/ur10_camera_gripper_moveit_config:/home/spaceshipecsat/ur_10_CatapultTest/install/ur_yt_sim:/home/spaceshipecsat/ur_10_CatapultTest/install/ur_simulation_gazebo:/home/spaceshipecsat/ur_10_CatapultTest/install/ros2_linkattacher:/home/spaceshipecsat/ur_10_CatapultTest/install/robotiq_controllers:/home/spaceshipecsat/ur_10_CatapultTest/install/linkattacher_msgs:/opt/ros/humble /usr/bin/cmake --install /home/spaceshipecsat/ur_10_CatapultTest/build/ur_yt_sim
[4.407s] Level 1:colcon.colcon_core.environment:create_environment_scripts_only(ur_yt_sim)
[4.407s] DEBUG:colcon.colcon_core.event_handler.log_command:Invoked command in '/home/spaceshipecsat/ur_10_CatapultTest/build/ur_yt_sim' returned '0': CMAKE_PREFIX_PATH=/home/spaceshipecsat/ur_10_CatapultTest/install/ur_description:/home/spaceshipecsat/ur_10_CatapultTest/install/robotiq_description:/home/spaceshipecsat/ur_10_CatapultTest/install/ur5_camera_moveit_config:/home/spaceshipecsat/ur_10_CatapultTest/install/ur5_camera_gripper_moveit_config:/home/spaceshipecsat/ur_10_CatapultTest/install/ur10_camera_moveit_config:/home/spaceshipecsat/ur_10_CatapultTest/install/ur10_camera_gripper_moveit_config:/home/spaceshipecsat/ur_10_CatapultTest/install/ur_yt_sim:/home/spaceshipecsat/ur_10_CatapultTest/install/ur_simulation_gazebo:/home/spaceshipecsat/ur_10_CatapultTest/install/ros2_linkattacher:/home/spaceshipecsat/ur_10_CatapultTest/install/robotiq_controllers:/home/spaceshipecsat/ur_10_CatapultTest/install/linkattacher_msgs:/opt/ros/humble /usr/bin/cmake --install /home/spaceshipecsat/ur_10_CatapultTest/build/ur_yt_sim
[4.407s] Level 1:colcon.colcon_core.environment:checking '/home/spaceshipecsat/ur_10_CatapultTest/install/ur_yt_sim' for CMake module files
[4.408s] Level 1:colcon.colcon_core.environment:checking '/home/spaceshipecsat/ur_10_CatapultTest/install/ur_yt_sim' for CMake config files
[4.408s] Level 1:colcon.colcon_core.shell:create_environment_hook('ur_yt_sim', 'cmake_prefix_path')
[4.408s] INFO:colcon.colcon_core.shell:Creating environment hook '/home/spaceshipecsat/ur_10_CatapultTest/install/ur_yt_sim/share/ur_yt_sim/hook/cmake_prefix_path.ps1'
[4.408s] INFO:colcon.colcon_core.shell:Creating environment descriptor '/home/spaceshipecsat/ur_10_CatapultTest/install/ur_yt_sim/share/ur_yt_sim/hook/cmake_prefix_path.dsv'
[4.409s] INFO:colcon.colcon_core.shell:Creating environment hook '/home/spaceshipecsat/ur_10_CatapultTest/install/ur_yt_sim/share/ur_yt_sim/hook/cmake_prefix_path.sh'
[4.409s] Level 1:colcon.colcon_core.environment:checking '/home/spaceshipecsat/ur_10_CatapultTest/install/ur_yt_sim/lib'
[4.409s] Level 1:colcon.colcon_core.environment:checking '/home/spaceshipecsat/ur_10_CatapultTest/install/ur_yt_sim/bin'
[4.409s] Level 1:colcon.colcon_core.environment:checking '/home/spaceshipecsat/ur_10_CatapultTest/install/ur_yt_sim/lib/pkgconfig/ur_yt_sim.pc'
[4.409s] Level 1:colcon.colcon_core.environment:checking '/home/spaceshipecsat/ur_10_CatapultTest/install/ur_yt_sim/lib/python3.10/site-packages'
[4.410s] Level 1:colcon.colcon_core.environment:checking '/home/spaceshipecsat/ur_10_CatapultTest/install/ur_yt_sim/bin'
[4.410s] INFO:colcon.colcon_core.shell:Creating package script '/home/spaceshipecsat/ur_10_CatapultTest/install/ur_yt_sim/share/ur_yt_sim/package.ps1'
[4.410s] INFO:colcon.colcon_core.shell:Creating package descriptor '/home/spaceshipecsat/ur_10_CatapultTest/install/ur_yt_sim/share/ur_yt_sim/package.dsv'
[4.410s] INFO:colcon.colcon_core.shell:Creating package script '/home/spaceshipecsat/ur_10_CatapultTest/install/ur_yt_sim/share/ur_yt_sim/package.sh'
[4.411s] INFO:colcon.colcon_core.shell:Creating package script '/home/spaceshipecsat/ur_10_CatapultTest/install/ur_yt_sim/share/ur_yt_sim/package.bash'
[4.411s] INFO:colcon.colcon_core.shell:Creating package script '/home/spaceshipecsat/ur_10_CatapultTest/install/ur_yt_sim/share/ur_yt_sim/package.zsh'
[4.411s] Level 1:colcon.colcon_core.environment:create_file_with_runtime_dependencies(/home/spaceshipecsat/ur_10_CatapultTest/install/ur_yt_sim/share/colcon-core/packages/ur_yt_sim)
[4.411s] Level 1:colcon.colcon_core.environment:create_environment_scripts_only(ur_yt_sim)
[4.412s] Level 1:colcon.colcon_core.environment:checking '/home/spaceshipecsat/ur_10_CatapultTest/install/ur_yt_sim' for CMake module files
[4.412s] Level 1:colcon.colcon_core.environment:checking '/home/spaceshipecsat/ur_10_CatapultTest/install/ur_yt_sim' for CMake config files
[4.412s] Level 1:colcon.colcon_core.shell:create_environment_hook('ur_yt_sim', 'cmake_prefix_path')
[4.412s] INFO:colcon.colcon_core.shell:Creating environment hook '/home/spaceshipecsat/ur_10_CatapultTest/install/ur_yt_sim/share/ur_yt_sim/hook/cmake_prefix_path.ps1'
[4.413s] INFO:colcon.colcon_core.shell:Creating environment descriptor '/home/spaceshipecsat/ur_10_CatapultTest/install/ur_yt_sim/share/ur_yt_sim/hook/cmake_prefix_path.dsv'
[4.413s] INFO:colcon.colcon_core.shell:Creating environment hook '/home/spaceshipecsat/ur_10_CatapultTest/install/ur_yt_sim/share/ur_yt_sim/hook/cmake_prefix_path.sh'
[4.413s] Level 1:colcon.colcon_core.environment:checking '/home/spaceshipecsat/ur_10_CatapultTest/install/ur_yt_sim/lib'
[4.413s] Level 1:colcon.colcon_core.environment:checking '/home/spaceshipecsat/ur_10_CatapultTest/install/ur_yt_sim/bin'
[4.413s] Level 1:colcon.colcon_core.environment:checking '/home/spaceshipecsat/ur_10_CatapultTest/install/ur_yt_sim/lib/pkgconfig/ur_yt_sim.pc'
[4.413s] Level 1:colcon.colcon_core.environment:checking '/home/spaceshipecsat/ur_10_CatapultTest/install/ur_yt_sim/lib/python3.10/site-packages'
[4.414s] Level 1:colcon.colcon_core.environment:checking '/home/spaceshipecsat/ur_10_CatapultTest/install/ur_yt_sim/bin'
[4.414s] INFO:colcon.colcon_core.shell:Creating package script '/home/spaceshipecsat/ur_10_CatapultTest/install/ur_yt_sim/share/ur_yt_sim/package.ps1'
[4.414s] INFO:colcon.colcon_core.shell:Creating package descriptor '/home/spaceshipecsat/ur_10_CatapultTest/install/ur_yt_sim/share/ur_yt_sim/package.dsv'
[4.414s] INFO:colcon.colcon_core.shell:Creating package script '/home/spaceshipecsat/ur_10_CatapultTest/install/ur_yt_sim/share/ur_yt_sim/package.sh'
[4.415s] INFO:colcon.colcon_core.shell:Creating package script '/home/spaceshipecsat/ur_10_CatapultTest/install/ur_yt_sim/share/ur_yt_sim/package.bash'
[4.415s] INFO:colcon.colcon_core.shell:Creating package script '/home/spaceshipecsat/ur_10_CatapultTest/install/ur_yt_sim/share/ur_yt_sim/package.zsh'
[4.415s] Level 1:colcon.colcon_core.environment:create_file_with_runtime_dependencies(/home/spaceshipecsat/ur_10_CatapultTest/install/ur_yt_sim/share/colcon-core/packages/ur_yt_sim)
[4.415s] INFO:colcon.colcon_ros.task.ament_cmake.build:Building ROS package in '/home/spaceshipecsat/ur_10_CatapultTest/src/ur10_camera_gripper_moveit_config' with build type 'ament_cmake'
[4.416s] INFO:colcon.colcon_cmake.task.cmake.build:Building CMake package in '/home/spaceshipecsat/ur_10_CatapultTest/src/ur10_camera_gripper_moveit_config'
[4.416s] INFO:colcon.colcon_core.shell:Skip shell extension 'powershell' for command environment: Not usable outside of PowerShell
[4.416s] DEBUG:colcon.colcon_core.shell:Skip shell extension 'dsv' for command environment
[4.419s] INFO:colcon.colcon_ros.task.ament_cmake.build:Building ROS package in '/home/spaceshipecsat/ur_10_CatapultTest/src/ur10_camera_moveit_config' with build type 'ament_cmake'
[4.419s] INFO:colcon.colcon_cmake.task.cmake.build:Building CMake package in '/home/spaceshipecsat/ur_10_CatapultTest/src/ur10_camera_moveit_config'
[4.419s] INFO:colcon.colcon_core.shell:Skip shell extension 'powershell' for command environment: Not usable outside of PowerShell
[4.419s] DEBUG:colcon.colcon_core.shell:Skip shell extension 'dsv' for command environment
[4.421s] INFO:colcon.colcon_ros.task.ament_cmake.build:Building ROS package in '/home/spaceshipecsat/ur_10_CatapultTest/src/ur5_camera_gripper_moveit_config' with build type 'ament_cmake'
[4.421s] INFO:colcon.colcon_cmake.task.cmake.build:Building CMake package in '/home/spaceshipecsat/ur_10_CatapultTest/src/ur5_camera_gripper_moveit_config'
[4.421s] INFO:colcon.colcon_core.shell:Skip shell extension 'powershell' for command environment: Not usable outside of PowerShell
[4.421s] DEBUG:colcon.colcon_core.shell:Skip shell extension 'dsv' for command environment
[4.423s] INFO:colcon.colcon_ros.task.ament_cmake.build:Building ROS package in '/home/spaceshipecsat/ur_10_CatapultTest/src/ur5_camera_moveit_config' with build type 'ament_cmake'
[4.423s] INFO:colcon.colcon_cmake.task.cmake.build:Building CMake package in '/home/spaceshipecsat/ur_10_CatapultTest/src/ur5_camera_moveit_config'
[4.423s] INFO:colcon.colcon_core.shell:Skip shell extension 'powershell' for command environment: Not usable outside of PowerShell
[4.423s] DEBUG:colcon.colcon_core.shell:Skip shell extension 'dsv' for command environment
[4.426s] DEBUG:colcon.colcon_core.event_handler.log_command:Invoking command in '/home/spaceshipecsat/ur_10_CatapultTest/build/ur10_camera_gripper_moveit_config': CMAKE_PREFIX_PATH=/home/spaceshipecsat/ur_10_CatapultTest/install/ur_yt_sim:/home/spaceshipecsat/ur_10_CatapultTest/install/ur_description:/home/spaceshipecsat/ur_10_CatapultTest/install/robotiq_description:/home/spaceshipecsat/ur_10_CatapultTest/install/ur5_camera_moveit_config:/home/spaceshipecsat/ur_10_CatapultTest/install/ur5_camera_gripper_moveit_config:/home/spaceshipecsat/ur_10_CatapultTest/install/ur10_camera_moveit_config:/home/spaceshipecsat/ur_10_CatapultTest/install/ur10_camera_gripper_moveit_config:/home/spaceshipecsat/ur_10_CatapultTest/install/ur_simulation_gazebo:/home/spaceshipecsat/ur_10_CatapultTest/install/ros2_linkattacher:/home/spaceshipecsat/ur_10_CatapultTest/install/robotiq_controllers:/home/spaceshipecsat/ur_10_CatapultTest/install/linkattacher_msgs:/opt/ros/humble /usr/bin/cmake --build /home/spaceshipecsat/ur_10_CatapultTest/build/ur10_camera_gripper_moveit_config -- -j32 -l32
[4.427s] DEBUG:colcon.colcon_core.event_handler.log_command:Invoking command in '/home/spaceshipecsat/ur_10_CatapultTest/build/ur10_camera_moveit_config': CMAKE_PREFIX_PATH=/home/spaceshipecsat/ur_10_CatapultTest/install/ur_yt_sim:/home/spaceshipecsat/ur_10_CatapultTest/install/ur_description:/home/spaceshipecsat/ur_10_CatapultTest/install/robotiq_description:/home/spaceshipecsat/ur_10_CatapultTest/install/ur5_camera_moveit_config:/home/spaceshipecsat/ur_10_CatapultTest/install/ur5_camera_gripper_moveit_config:/home/spaceshipecsat/ur_10_CatapultTest/install/ur10_camera_moveit_config:/home/spaceshipecsat/ur_10_CatapultTest/install/ur10_camera_gripper_moveit_config:/home/spaceshipecsat/ur_10_CatapultTest/install/ur_simulation_gazebo:/home/spaceshipecsat/ur_10_CatapultTest/install/ros2_linkattacher:/home/spaceshipecsat/ur_10_CatapultTest/install/robotiq_controllers:/home/spaceshipecsat/ur_10_CatapultTest/install/linkattacher_msgs:/opt/ros/humble /usr/bin/cmake --build /home/spaceshipecsat/ur_10_CatapultTest/build/ur10_camera_moveit_config -- -j32 -l32
[4.428s] DEBUG:colcon.colcon_core.event_handler.log_command:Invoking command in '/home/spaceshipecsat/ur_10_CatapultTest/build/ur5_camera_gripper_moveit_config': CMAKE_PREFIX_PATH=/home/spaceshipecsat/ur_10_CatapultTest/install/ur_yt_sim:/home/spaceshipecsat/ur_10_CatapultTest/install/ur_description:/home/spaceshipecsat/ur_10_CatapultTest/install/robotiq_description:/home/spaceshipecsat/ur_10_CatapultTest/install/ur5_camera_moveit_config:/home/spaceshipecsat/ur_10_CatapultTest/install/ur5_camera_gripper_moveit_config:/home/spaceshipecsat/ur_10_CatapultTest/install/ur10_camera_moveit_config:/home/spaceshipecsat/ur_10_CatapultTest/install/ur10_camera_gripper_moveit_config:/home/spaceshipecsat/ur_10_CatapultTest/install/ur_simulation_gazebo:/home/spaceshipecsat/ur_10_CatapultTest/install/ros2_linkattacher:/home/spaceshipecsat/ur_10_CatapultTest/install/robotiq_controllers:/home/spaceshipecsat/ur_10_CatapultTest/install/linkattacher_msgs:/opt/ros/humble /usr/bin/cmake --build /home/spaceshipecsat/ur_10_CatapultTest/build/ur5_camera_gripper_moveit_config -- -j32 -l32
[4.429s] DEBUG:colcon.colcon_core.event_handler.log_command:Invoking command in '/home/spaceshipecsat/ur_10_CatapultTest/build/ur5_camera_moveit_config': CMAKE_PREFIX_PATH=/home/spaceshipecsat/ur_10_CatapultTest/install/ur_yt_sim:/home/spaceshipecsat/ur_10_CatapultTest/install/ur_description:/home/spaceshipecsat/ur_10_CatapultTest/install/robotiq_description:/home/spaceshipecsat/ur_10_CatapultTest/install/ur5_camera_moveit_config:/home/spaceshipecsat/ur_10_CatapultTest/install/ur5_camera_gripper_moveit_config:/home/spaceshipecsat/ur_10_CatapultTest/install/ur10_camera_moveit_config:/home/spaceshipecsat/ur_10_CatapultTest/install/ur10_camera_gripper_moveit_config:/home/spaceshipecsat/ur_10_CatapultTest/install/ur_simulation_gazebo:/home/spaceshipecsat/ur_10_CatapultTest/install/ros2_linkattacher:/home/spaceshipecsat/ur_10_CatapultTest/install/robotiq_controllers:/home/spaceshipecsat/ur_10_CatapultTest/install/linkattacher_msgs:/opt/ros/humble /usr/bin/cmake --build /home/spaceshipecsat/ur_10_CatapultTest/build/ur5_camera_moveit_config -- -j32 -l32
[4.449s] DEBUG:colcon.colcon_core.event_handler.log_command:Invoked command in '/home/spaceshipecsat/ur_10_CatapultTest/build/ur10_camera_moveit_config' returned '0': CMAKE_PREFIX_PATH=/home/spaceshipecsat/ur_10_CatapultTest/install/ur_yt_sim:/home/spaceshipecsat/ur_10_CatapultTest/install/ur_description:/home/spaceshipecsat/ur_10_CatapultTest/install/robotiq_description:/home/spaceshipecsat/ur_10_CatapultTest/install/ur5_camera_moveit_config:/home/spaceshipecsat/ur_10_CatapultTest/install/ur5_camera_gripper_moveit_config:/home/spaceshipecsat/ur_10_CatapultTest/install/ur10_camera_moveit_config:/home/spaceshipecsat/ur_10_CatapultTest/install/ur10_camera_gripper_moveit_config:/home/spaceshipecsat/ur_10_CatapultTest/install/ur_simulation_gazebo:/home/spaceshipecsat/ur_10_CatapultTest/install/ros2_linkattacher:/home/spaceshipecsat/ur_10_CatapultTest/install/robotiq_controllers:/home/spaceshipecsat/ur_10_CatapultTest/install/linkattacher_msgs:/opt/ros/humble /usr/bin/cmake --build /home/spaceshipecsat/ur_10_CatapultTest/build/ur10_camera_moveit_config -- -j32 -l32
[4.450s] DEBUG:colcon.colcon_core.event_handler.log_command:Invoking command in '/home/spaceshipecsat/ur_10_CatapultTest/build/ur10_camera_moveit_config': CMAKE_PREFIX_PATH=/home/spaceshipecsat/ur_10_CatapultTest/install/ur_yt_sim:/home/spaceshipecsat/ur_10_CatapultTest/install/ur_description:/home/spaceshipecsat/ur_10_CatapultTest/install/robotiq_description:/home/spaceshipecsat/ur_10_CatapultTest/install/ur5_camera_moveit_config:/home/spaceshipecsat/ur_10_CatapultTest/install/ur5_camera_gripper_moveit_config:/home/spaceshipecsat/ur_10_CatapultTest/install/ur10_camera_moveit_config:/home/spaceshipecsat/ur_10_CatapultTest/install/ur10_camera_gripper_moveit_config:/home/spaceshipecsat/ur_10_CatapultTest/install/ur_simulation_gazebo:/home/spaceshipecsat/ur_10_CatapultTest/install/ros2_linkattacher:/home/spaceshipecsat/ur_10_CatapultTest/install/robotiq_controllers:/home/spaceshipecsat/ur_10_CatapultTest/install/linkattacher_msgs:/opt/ros/humble /usr/bin/cmake --install /home/spaceshipecsat/ur_10_CatapultTest/build/ur10_camera_moveit_config
[4.451s] DEBUG:colcon.colcon_core.event_handler.log_command:Invoked command in '/home/spaceshipecsat/ur_10_CatapultTest/build/ur5_camera_moveit_config' returned '0': CMAKE_PREFIX_PATH=/home/spaceshipecsat/ur_10_CatapultTest/install/ur_yt_sim:/home/spaceshipecsat/ur_10_CatapultTest/install/ur_description:/home/spaceshipecsat/ur_10_CatapultTest/install/robotiq_description:/home/spaceshipecsat/ur_10_CatapultTest/install/ur5_camera_moveit_config:/home/spaceshipecsat/ur_10_CatapultTest/install/ur5_camera_gripper_moveit_config:/home/spaceshipecsat/ur_10_CatapultTest/install/ur10_camera_moveit_config:/home/spaceshipecsat/ur_10_CatapultTest/install/ur10_camera_gripper_moveit_config:/home/spaceshipecsat/ur_10_CatapultTest/install/ur_simulation_gazebo:/home/spaceshipecsat/ur_10_CatapultTest/install/ros2_linkattacher:/home/spaceshipecsat/ur_10_CatapultTest/install/robotiq_controllers:/home/spaceshipecsat/ur_10_CatapultTest/install/linkattacher_msgs:/opt/ros/humble /usr/bin/cmake --build /home/spaceshipecsat/ur_10_CatapultTest/build/ur5_camera_moveit_config -- -j32 -l32
[4.452s] DEBUG:colcon.colcon_core.event_handler.log_command:Invoking command in '/home/spaceshipecsat/ur_10_CatapultTest/build/ur5_camera_moveit_config': CMAKE_PREFIX_PATH=/home/spaceshipecsat/ur_10_CatapultTest/install/ur_yt_sim:/home/spaceshipecsat/ur_10_CatapultTest/install/ur_description:/home/spaceshipecsat/ur_10_CatapultTest/install/robotiq_description:/home/spaceshipecsat/ur_10_CatapultTest/install/ur5_camera_moveit_config:/home/spaceshipecsat/ur_10_CatapultTest/install/ur5_camera_gripper_moveit_config:/home/spaceshipecsat/ur_10_CatapultTest/install/ur10_camera_moveit_config:/home/spaceshipecsat/ur_10_CatapultTest/install/ur10_camera_gripper_moveit_config:/home/spaceshipecsat/ur_10_CatapultTest/install/ur_simulation_gazebo:/home/spaceshipecsat/ur_10_CatapultTest/install/ros2_linkattacher:/home/spaceshipecsat/ur_10_CatapultTest/install/robotiq_controllers:/home/spaceshipecsat/ur_10_CatapultTest/install/linkattacher_msgs:/opt/ros/humble /usr/bin/cmake --install /home/spaceshipecsat/ur_10_CatapultTest/build/ur5_camera_moveit_config
[4.452s] DEBUG:colcon.colcon_core.event_handler.log_command:Invoked command in '/home/spaceshipecsat/ur_10_CatapultTest/build/ur10_camera_gripper_moveit_config' returned '0': CMAKE_PREFIX_PATH=/home/spaceshipecsat/ur_10_CatapultTest/install/ur_yt_sim:/home/spaceshipecsat/ur_10_CatapultTest/install/ur_description:/home/spaceshipecsat/ur_10_CatapultTest/install/robotiq_description:/home/spaceshipecsat/ur_10_CatapultTest/install/ur5_camera_moveit_config:/home/spaceshipecsat/ur_10_CatapultTest/install/ur5_camera_gripper_moveit_config:/home/spaceshipecsat/ur_10_CatapultTest/install/ur10_camera_moveit_config:/home/spaceshipecsat/ur_10_CatapultTest/install/ur10_camera_gripper_moveit_config:/home/spaceshipecsat/ur_10_CatapultTest/install/ur_simulation_gazebo:/home/spaceshipecsat/ur_10_CatapultTest/install/ros2_linkattacher:/home/spaceshipecsat/ur_10_CatapultTest/install/robotiq_controllers:/home/spaceshipecsat/ur_10_CatapultTest/install/linkattacher_msgs:/opt/ros/humble /usr/bin/cmake --build /home/spaceshipecsat/ur_10_CatapultTest/build/ur10_camera_gripper_moveit_config -- -j32 -l32
[4.452s] DEBUG:colcon.colcon_core.event_handler.log_command:Invoking command in '/home/spaceshipecsat/ur_10_CatapultTest/build/ur10_camera_gripper_moveit_config': CMAKE_PREFIX_PATH=/home/spaceshipecsat/ur_10_CatapultTest/install/ur_yt_sim:/home/spaceshipecsat/ur_10_CatapultTest/install/ur_description:/home/spaceshipecsat/ur_10_CatapultTest/install/robotiq_description:/home/spaceshipecsat/ur_10_CatapultTest/install/ur5_camera_moveit_config:/home/spaceshipecsat/ur_10_CatapultTest/install/ur5_camera_gripper_moveit_config:/home/spaceshipecsat/ur_10_CatapultTest/install/ur10_camera_moveit_config:/home/spaceshipecsat/ur_10_CatapultTest/install/ur10_camera_gripper_moveit_config:/home/spaceshipecsat/ur_10_CatapultTest/install/ur_simulation_gazebo:/home/spaceshipecsat/ur_10_CatapultTest/install/ros2_linkattacher:/home/spaceshipecsat/ur_10_CatapultTest/install/robotiq_controllers:/home/spaceshipecsat/ur_10_CatapultTest/install/linkattacher_msgs:/opt/ros/humble /usr/bin/cmake --install /home/spaceshipecsat/ur_10_CatapultTest/build/ur10_camera_gripper_moveit_config
[4.453s] DEBUG:colcon.colcon_core.event_handler.log_command:Invoked command in '/home/spaceshipecsat/ur_10_CatapultTest/build/ur5_camera_gripper_moveit_config' returned '0': CMAKE_PREFIX_PATH=/home/spaceshipecsat/ur_10_CatapultTest/install/ur_yt_sim:/home/spaceshipecsat/ur_10_CatapultTest/install/ur_description:/home/spaceshipecsat/ur_10_CatapultTest/install/robotiq_description:/home/spaceshipecsat/ur_10_CatapultTest/install/ur5_camera_moveit_config:/home/spaceshipecsat/ur_10_CatapultTest/install/ur5_camera_gripper_moveit_config:/home/spaceshipecsat/ur_10_CatapultTest/install/ur10_camera_moveit_config:/home/spaceshipecsat/ur_10_CatapultTest/install/ur10_camera_gripper_moveit_config:/home/spaceshipecsat/ur_10_CatapultTest/install/ur_simulation_gazebo:/home/spaceshipecsat/ur_10_CatapultTest/install/ros2_linkattacher:/home/spaceshipecsat/ur_10_CatapultTest/install/robotiq_controllers:/home/spaceshipecsat/ur_10_CatapultTest/install/linkattacher_msgs:/opt/ros/humble /usr/bin/cmake --build /home/spaceshipecsat/ur_10_CatapultTest/build/ur5_camera_gripper_moveit_config -- -j32 -l32
[4.453s] DEBUG:colcon.colcon_core.event_handler.log_command:Invoking command in '/home/spaceshipecsat/ur_10_CatapultTest/build/ur5_camera_gripper_moveit_config': CMAKE_PREFIX_PATH=/home/spaceshipecsat/ur_10_CatapultTest/install/ur_yt_sim:/home/spaceshipecsat/ur_10_CatapultTest/install/ur_description:/home/spaceshipecsat/ur_10_CatapultTest/install/robotiq_description:/home/spaceshipecsat/ur_10_CatapultTest/install/ur5_camera_moveit_config:/home/spaceshipecsat/ur_10_CatapultTest/install/ur5_camera_gripper_moveit_config:/home/spaceshipecsat/ur_10_CatapultTest/install/ur10_camera_moveit_config:/home/spaceshipecsat/ur_10_CatapultTest/install/ur10_camera_gripper_moveit_config:/home/spaceshipecsat/ur_10_CatapultTest/install/ur_simulation_gazebo:/home/spaceshipecsat/ur_10_CatapultTest/install/ros2_linkattacher:/home/spaceshipecsat/ur_10_CatapultTest/install/robotiq_controllers:/home/spaceshipecsat/ur_10_CatapultTest/install/linkattacher_msgs:/opt/ros/humble /usr/bin/cmake --install /home/spaceshipecsat/ur_10_CatapultTest/build/ur5_camera_gripper_moveit_config
[4.463s] Level 1:colcon.colcon_core.environment:create_environment_scripts_only(ur5_camera_moveit_config)
[4.463s] Level 1:colcon.colcon_core.environment:checking '/home/spaceshipecsat/ur_10_CatapultTest/install/ur5_camera_moveit_config' for CMake module files
[4.464s] Level 1:colcon.colcon_core.environment:checking '/home/spaceshipecsat/ur_10_CatapultTest/install/ur5_camera_moveit_config' for CMake config files
[4.465s] DEBUG:colcon.colcon_core.event_handler.log_command:Invoked command in '/home/spaceshipecsat/ur_10_CatapultTest/build/ur5_camera_moveit_config' returned '0': CMAKE_PREFIX_PATH=/home/spaceshipecsat/ur_10_CatapultTest/install/ur_yt_sim:/home/spaceshipecsat/ur_10_CatapultTest/install/ur_description:/home/spaceshipecsat/ur_10_CatapultTest/install/robotiq_description:/home/spaceshipecsat/ur_10_CatapultTest/install/ur5_camera_moveit_config:/home/spaceshipecsat/ur_10_CatapultTest/install/ur5_camera_gripper_moveit_config:/home/spaceshipecsat/ur_10_CatapultTest/install/ur10_camera_moveit_config:/home/spaceshipecsat/ur_10_CatapultTest/install/ur10_camera_gripper_moveit_config:/home/spaceshipecsat/ur_10_CatapultTest/install/ur_simulation_gazebo:/home/spaceshipecsat/ur_10_CatapultTest/install/ros2_linkattacher:/home/spaceshipecsat/ur_10_CatapultTest/install/robotiq_controllers:/home/spaceshipecsat/ur_10_CatapultTest/install/linkattacher_msgs:/opt/ros/humble /usr/bin/cmake --install /home/spaceshipecsat/ur_10_CatapultTest/build/ur5_camera_moveit_config
[4.466s] Level 1:colcon.colcon_core.shell:create_environment_hook('ur5_camera_moveit_config', 'cmake_prefix_path')
[4.466s] INFO:colcon.colcon_core.shell:Creating environment hook '/home/spaceshipecsat/ur_10_CatapultTest/install/ur5_camera_moveit_config/share/ur5_camera_moveit_config/hook/cmake_prefix_path.ps1'
[4.466s] INFO:colcon.colcon_core.shell:Creating environment descriptor '/home/spaceshipecsat/ur_10_CatapultTest/install/ur5_camera_moveit_config/share/ur5_camera_moveit_config/hook/cmake_prefix_path.dsv'
[4.467s] INFO:colcon.colcon_core.shell:Creating environment hook '/home/spaceshipecsat/ur_10_CatapultTest/install/ur5_camera_moveit_config/share/ur5_camera_moveit_config/hook/cmake_prefix_path.sh'
[4.467s] Level 1:colcon.colcon_core.environment:checking '/home/spaceshipecsat/ur_10_CatapultTest/install/ur5_camera_moveit_config/bin'
[4.467s] Level 1:colcon.colcon_core.environment:checking '/home/spaceshipecsat/ur_10_CatapultTest/install/ur5_camera_moveit_config/lib/pkgconfig/ur5_camera_moveit_config.pc'
[4.467s] Level 1:colcon.colcon_core.environment:checking '/home/spaceshipecsat/ur_10_CatapultTest/install/ur5_camera_moveit_config/lib/python3.10/site-packages'
[4.467s] Level 1:colcon.colcon_core.environment:checking '/home/spaceshipecsat/ur_10_CatapultTest/install/ur5_camera_moveit_config/bin'
[4.467s] INFO:colcon.colcon_core.shell:Creating package script '/home/spaceshipecsat/ur_10_CatapultTest/install/ur5_camera_moveit_config/share/ur5_camera_moveit_config/package.ps1'
[4.467s] INFO:colcon.colcon_core.shell:Creating package descriptor '/home/spaceshipecsat/ur_10_CatapultTest/install/ur5_camera_moveit_config/share/ur5_camera_moveit_config/package.dsv'
[4.468s] INFO:colcon.colcon_core.shell:Creating package script '/home/spaceshipecsat/ur_10_CatapultTest/install/ur5_camera_moveit_config/share/ur5_camera_moveit_config/package.sh'
[4.468s] INFO:colcon.colcon_core.shell:Creating package script '/home/spaceshipecsat/ur_10_CatapultTest/install/ur5_camera_moveit_config/share/ur5_camera_moveit_config/package.bash'
[4.468s] INFO:colcon.colcon_core.shell:Creating package script '/home/spaceshipecsat/ur_10_CatapultTest/install/ur5_camera_moveit_config/share/ur5_camera_moveit_config/package.zsh'
[4.468s] Level 1:colcon.colcon_core.environment:create_file_with_runtime_dependencies(/home/spaceshipecsat/ur_10_CatapultTest/install/ur5_camera_moveit_config/share/colcon-core/packages/ur5_camera_moveit_config)
[4.468s] Level 1:colcon.colcon_core.environment:create_environment_scripts_only(ur5_camera_moveit_config)
[4.468s] Level 1:colcon.colcon_core.environment:checking '/home/spaceshipecsat/ur_10_CatapultTest/install/ur5_camera_moveit_config' for CMake module files
[4.468s] Level 1:colcon.colcon_core.environment:checking '/home/spaceshipecsat/ur_10_CatapultTest/install/ur5_camera_moveit_config' for CMake config files
[4.468s] Level 1:colcon.colcon_core.shell:create_environment_hook('ur5_camera_moveit_config', 'cmake_prefix_path')
[4.468s] INFO:colcon.colcon_core.shell:Creating environment hook '/home/spaceshipecsat/ur_10_CatapultTest/install/ur5_camera_moveit_config/share/ur5_camera_moveit_config/hook/cmake_prefix_path.ps1'
[4.469s] INFO:colcon.colcon_core.shell:Creating environment descriptor '/home/spaceshipecsat/ur_10_CatapultTest/install/ur5_camera_moveit_config/share/ur5_camera_moveit_config/hook/cmake_prefix_path.dsv'
[4.469s] INFO:colcon.colcon_core.shell:Creating environment hook '/home/spaceshipecsat/ur_10_CatapultTest/install/ur5_camera_moveit_config/share/ur5_camera_moveit_config/hook/cmake_prefix_path.sh'
[4.469s] Level 1:colcon.colcon_core.environment:checking '/home/spaceshipecsat/ur_10_CatapultTest/install/ur5_camera_moveit_config/bin'
[4.469s] Level 1:colcon.colcon_core.environment:checking '/home/spaceshipecsat/ur_10_CatapultTest/install/ur5_camera_moveit_config/lib/pkgconfig/ur5_camera_moveit_config.pc'
[4.469s] Level 1:colcon.colcon_core.environment:checking '/home/spaceshipecsat/ur_10_CatapultTest/install/ur5_camera_moveit_config/lib/python3.10/site-packages'
[4.469s] Level 1:colcon.colcon_core.environment:checking '/home/spaceshipecsat/ur_10_CatapultTest/install/ur5_camera_moveit_config/bin'
[4.469s] INFO:colcon.colcon_core.shell:Creating package script '/home/spaceshipecsat/ur_10_CatapultTest/install/ur5_camera_moveit_config/share/ur5_camera_moveit_config/package.ps1'
[4.470s] INFO:colcon.colcon_core.shell:Creating package descriptor '/home/spaceshipecsat/ur_10_CatapultTest/install/ur5_camera_moveit_config/share/ur5_camera_moveit_config/package.dsv'
[4.470s] INFO:colcon.colcon_core.shell:Creating package script '/home/spaceshipecsat/ur_10_CatapultTest/install/ur5_camera_moveit_config/share/ur5_camera_moveit_config/package.sh'
[4.470s] INFO:colcon.colcon_core.shell:Creating package script '/home/spaceshipecsat/ur_10_CatapultTest/install/ur5_camera_moveit_config/share/ur5_camera_moveit_config/package.bash'
[4.470s] INFO:colcon.colcon_core.shell:Creating package script '/home/spaceshipecsat/ur_10_CatapultTest/install/ur5_camera_moveit_config/share/ur5_camera_moveit_config/package.zsh'
[4.470s] Level 1:colcon.colcon_core.environment:create_file_with_runtime_dependencies(/home/spaceshipecsat/ur_10_CatapultTest/install/ur5_camera_moveit_config/share/colcon-core/packages/ur5_camera_moveit_config)
[4.471s] Level 1:colcon.colcon_core.environment:create_environment_scripts_only(ur10_camera_moveit_config)
[4.471s] Level 1:colcon.colcon_core.environment:checking '/home/spaceshipecsat/ur_10_CatapultTest/install/ur10_camera_moveit_config' for CMake module files
[4.471s] DEBUG:colcon.colcon_core.event_handler.log_command:Invoked command in '/home/spaceshipecsat/ur_10_CatapultTest/build/ur10_camera_moveit_config' returned '0': CMAKE_PREFIX_PATH=/home/spaceshipecsat/ur_10_CatapultTest/install/ur_yt_sim:/home/spaceshipecsat/ur_10_CatapultTest/install/ur_description:/home/spaceshipecsat/ur_10_CatapultTest/install/robotiq_description:/home/spaceshipecsat/ur_10_CatapultTest/install/ur5_camera_moveit_config:/home/spaceshipecsat/ur_10_CatapultTest/install/ur5_camera_gripper_moveit_config:/home/spaceshipecsat/ur_10_CatapultTest/install/ur10_camera_moveit_config:/home/spaceshipecsat/ur_10_CatapultTest/install/ur10_camera_gripper_moveit_config:/home/spaceshipecsat/ur_10_CatapultTest/install/ur_simulation_gazebo:/home/spaceshipecsat/ur_10_CatapultTest/install/ros2_linkattacher:/home/spaceshipecsat/ur_10_CatapultTest/install/robotiq_controllers:/home/spaceshipecsat/ur_10_CatapultTest/install/linkattacher_msgs:/opt/ros/humble /usr/bin/cmake --install /home/spaceshipecsat/ur_10_CatapultTest/build/ur10_camera_moveit_config
[4.471s] Level 1:colcon.colcon_core.environment:checking '/home/spaceshipecsat/ur_10_CatapultTest/install/ur10_camera_moveit_config' for CMake config files
[4.471s] Level 1:colcon.colcon_core.shell:create_environment_hook('ur10_camera_moveit_config', 'cmake_prefix_path')
[4.471s] INFO:colcon.colcon_core.shell:Creating environment hook '/home/spaceshipecsat/ur_10_CatapultTest/install/ur10_camera_moveit_config/share/ur10_camera_moveit_config/hook/cmake_prefix_path.ps1'
[4.472s] INFO:colcon.colcon_core.shell:Creating environment descriptor '/home/spaceshipecsat/ur_10_CatapultTest/install/ur10_camera_moveit_config/share/ur10_camera_moveit_config/hook/cmake_prefix_path.dsv'
[4.472s] INFO:colcon.colcon_core.shell:Creating environment hook '/home/spaceshipecsat/ur_10_CatapultTest/install/ur10_camera_moveit_config/share/ur10_camera_moveit_config/hook/cmake_prefix_path.sh'
[4.472s] Level 1:colcon.colcon_core.environment:checking '/home/spaceshipecsat/ur_10_CatapultTest/install/ur10_camera_moveit_config/bin'
[4.472s] Level 1:colcon.colcon_core.environment:checking '/home/spaceshipecsat/ur_10_CatapultTest/install/ur10_camera_moveit_config/lib/pkgconfig/ur10_camera_moveit_config.pc'
[4.472s] Level 1:colcon.colcon_core.environment:checking '/home/spaceshipecsat/ur_10_CatapultTest/install/ur10_camera_moveit_config/lib/python3.10/site-packages'
[4.472s] Level 1:colcon.colcon_core.environment:checking '/home/spaceshipecsat/ur_10_CatapultTest/install/ur10_camera_moveit_config/bin'
[4.472s] INFO:colcon.colcon_core.shell:Creating package script '/home/spaceshipecsat/ur_10_CatapultTest/install/ur10_camera_moveit_config/share/ur10_camera_moveit_config/package.ps1'
[4.473s] INFO:colcon.colcon_core.shell:Creating package descriptor '/home/spaceshipecsat/ur_10_CatapultTest/install/ur10_camera_moveit_config/share/ur10_camera_moveit_config/package.dsv'
[4.473s] INFO:colcon.colcon_core.shell:Creating package script '/home/spaceshipecsat/ur_10_CatapultTest/install/ur10_camera_moveit_config/share/ur10_camera_moveit_config/package.sh'
[4.473s] INFO:colcon.colcon_core.shell:Creating package script '/home/spaceshipecsat/ur_10_CatapultTest/install/ur10_camera_moveit_config/share/ur10_camera_moveit_config/package.bash'
[4.473s] INFO:colcon.colcon_core.shell:Creating package script '/home/spaceshipecsat/ur_10_CatapultTest/install/ur10_camera_moveit_config/share/ur10_camera_moveit_config/package.zsh'
[4.473s] Level 1:colcon.colcon_core.environment:create_file_with_runtime_dependencies(/home/spaceshipecsat/ur_10_CatapultTest/install/ur10_camera_moveit_config/share/colcon-core/packages/ur10_camera_moveit_config)
[4.473s] Level 1:colcon.colcon_core.environment:create_environment_scripts_only(ur10_camera_moveit_config)
[4.473s] Level 1:colcon.colcon_core.environment:checking '/home/spaceshipecsat/ur_10_CatapultTest/install/ur10_camera_moveit_config' for CMake module files
[4.474s] Level 1:colcon.colcon_core.environment:checking '/home/spaceshipecsat/ur_10_CatapultTest/install/ur10_camera_moveit_config' for CMake config files
[4.474s] Level 1:colcon.colcon_core.shell:create_environment_hook('ur10_camera_moveit_config', 'cmake_prefix_path')
[4.474s] INFO:colcon.colcon_core.shell:Creating environment hook '/home/spaceshipecsat/ur_10_CatapultTest/install/ur10_camera_moveit_config/share/ur10_camera_moveit_config/hook/cmake_prefix_path.ps1'
[4.474s] INFO:colcon.colcon_core.shell:Creating environment descriptor '/home/spaceshipecsat/ur_10_CatapultTest/install/ur10_camera_moveit_config/share/ur10_camera_moveit_config/hook/cmake_prefix_path.dsv'
[4.474s] INFO:colcon.colcon_core.shell:Creating environment hook '/home/spaceshipecsat/ur_10_CatapultTest/install/ur10_camera_moveit_config/share/ur10_camera_moveit_config/hook/cmake_prefix_path.sh'
[4.474s] Level 1:colcon.colcon_core.environment:checking '/home/spaceshipecsat/ur_10_CatapultTest/install/ur10_camera_moveit_config/bin'
[4.474s] Level 1:colcon.colcon_core.environment:checking '/home/spaceshipecsat/ur_10_CatapultTest/install/ur10_camera_moveit_config/lib/pkgconfig/ur10_camera_moveit_config.pc'
[4.474s] Level 1:colcon.colcon_core.environment:checking '/home/spaceshipecsat/ur_10_CatapultTest/install/ur10_camera_moveit_config/lib/python3.10/site-packages'
[4.474s] Level 1:colcon.colcon_core.environment:checking '/home/spaceshipecsat/ur_10_CatapultTest/install/ur10_camera_moveit_config/bin'
[4.474s] INFO:colcon.colcon_core.shell:Creating package script '/home/spaceshipecsat/ur_10_CatapultTest/install/ur10_camera_moveit_config/share/ur10_camera_moveit_config/package.ps1'
[4.475s] INFO:colcon.colcon_core.shell:Creating package descriptor '/home/spaceshipecsat/ur_10_CatapultTest/install/ur10_camera_moveit_config/share/ur10_camera_moveit_config/package.dsv'
[4.475s] INFO:colcon.colcon_core.shell:Creating package script '/home/spaceshipecsat/ur_10_CatapultTest/install/ur10_camera_moveit_config/share/ur10_camera_moveit_config/package.sh'
[4.475s] INFO:colcon.colcon_core.shell:Creating package script '/home/spaceshipecsat/ur_10_CatapultTest/install/ur10_camera_moveit_config/share/ur10_camera_moveit_config/package.bash'
[4.475s] INFO:colcon.colcon_core.shell:Creating package script '/home/spaceshipecsat/ur_10_CatapultTest/install/ur10_camera_moveit_config/share/ur10_camera_moveit_config/package.zsh'
[4.475s] Level 1:colcon.colcon_core.environment:create_file_with_runtime_dependencies(/home/spaceshipecsat/ur_10_CatapultTest/install/ur10_camera_moveit_config/share/colcon-core/packages/ur10_camera_moveit_config)
[4.475s] Level 1:colcon.colcon_core.environment:create_environment_scripts_only(ur5_camera_gripper_moveit_config)
[4.476s] Level 1:colcon.colcon_core.environment:checking '/home/spaceshipecsat/ur_10_CatapultTest/install/ur5_camera_gripper_moveit_config' for CMake module files
[4.476s] DEBUG:colcon.colcon_core.event_handler.log_command:Invoked command in '/home/spaceshipecsat/ur_10_CatapultTest/build/ur5_camera_gripper_moveit_config' returned '0': CMAKE_PREFIX_PATH=/home/spaceshipecsat/ur_10_CatapultTest/install/ur_yt_sim:/home/spaceshipecsat/ur_10_CatapultTest/install/ur_description:/home/spaceshipecsat/ur_10_CatapultTest/install/robotiq_description:/home/spaceshipecsat/ur_10_CatapultTest/install/ur5_camera_moveit_config:/home/spaceshipecsat/ur_10_CatapultTest/install/ur5_camera_gripper_moveit_config:/home/spaceshipecsat/ur_10_CatapultTest/install/ur10_camera_moveit_config:/home/spaceshipecsat/ur_10_CatapultTest/install/ur10_camera_gripper_moveit_config:/home/spaceshipecsat/ur_10_CatapultTest/install/ur_simulation_gazebo:/home/spaceshipecsat/ur_10_CatapultTest/install/ros2_linkattacher:/home/spaceshipecsat/ur_10_CatapultTest/install/robotiq_controllers:/home/spaceshipecsat/ur_10_CatapultTest/install/linkattacher_msgs:/opt/ros/humble /usr/bin/cmake --install /home/spaceshipecsat/ur_10_CatapultTest/build/ur5_camera_gripper_moveit_config
[4.476s] Level 1:colcon.colcon_core.environment:checking '/home/spaceshipecsat/ur_10_CatapultTest/install/ur5_camera_gripper_moveit_config' for CMake config files
[4.476s] Level 1:colcon.colcon_core.shell:create_environment_hook('ur5_camera_gripper_moveit_config', 'cmake_prefix_path')
[4.476s] INFO:colcon.colcon_core.shell:Creating environment hook '/home/spaceshipecsat/ur_10_CatapultTest/install/ur5_camera_gripper_moveit_config/share/ur5_camera_gripper_moveit_config/hook/cmake_prefix_path.ps1'
[4.476s] INFO:colcon.colcon_core.shell:Creating environment descriptor '/home/spaceshipecsat/ur_10_CatapultTest/install/ur5_camera_gripper_moveit_config/share/ur5_camera_gripper_moveit_config/hook/cmake_prefix_path.dsv'
[4.476s] INFO:colcon.colcon_core.shell:Creating environment hook '/home/spaceshipecsat/ur_10_CatapultTest/install/ur5_camera_gripper_moveit_config/share/ur5_camera_gripper_moveit_config/hook/cmake_prefix_path.sh'
[4.477s] Level 1:colcon.colcon_core.environment:checking '/home/spaceshipecsat/ur_10_CatapultTest/install/ur5_camera_gripper_moveit_config/bin'
[4.477s] Level 1:colcon.colcon_core.environment:checking '/home/spaceshipecsat/ur_10_CatapultTest/install/ur5_camera_gripper_moveit_config/lib/pkgconfig/ur5_camera_gripper_moveit_config.pc'
[4.477s] Level 1:colcon.colcon_core.environment:checking '/home/spaceshipecsat/ur_10_CatapultTest/install/ur5_camera_gripper_moveit_config/lib/python3.10/site-packages'
[4.477s] Level 1:colcon.colcon_core.environment:checking '/home/spaceshipecsat/ur_10_CatapultTest/install/ur5_camera_gripper_moveit_config/bin'
[4.477s] INFO:colcon.colcon_core.shell:Creating package script '/home/spaceshipecsat/ur_10_CatapultTest/install/ur5_camera_gripper_moveit_config/share/ur5_camera_gripper_moveit_config/package.ps1'
[4.477s] INFO:colcon.colcon_core.shell:Creating package descriptor '/home/spaceshipecsat/ur_10_CatapultTest/install/ur5_camera_gripper_moveit_config/share/ur5_camera_gripper_moveit_config/package.dsv'
[4.477s] INFO:colcon.colcon_core.shell:Creating package script '/home/spaceshipecsat/ur_10_CatapultTest/install/ur5_camera_gripper_moveit_config/share/ur5_camera_gripper_moveit_config/package.sh'
[4.477s] INFO:colcon.colcon_core.shell:Creating package script '/home/spaceshipecsat/ur_10_CatapultTest/install/ur5_camera_gripper_moveit_config/share/ur5_camera_gripper_moveit_config/package.bash'
[4.478s] INFO:colcon.colcon_core.shell:Creating package script '/home/spaceshipecsat/ur_10_CatapultTest/install/ur5_camera_gripper_moveit_config/share/ur5_camera_gripper_moveit_config/package.zsh'
[4.478s] Level 1:colcon.colcon_core.environment:create_file_with_runtime_dependencies(/home/spaceshipecsat/ur_10_CatapultTest/install/ur5_camera_gripper_moveit_config/share/colcon-core/packages/ur5_camera_gripper_moveit_config)
[4.478s] Level 1:colcon.colcon_core.environment:create_environment_scripts_only(ur5_camera_gripper_moveit_config)
[4.478s] Level 1:colcon.colcon_core.environment:checking '/home/spaceshipecsat/ur_10_CatapultTest/install/ur5_camera_gripper_moveit_config' for CMake module files
[4.478s] Level 1:colcon.colcon_core.environment:checking '/home/spaceshipecsat/ur_10_CatapultTest/install/ur5_camera_gripper_moveit_config' for CMake config files
[4.478s] Level 1:colcon.colcon_core.shell:create_environment_hook('ur5_camera_gripper_moveit_config', 'cmake_prefix_path')
[4.478s] INFO:colcon.colcon_core.shell:Creating environment hook '/home/spaceshipecsat/ur_10_CatapultTest/install/ur5_camera_gripper_moveit_config/share/ur5_camera_gripper_moveit_config/hook/cmake_prefix_path.ps1'
[4.478s] INFO:colcon.colcon_core.shell:Creating environment descriptor '/home/spaceshipecsat/ur_10_CatapultTest/install/ur5_camera_gripper_moveit_config/share/ur5_camera_gripper_moveit_config/hook/cmake_prefix_path.dsv'
[4.479s] INFO:colcon.colcon_core.shell:Creating environment hook '/home/spaceshipecsat/ur_10_CatapultTest/install/ur5_camera_gripper_moveit_config/share/ur5_camera_gripper_moveit_config/hook/cmake_prefix_path.sh'
[4.479s] Level 1:colcon.colcon_core.environment:checking '/home/spaceshipecsat/ur_10_CatapultTest/install/ur5_camera_gripper_moveit_config/bin'
[4.479s] Level 1:colcon.colcon_core.environment:checking '/home/spaceshipecsat/ur_10_CatapultTest/install/ur5_camera_gripper_moveit_config/lib/pkgconfig/ur5_camera_gripper_moveit_config.pc'
[4.479s] Level 1:colcon.colcon_core.environment:checking '/home/spaceshipecsat/ur_10_CatapultTest/install/ur5_camera_gripper_moveit_config/lib/python3.10/site-packages'
[4.479s] Level 1:colcon.colcon_core.environment:checking '/home/spaceshipecsat/ur_10_CatapultTest/install/ur5_camera_gripper_moveit_config/bin'
[4.479s] INFO:colcon.colcon_core.shell:Creating package script '/home/spaceshipecsat/ur_10_CatapultTest/install/ur5_camera_gripper_moveit_config/share/ur5_camera_gripper_moveit_config/package.ps1'
[4.479s] INFO:colcon.colcon_core.shell:Creating package descriptor '/home/spaceshipecsat/ur_10_CatapultTest/install/ur5_camera_gripper_moveit_config/share/ur5_camera_gripper_moveit_config/package.dsv'
[4.479s] INFO:colcon.colcon_core.shell:Creating package script '/home/spaceshipecsat/ur_10_CatapultTest/install/ur5_camera_gripper_moveit_config/share/ur5_camera_gripper_moveit_config/package.sh'
[4.480s] INFO:colcon.colcon_core.shell:Creating package script '/home/spaceshipecsat/ur_10_CatapultTest/install/ur5_camera_gripper_moveit_config/share/ur5_camera_gripper_moveit_config/package.bash'
[4.480s] INFO:colcon.colcon_core.shell:Creating package script '/home/spaceshipecsat/ur_10_CatapultTest/install/ur5_camera_gripper_moveit_config/share/ur5_camera_gripper_moveit_config/package.zsh'
[4.480s] Level 1:colcon.colcon_core.environment:create_file_with_runtime_dependencies(/home/spaceshipecsat/ur_10_CatapultTest/install/ur5_camera_gripper_moveit_config/share/colcon-core/packages/ur5_camera_gripper_moveit_config)
[4.480s] Level 1:colcon.colcon_core.environment:create_environment_scripts_only(ur10_camera_gripper_moveit_config)
[4.480s] Level 1:colcon.colcon_core.environment:checking '/home/spaceshipecsat/ur_10_CatapultTest/install/ur10_camera_gripper_moveit_config' for CMake module files
[4.480s] DEBUG:colcon.colcon_core.event_handler.log_command:Invoked command in '/home/spaceshipecsat/ur_10_CatapultTest/build/ur10_camera_gripper_moveit_config' returned '0': CMAKE_PREFIX_PATH=/home/spaceshipecsat/ur_10_CatapultTest/install/ur_yt_sim:/home/spaceshipecsat/ur_10_CatapultTest/install/ur_description:/home/spaceshipecsat/ur_10_CatapultTest/install/robotiq_description:/home/spaceshipecsat/ur_10_CatapultTest/install/ur5_camera_moveit_config:/home/spaceshipecsat/ur_10_CatapultTest/install/ur5_camera_gripper_moveit_config:/home/spaceshipecsat/ur_10_CatapultTest/install/ur10_camera_moveit_config:/home/spaceshipecsat/ur_10_CatapultTest/install/ur10_camera_gripper_moveit_config:/home/spaceshipecsat/ur_10_CatapultTest/install/ur_simulation_gazebo:/home/spaceshipecsat/ur_10_CatapultTest/install/ros2_linkattacher:/home/spaceshipecsat/ur_10_CatapultTest/install/robotiq_controllers:/home/spaceshipecsat/ur_10_CatapultTest/install/linkattacher_msgs:/opt/ros/humble /usr/bin/cmake --install /home/spaceshipecsat/ur_10_CatapultTest/build/ur10_camera_gripper_moveit_config
[4.480s] Level 1:colcon.colcon_core.environment:checking '/home/spaceshipecsat/ur_10_CatapultTest/install/ur10_camera_gripper_moveit_config' for CMake config files
[4.480s] Level 1:colcon.colcon_core.shell:create_environment_hook('ur10_camera_gripper_moveit_config', 'cmake_prefix_path')
[4.481s] INFO:colcon.colcon_core.shell:Creating environment hook '/home/spaceshipecsat/ur_10_CatapultTest/install/ur10_camera_gripper_moveit_config/share/ur10_camera_gripper_moveit_config/hook/cmake_prefix_path.ps1'
[4.481s] INFO:colcon.colcon_core.shell:Creating environment descriptor '/home/spaceshipecsat/ur_10_CatapultTest/install/ur10_camera_gripper_moveit_config/share/ur10_camera_gripper_moveit_config/hook/cmake_prefix_path.dsv'
[4.481s] INFO:colcon.colcon_core.shell:Creating environment hook '/home/spaceshipecsat/ur_10_CatapultTest/install/ur10_camera_gripper_moveit_config/share/ur10_camera_gripper_moveit_config/hook/cmake_prefix_path.sh'
[4.481s] Level 1:colcon.colcon_core.environment:checking '/home/spaceshipecsat/ur_10_CatapultTest/install/ur10_camera_gripper_moveit_config/bin'
[4.481s] Level 1:colcon.colcon_core.environment:checking '/home/spaceshipecsat/ur_10_CatapultTest/install/ur10_camera_gripper_moveit_config/lib/pkgconfig/ur10_camera_gripper_moveit_config.pc'
[4.481s] Level 1:colcon.colcon_core.environment:checking '/home/spaceshipecsat/ur_10_CatapultTest/install/ur10_camera_gripper_moveit_config/lib/python3.10/site-packages'
[4.481s] Level 1:colcon.colcon_core.environment:checking '/home/spaceshipecsat/ur_10_CatapultTest/install/ur10_camera_gripper_moveit_config/bin'
[4.481s] INFO:colcon.colcon_core.shell:Creating package script '/home/spaceshipecsat/ur_10_CatapultTest/install/ur10_camera_gripper_moveit_config/share/ur10_camera_gripper_moveit_config/package.ps1'
[4.481s] INFO:colcon.colcon_core.shell:Creating package descriptor '/home/spaceshipecsat/ur_10_CatapultTest/install/ur10_camera_gripper_moveit_config/share/ur10_camera_gripper_moveit_config/package.dsv'
[4.482s] INFO:colcon.colcon_core.shell:Creating package script '/home/spaceshipecsat/ur_10_CatapultTest/install/ur10_camera_gripper_moveit_config/share/ur10_camera_gripper_moveit_config/package.sh'
[4.482s] INFO:colcon.colcon_core.shell:Creating package script '/home/spaceshipecsat/ur_10_CatapultTest/install/ur10_camera_gripper_moveit_config/share/ur10_camera_gripper_moveit_config/package.bash'
[4.482s] INFO:colcon.colcon_core.shell:Creating package script '/home/spaceshipecsat/ur_10_CatapultTest/install/ur10_camera_gripper_moveit_config/share/ur10_camera_gripper_moveit_config/package.zsh'
[4.482s] Level 1:colcon.colcon_core.environment:create_file_with_runtime_dependencies(/home/spaceshipecsat/ur_10_CatapultTest/install/ur10_camera_gripper_moveit_config/share/colcon-core/packages/ur10_camera_gripper_moveit_config)
[4.482s] Level 1:colcon.colcon_core.environment:create_environment_scripts_only(ur10_camera_gripper_moveit_config)
[4.482s] Level 1:colcon.colcon_core.environment:checking '/home/spaceshipecsat/ur_10_CatapultTest/install/ur10_camera_gripper_moveit_config' for CMake module files
[4.482s] Level 1:colcon.colcon_core.environment:checking '/home/spaceshipecsat/ur_10_CatapultTest/install/ur10_camera_gripper_moveit_config' for CMake config files
[4.482s] Level 1:colcon.colcon_core.shell:create_environment_hook('ur10_camera_gripper_moveit_config', 'cmake_prefix_path')
[4.483s] INFO:colcon.colcon_core.shell:Creating environment hook '/home/spaceshipecsat/ur_10_CatapultTest/install/ur10_camera_gripper_moveit_config/share/ur10_camera_gripper_moveit_config/hook/cmake_prefix_path.ps1'
[4.483s] INFO:colcon.colcon_core.shell:Creating environment descriptor '/home/spaceshipecsat/ur_10_CatapultTest/install/ur10_camera_gripper_moveit_config/share/ur10_camera_gripper_moveit_config/hook/cmake_prefix_path.dsv'
[4.483s] INFO:colcon.colcon_core.shell:Creating environment hook '/home/spaceshipecsat/ur_10_CatapultTest/install/ur10_camera_gripper_moveit_config/share/ur10_camera_gripper_moveit_config/hook/cmake_prefix_path.sh'
[4.483s] Level 1:colcon.colcon_core.environment:checking '/home/spaceshipecsat/ur_10_CatapultTest/install/ur10_camera_gripper_moveit_config/bin'
[4.483s] Level 1:colcon.colcon_core.environment:checking '/home/spaceshipecsat/ur_10_CatapultTest/install/ur10_camera_gripper_moveit_config/lib/pkgconfig/ur10_camera_gripper_moveit_config.pc'
[4.483s] Level 1:colcon.colcon_core.environment:checking '/home/spaceshipecsat/ur_10_CatapultTest/install/ur10_camera_gripper_moveit_config/lib/python3.10/site-packages'
[4.483s] Level 1:colcon.colcon_core.environment:checking '/home/spaceshipecsat/ur_10_CatapultTest/install/ur10_camera_gripper_moveit_config/bin'
[4.483s] INFO:colcon.colcon_core.shell:Creating package script '/home/spaceshipecsat/ur_10_CatapultTest/install/ur10_camera_gripper_moveit_config/share/ur10_camera_gripper_moveit_config/package.ps1'
[4.484s] INFO:colcon.colcon_core.shell:Creating package descriptor '/home/spaceshipecsat/ur_10_CatapultTest/install/ur10_camera_gripper_moveit_config/share/ur10_camera_gripper_moveit_config/package.dsv'
[4.484s] INFO:colcon.colcon_core.shell:Creating package script '/home/spaceshipecsat/ur_10_CatapultTest/install/ur10_camera_gripper_moveit_config/share/ur10_camera_gripper_moveit_config/package.sh'
[4.484s] INFO:colcon.colcon_core.shell:Creating package script '/home/spaceshipecsat/ur_10_CatapultTest/install/ur10_camera_gripper_moveit_config/share/ur10_camera_gripper_moveit_config/package.bash'
[4.484s] INFO:colcon.colcon_core.shell:Creating package script '/home/spaceshipecsat/ur_10_CatapultTest/install/ur10_camera_gripper_moveit_config/share/ur10_camera_gripper_moveit_config/package.zsh'
[4.484s] Level 1:colcon.colcon_core.environment:create_file_with_runtime_dependencies(/home/spaceshipecsat/ur_10_CatapultTest/install/ur10_camera_gripper_moveit_config/share/colcon-core/packages/ur10_camera_gripper_moveit_config)
[4.484s] DEBUG:colcon.colcon_parallel_executor.executor.parallel:closing loop
[4.484s] DEBUG:colcon.colcon_parallel_executor.executor.parallel:loop closed
[4.484s] DEBUG:colcon.colcon_parallel_executor.executor.parallel:run_until_complete finished with '0'
[4.484s] DEBUG:colcon.colcon_core.event_reactor:joining thread
[4.487s] INFO:colcon.colcon_core.plugin_system:Skipping extension 'colcon_notification.desktop_notification.terminal_notifier': Not used on non-Darwin systems
[4.487s] INFO:colcon.colcon_core.plugin_system:Skipping extension 'colcon_notification.desktop_notification.win32': Not used on non-Windows systems
[4.487s] INFO:colcon.colcon_notification.desktop_notification:Sending desktop notification using 'notify2'
[4.492s] DEBUG:colcon.colcon_core.event_reactor:joined thread
[4.492s] INFO:colcon.colcon_core.shell:Creating prefix script '/home/spaceshipecsat/ur_10_CatapultTest/install/local_setup.ps1'
[4.493s] INFO:colcon.colcon_core.shell:Creating prefix util module '/home/spaceshipecsat/ur_10_CatapultTest/install/_local_setup_util_ps1.py'
[4.493s] INFO:colcon.colcon_core.shell:Creating prefix chain script '/home/spaceshipecsat/ur_10_CatapultTest/install/setup.ps1'
[4.494s] INFO:colcon.colcon_core.shell:Creating prefix script '/home/spaceshipecsat/ur_10_CatapultTest/install/local_setup.sh'
[4.494s] INFO:colcon.colcon_core.shell:Creating prefix util module '/home/spaceshipecsat/ur_10_CatapultTest/install/_local_setup_util_sh.py'
[4.494s] INFO:colcon.colcon_core.shell:Creating prefix chain script '/home/spaceshipecsat/ur_10_CatapultTest/install/setup.sh'
[4.495s] INFO:colcon.colcon_core.shell:Creating prefix script '/home/spaceshipecsat/ur_10_CatapultTest/install/local_setup.bash'
[4.495s] INFO:colcon.colcon_core.shell:Creating prefix chain script '/home/spaceshipecsat/ur_10_CatapultTest/install/setup.bash'
[4.495s] INFO:colcon.colcon_core.shell:Creating prefix script '/home/spaceshipecsat/ur_10_CatapultTest/install/local_setup.zsh'
[4.495s] INFO:colcon.colcon_core.shell:Creating prefix chain script '/home/spaceshipecsat/ur_10_CatapultTest/install/setup.zsh'
