[0.053s] DEBUG:colcon:Command line arguments: ['/usr/bin/colcon', 'build', '--symlink-install']
[0.053s] DEBUG:colcon:Parsed command line arguments: Namespace(log_base=None, log_level=None, verb_name='build', build_base='build', install_base='install', merge_install=False, symlink_install=True, test_result_base=None, continue_on_error=False, executor='parallel', parallel_workers=32, event_handlers=None, ignore_user_meta=False, metas=['./colcon.meta'], base_paths=['.'], packages_ignore=None, packages_ignore_regex=None, paths=None, packages_up_to=None, packages_up_to_regex=None, packages_above=None, packages_above_and_dependencies=None, packages_above_depth=None, packages_select_by_dep=None, packages_skip_by_dep=None, packages_skip_up_to=None, packages_select_build_failed=False, packages_skip_build_finished=False, packages_select_test_failures=False, packages_skip_test_passed=False, packages_select=None, packages_skip=None, packages_select_regex=None, packages_skip_regex=None, packages_start=None, packages_end=None, allow_overriding=[], cmake_args=None, cmake_target=None, cmake_target_skip_unavailable=False, cmake_clean_cache=False, cmake_clean_first=False, cmake_force_configure=False, ament_cmake_args=None, catkin_cmake_args=None, catkin_skip_building_tests=False, verb_parser=<colcon_defaults.argument_parser.defaults.DefaultArgumentsDecorator object at 0x71a03871c820>, verb_extension=<colcon_core.verb.build.BuildVerb object at 0x71a0386e7a60>, main=<bound method BuildVerb.main of <colcon_core.verb.build.BuildVerb object at 0x71a0386e7a60>>)
[0.124s] Level 1:colcon.colcon_core.package_discovery:discover_packages(colcon_meta) check parameters
[0.124s] Level 1:colcon.colcon_core.package_discovery:discover_packages(recursive) check parameters
[0.124s] Level 1:colcon.colcon_core.package_discovery:discover_packages(ignore) check parameters
[0.124s] Level 1:colcon.colcon_core.package_discovery:discover_packages(path) check parameters
[0.124s] Level 1:colcon.colcon_core.package_discovery:discover_packages(colcon_meta) discover
[0.124s] Level 1:colcon.colcon_core.package_discovery:discover_packages(recursive) discover
[0.124s] INFO:colcon.colcon_core.package_discovery:Crawling recursively for packages in '/home/spaceshipecsat/ur_10_CatapultTest'
[0.124s] Level 1:colcon.colcon_core.package_identification:_identify(.) by extensions ['ignore', 'ignore_ament_install']
[0.124s] Level 1:colcon.colcon_core.package_identification:_identify(.) by extension 'ignore'
[0.124s] Level 1:colcon.colcon_core.package_identification:_identify(.) by extension 'ignore_ament_install'
[0.124s] Level 1:colcon.colcon_core.package_identification:_identify(.) by extensions ['colcon_pkg']
[0.124s] Level 1:colcon.colcon_core.package_identification:_identify(.) by extension 'colcon_pkg'
[0.124s] Level 1:colcon.colcon_core.package_identification:_identify(.) by extensions ['colcon_meta']
[0.124s] Level 1:colcon.colcon_core.package_identification:_identify(.) by extension 'colcon_meta'
[0.124s] Level 1:colcon.colcon_core.package_identification:_identify(.) by extensions ['ros']
[0.124s] Level 1:colcon.colcon_core.package_identification:_identify(.) by extension 'ros'
[0.129s] Level 1:colcon.colcon_core.package_identification:_identify(.) by extensions ['cmake', 'python']
[0.129s] Level 1:colcon.colcon_core.package_identification:_identify(.) by extension 'cmake'
[0.129s] Level 1:colcon.colcon_core.package_identification:_identify(.) by extension 'python'
[0.129s] Level 1:colcon.colcon_core.package_identification:_identify(.) by extensions ['python_setup_py']
[0.129s] Level 1:colcon.colcon_core.package_identification:_identify(.) by extension 'python_setup_py'
[0.129s] Level 1:colcon.colcon_core.package_identification:_identify(build) by extensions ['ignore', 'ignore_ament_install']
[0.129s] Level 1:colcon.colcon_core.package_identification:_identify(build) by extension 'ignore'
[0.129s] Level 1:colcon.colcon_core.package_identification:_identify(build) ignored
[0.129s] Level 1:colcon.colcon_core.package_identification:_identify(install) by extensions ['ignore', 'ignore_ament_install']
[0.129s] Level 1:colcon.colcon_core.package_identification:_identify(install) by extension 'ignore'
[0.129s] Level 1:colcon.colcon_core.package_identification:_identify(install) ignored
[0.129s] Level 1:colcon.colcon_core.package_identification:_identify(log) by extensions ['ignore', 'ignore_ament_install']
[0.129s] Level 1:colcon.colcon_core.package_identification:_identify(log) by extension 'ignore'
[0.129s] Level 1:colcon.colcon_core.package_identification:_identify(log) ignored
[0.129s] Level 1:colcon.colcon_core.package_identification:_identify(src) by extensions ['ignore', 'ignore_ament_install']
[0.129s] Level 1:colcon.colcon_core.package_identification:_identify(src) by extension 'ignore'
[0.130s] Level 1:colcon.colcon_core.package_identification:_identify(src) by extension 'ignore_ament_install'
[0.130s] Level 1:colcon.colcon_core.package_identification:_identify(src) by extensions ['colcon_pkg']
[0.130s] Level 1:colcon.colcon_core.package_identification:_identify(src) by extension 'colcon_pkg'
[0.130s] Level 1:colcon.colcon_core.package_identification:_identify(src) by extensions ['colcon_meta']
[0.130s] Level 1:colcon.colcon_core.package_identification:_identify(src) by extension 'colcon_meta'
[0.130s] Level 1:colcon.colcon_core.package_identification:_identify(src) by extensions ['ros']
[0.130s] Level 1:colcon.colcon_core.package_identification:_identify(src) by extension 'ros'
[0.130s] Level 1:colcon.colcon_core.package_identification:_identify(src) by extensions ['cmake', 'python']
[0.130s] Level 1:colcon.colcon_core.package_identification:_identify(src) by extension 'cmake'
[0.130s] Level 1:colcon.colcon_core.package_identification:_identify(src) by extension 'python'
[0.130s] Level 1:colcon.colcon_core.package_identification:_identify(src) by extensions ['python_setup_py']
[0.130s] Level 1:colcon.colcon_core.package_identification:_identify(src) by extension 'python_setup_py'
[0.130s] Level 1:colcon.colcon_core.package_identification:_identify(src/IFRA_LinkAttacher) by extensions ['ignore', 'ignore_ament_install']
[0.130s] Level 1:colcon.colcon_core.package_identification:_identify(src/IFRA_LinkAttacher) by extension 'ignore'
[0.130s] Level 1:colcon.colcon_core.package_identification:_identify(src/IFRA_LinkAttacher) by extension 'ignore_ament_install'
[0.130s] Level 1:colcon.colcon_core.package_identification:_identify(src/IFRA_LinkAttacher) by extensions ['colcon_pkg']
[0.130s] Level 1:colcon.colcon_core.package_identification:_identify(src/IFRA_LinkAttacher) by extension 'colcon_pkg'
[0.130s] Level 1:colcon.colcon_core.package_identification:_identify(src/IFRA_LinkAttacher) by extensions ['colcon_meta']
[0.130s] Level 1:colcon.colcon_core.package_identification:_identify(src/IFRA_LinkAttacher) by extension 'colcon_meta'
[0.130s] Level 1:colcon.colcon_core.package_identification:_identify(src/IFRA_LinkAttacher) by extensions ['ros']
[0.130s] Level 1:colcon.colcon_core.package_identification:_identify(src/IFRA_LinkAttacher) by extension 'ros'
[0.130s] Level 1:colcon.colcon_core.package_identification:_identify(src/IFRA_LinkAttacher) by extensions ['cmake', 'python']
[0.130s] Level 1:colcon.colcon_core.package_identification:_identify(src/IFRA_LinkAttacher) by extension 'cmake'
[0.130s] Level 1:colcon.colcon_core.package_identification:_identify(src/IFRA_LinkAttacher) by extension 'python'
[0.130s] Level 1:colcon.colcon_core.package_identification:_identify(src/IFRA_LinkAttacher) by extensions ['python_setup_py']
[0.130s] Level 1:colcon.colcon_core.package_identification:_identify(src/IFRA_LinkAttacher) by extension 'python_setup_py'
[0.130s] Level 1:colcon.colcon_core.package_identification:_identify(src/IFRA_LinkAttacher/linkattacher_msgs) by extensions ['ignore', 'ignore_ament_install']
[0.130s] Level 1:colcon.colcon_core.package_identification:_identify(src/IFRA_LinkAttacher/linkattacher_msgs) by extension 'ignore'
[0.130s] Level 1:colcon.colcon_core.package_identification:_identify(src/IFRA_LinkAttacher/linkattacher_msgs) by extension 'ignore_ament_install'
[0.130s] Level 1:colcon.colcon_core.package_identification:_identify(src/IFRA_LinkAttacher/linkattacher_msgs) by extensions ['colcon_pkg']
[0.130s] Level 1:colcon.colcon_core.package_identification:_identify(src/IFRA_LinkAttacher/linkattacher_msgs) by extension 'colcon_pkg'
[0.130s] Level 1:colcon.colcon_core.package_identification:_identify(src/IFRA_LinkAttacher/linkattacher_msgs) by extensions ['colcon_meta']
[0.130s] Level 1:colcon.colcon_core.package_identification:_identify(src/IFRA_LinkAttacher/linkattacher_msgs) by extension 'colcon_meta'
[0.130s] Level 1:colcon.colcon_core.package_identification:_identify(src/IFRA_LinkAttacher/linkattacher_msgs) by extensions ['ros']
[0.130s] Level 1:colcon.colcon_core.package_identification:_identify(src/IFRA_LinkAttacher/linkattacher_msgs) by extension 'ros'
[0.131s] DEBUG:colcon.colcon_core.package_identification:Package 'src/IFRA_LinkAttacher/linkattacher_msgs' with type 'ros.ament_cmake' and name 'linkattacher_msgs'
[0.131s] Level 1:colcon.colcon_core.package_identification:_identify(src/IFRA_LinkAttacher/ros2_LinkAttacher) by extensions ['ignore', 'ignore_ament_install']
[0.131s] Level 1:colcon.colcon_core.package_identification:_identify(src/IFRA_LinkAttacher/ros2_LinkAttacher) by extension 'ignore'
[0.131s] Level 1:colcon.colcon_core.package_identification:_identify(src/IFRA_LinkAttacher/ros2_LinkAttacher) by extension 'ignore_ament_install'
[0.131s] Level 1:colcon.colcon_core.package_identification:_identify(src/IFRA_LinkAttacher/ros2_LinkAttacher) by extensions ['colcon_pkg']
[0.131s] Level 1:colcon.colcon_core.package_identification:_identify(src/IFRA_LinkAttacher/ros2_LinkAttacher) by extension 'colcon_pkg'
[0.131s] Level 1:colcon.colcon_core.package_identification:_identify(src/IFRA_LinkAttacher/ros2_LinkAttacher) by extensions ['colcon_meta']
[0.131s] Level 1:colcon.colcon_core.package_identification:_identify(src/IFRA_LinkAttacher/ros2_LinkAttacher) by extension 'colcon_meta'
[0.131s] Level 1:colcon.colcon_core.package_identification:_identify(src/IFRA_LinkAttacher/ros2_LinkAttacher) by extensions ['ros']
[0.131s] Level 1:colcon.colcon_core.package_identification:_identify(src/IFRA_LinkAttacher/ros2_LinkAttacher) by extension 'ros'
[0.132s] DEBUG:colcon.colcon_core.package_identification:Package 'src/IFRA_LinkAttacher/ros2_LinkAttacher' with type 'ros.ament_cmake' and name 'ros2_linkattacher'
[0.132s] Level 1:colcon.colcon_core.package_identification:_identify(src/Universal_Robots_ROS2_Description) by extensions ['ignore', 'ignore_ament_install']
[0.132s] Level 1:colcon.colcon_core.package_identification:_identify(src/Universal_Robots_ROS2_Description) by extension 'ignore'
[0.132s] Level 1:colcon.colcon_core.package_identification:_identify(src/Universal_Robots_ROS2_Description) by extension 'ignore_ament_install'
[0.132s] Level 1:colcon.colcon_core.package_identification:_identify(src/Universal_Robots_ROS2_Description) by extensions ['colcon_pkg']
[0.132s] Level 1:colcon.colcon_core.package_identification:_identify(src/Universal_Robots_ROS2_Description) by extension 'colcon_pkg'
[0.132s] Level 1:colcon.colcon_core.package_identification:_identify(src/Universal_Robots_ROS2_Description) by extensions ['colcon_meta']
[0.132s] Level 1:colcon.colcon_core.package_identification:_identify(src/Universal_Robots_ROS2_Description) by extension 'colcon_meta'
[0.132s] Level 1:colcon.colcon_core.package_identification:_identify(src/Universal_Robots_ROS2_Description) by extensions ['ros']
[0.132s] Level 1:colcon.colcon_core.package_identification:_identify(src/Universal_Robots_ROS2_Description) by extension 'ros'
[0.133s] DEBUG:colcon.colcon_core.package_identification:Package 'src/Universal_Robots_ROS2_Description' with type 'ros.ament_cmake' and name 'ur_description'
[0.133s] Level 1:colcon.colcon_core.package_identification:_identify(src/Universal_Robots_ROS2_Gazebo_Simulation) by extensions ['ignore', 'ignore_ament_install']
[0.133s] Level 1:colcon.colcon_core.package_identification:_identify(src/Universal_Robots_ROS2_Gazebo_Simulation) by extension 'ignore'
[0.133s] Level 1:colcon.colcon_core.package_identification:_identify(src/Universal_Robots_ROS2_Gazebo_Simulation) by extension 'ignore_ament_install'
[0.133s] Level 1:colcon.colcon_core.package_identification:_identify(src/Universal_Robots_ROS2_Gazebo_Simulation) by extensions ['colcon_pkg']
[0.133s] Level 1:colcon.colcon_core.package_identification:_identify(src/Universal_Robots_ROS2_Gazebo_Simulation) by extension 'colcon_pkg'
[0.133s] Level 1:colcon.colcon_core.package_identification:_identify(src/Universal_Robots_ROS2_Gazebo_Simulation) by extensions ['colcon_meta']
[0.133s] Level 1:colcon.colcon_core.package_identification:_identify(src/Universal_Robots_ROS2_Gazebo_Simulation) by extension 'colcon_meta'
[0.133s] Level 1:colcon.colcon_core.package_identification:_identify(src/Universal_Robots_ROS2_Gazebo_Simulation) by extensions ['ros']
[0.133s] Level 1:colcon.colcon_core.package_identification:_identify(src/Universal_Robots_ROS2_Gazebo_Simulation) by extension 'ros'
[0.133s] Level 1:colcon.colcon_core.package_identification:_identify(src/Universal_Robots_ROS2_Gazebo_Simulation) by extensions ['cmake', 'python']
[0.133s] Level 1:colcon.colcon_core.package_identification:_identify(src/Universal_Robots_ROS2_Gazebo_Simulation) by extension 'cmake'
[0.133s] Level 1:colcon.colcon_core.package_identification:_identify(src/Universal_Robots_ROS2_Gazebo_Simulation) by extension 'python'
[0.133s] Level 1:colcon.colcon_core.package_identification:_identify(src/Universal_Robots_ROS2_Gazebo_Simulation) by extensions ['python_setup_py']
[0.133s] Level 1:colcon.colcon_core.package_identification:_identify(src/Universal_Robots_ROS2_Gazebo_Simulation) by extension 'python_setup_py'
[0.133s] Level 1:colcon.colcon_core.package_identification:_identify(src/Universal_Robots_ROS2_Gazebo_Simulation/ur_simulation_gazebo) by extensions ['ignore', 'ignore_ament_install']
[0.133s] Level 1:colcon.colcon_core.package_identification:_identify(src/Universal_Robots_ROS2_Gazebo_Simulation/ur_simulation_gazebo) by extension 'ignore'
[0.133s] Level 1:colcon.colcon_core.package_identification:_identify(src/Universal_Robots_ROS2_Gazebo_Simulation/ur_simulation_gazebo) by extension 'ignore_ament_install'
[0.133s] Level 1:colcon.colcon_core.package_identification:_identify(src/Universal_Robots_ROS2_Gazebo_Simulation/ur_simulation_gazebo) by extensions ['colcon_pkg']
[0.133s] Level 1:colcon.colcon_core.package_identification:_identify(src/Universal_Robots_ROS2_Gazebo_Simulation/ur_simulation_gazebo) by extension 'colcon_pkg'
[0.133s] Level 1:colcon.colcon_core.package_identification:_identify(src/Universal_Robots_ROS2_Gazebo_Simulation/ur_simulation_gazebo) by extensions ['colcon_meta']
[0.133s] Level 1:colcon.colcon_core.package_identification:_identify(src/Universal_Robots_ROS2_Gazebo_Simulation/ur_simulation_gazebo) by extension 'colcon_meta'
[0.133s] Level 1:colcon.colcon_core.package_identification:_identify(src/Universal_Robots_ROS2_Gazebo_Simulation/ur_simulation_gazebo) by extensions ['ros']
[0.133s] Level 1:colcon.colcon_core.package_identification:_identify(src/Universal_Robots_ROS2_Gazebo_Simulation/ur_simulation_gazebo) by extension 'ros'
[0.133s] DEBUG:colcon.colcon_core.package_identification:Package 'src/Universal_Robots_ROS2_Gazebo_Simulation/ur_simulation_gazebo' with type 'ros.ament_cmake' and name 'ur_simulation_gazebo'
[0.133s] Level 1:colcon.colcon_core.package_identification:_identify(src/aruco_markers) by extensions ['ignore', 'ignore_ament_install']
[0.134s] Level 1:colcon.colcon_core.package_identification:_identify(src/aruco_markers) by extension 'ignore'
[0.134s] Level 1:colcon.colcon_core.package_identification:_identify(src/aruco_markers) by extension 'ignore_ament_install'
[0.134s] Level 1:colcon.colcon_core.package_identification:_identify(src/aruco_markers) by extensions ['colcon_pkg']
[0.134s] Level 1:colcon.colcon_core.package_identification:_identify(src/aruco_markers) by extension 'colcon_pkg'
[0.134s] Level 1:colcon.colcon_core.package_identification:_identify(src/aruco_markers) by extensions ['colcon_meta']
[0.134s] Level 1:colcon.colcon_core.package_identification:_identify(src/aruco_markers) by extension 'colcon_meta'
[0.134s] Level 1:colcon.colcon_core.package_identification:_identify(src/aruco_markers) by extensions ['ros']
[0.134s] Level 1:colcon.colcon_core.package_identification:_identify(src/aruco_markers) by extension 'ros'
[0.134s] Level 1:colcon.colcon_core.package_identification:_identify(src/aruco_markers) by extensions ['cmake', 'python']
[0.134s] Level 1:colcon.colcon_core.package_identification:_identify(src/aruco_markers) by extension 'cmake'
[0.134s] Level 1:colcon.colcon_core.package_identification:_identify(src/aruco_markers) by extension 'python'
[0.134s] Level 1:colcon.colcon_core.package_identification:_identify(src/aruco_markers) by extensions ['python_setup_py']
[0.134s] Level 1:colcon.colcon_core.package_identification:_identify(src/aruco_markers) by extension 'python_setup_py'
[0.134s] Level 1:colcon.colcon_core.package_identification:_identify(src/build_local) by extensions ['ignore', 'ignore_ament_install']
[0.134s] Level 1:colcon.colcon_core.package_identification:_identify(src/build_local) by extension 'ignore'
[0.134s] Level 1:colcon.colcon_core.package_identification:_identify(src/build_local) ignored
[0.134s] Level 1:colcon.colcon_core.package_identification:_identify(src/build_tmp) by extensions ['ignore', 'ignore_ament_install']
[0.134s] Level 1:colcon.colcon_core.package_identification:_identify(src/build_tmp) by extension 'ignore'
[0.134s] Level 1:colcon.colcon_core.package_identification:_identify(src/build_tmp) ignored
[0.134s] Level 1:colcon.colcon_core.package_identification:_identify(src/build_tmp2) by extensions ['ignore', 'ignore_ament_install']
[0.134s] Level 1:colcon.colcon_core.package_identification:_identify(src/build_tmp2) by extension 'ignore'
[0.134s] Level 1:colcon.colcon_core.package_identification:_identify(src/build_tmp2) ignored
[0.134s] Level 1:colcon.colcon_core.package_identification:_identify(src/install_local) by extensions ['ignore', 'ignore_ament_install']
[0.134s] Level 1:colcon.colcon_core.package_identification:_identify(src/install_local) by extension 'ignore'
[0.134s] Level 1:colcon.colcon_core.package_identification:_identify(src/install_local) ignored
[0.134s] Level 1:colcon.colcon_core.package_identification:_identify(src/install_tmp) by extensions ['ignore', 'ignore_ament_install']
[0.134s] Level 1:colcon.colcon_core.package_identification:_identify(src/install_tmp) by extension 'ignore'
[0.134s] Level 1:colcon.colcon_core.package_identification:_identify(src/install_tmp) ignored
[0.134s] Level 1:colcon.colcon_core.package_identification:_identify(src/install_tmp2) by extensions ['ignore', 'ignore_ament_install']
[0.134s] Level 1:colcon.colcon_core.package_identification:_identify(src/install_tmp2) by extension 'ignore'
[0.134s] Level 1:colcon.colcon_core.package_identification:_identify(src/install_tmp2) ignored
[0.134s] Level 1:colcon.colcon_core.package_identification:_identify(src/log_local) by extensions ['ignore', 'ignore_ament_install']
[0.134s] Level 1:colcon.colcon_core.package_identification:_identify(src/log_local) by extension 'ignore'
[0.134s] Level 1:colcon.colcon_core.package_identification:_identify(src/log_local) ignored
[0.134s] Level 1:colcon.colcon_core.package_identification:_identify(src/log_tmp) by extensions ['ignore', 'ignore_ament_install']
[0.134s] Level 1:colcon.colcon_core.package_identification:_identify(src/log_tmp) by extension 'ignore'
[0.134s] Level 1:colcon.colcon_core.package_identification:_identify(src/log_tmp) ignored
[0.134s] Level 1:colcon.colcon_core.package_identification:_identify(src/log_tmp2) by extensions ['ignore', 'ignore_ament_install']
[0.134s] Level 1:colcon.colcon_core.package_identification:_identify(src/log_tmp2) by extension 'ignore'
[0.134s] Level 1:colcon.colcon_core.package_identification:_identify(src/log_tmp2) ignored
[0.134s] Level 1:colcon.colcon_core.package_identification:_identify(src/ros2_robotiq_gripper) by extensions ['ignore', 'ignore_ament_install']
[0.134s] Level 1:colcon.colcon_core.package_identification:_identify(src/ros2_robotiq_gripper) by extension 'ignore'
[0.134s] Level 1:colcon.colcon_core.package_identification:_identify(src/ros2_robotiq_gripper) by extension 'ignore_ament_install'
[0.134s] Level 1:colcon.colcon_core.package_identification:_identify(src/ros2_robotiq_gripper) by extensions ['colcon_pkg']
[0.134s] Level 1:colcon.colcon_core.package_identification:_identify(src/ros2_robotiq_gripper) by extension 'colcon_pkg'
[0.134s] Level 1:colcon.colcon_core.package_identification:_identify(src/ros2_robotiq_gripper) by extensions ['colcon_meta']
[0.134s] Level 1:colcon.colcon_core.package_identification:_identify(src/ros2_robotiq_gripper) by extension 'colcon_meta'
[0.135s] Level 1:colcon.colcon_core.package_identification:_identify(src/ros2_robotiq_gripper) by extensions ['ros']
[0.135s] Level 1:colcon.colcon_core.package_identification:_identify(src/ros2_robotiq_gripper) by extension 'ros'
[0.135s] Level 1:colcon.colcon_core.package_identification:_identify(src/ros2_robotiq_gripper) by extensions ['cmake', 'python']
[0.135s] Level 1:colcon.colcon_core.package_identification:_identify(src/ros2_robotiq_gripper) by extension 'cmake'
[0.135s] Level 1:colcon.colcon_core.package_identification:_identify(src/ros2_robotiq_gripper) by extension 'python'
[0.135s] Level 1:colcon.colcon_core.package_identification:_identify(src/ros2_robotiq_gripper) by extensions ['python_setup_py']
[0.135s] Level 1:colcon.colcon_core.package_identification:_identify(src/ros2_robotiq_gripper) by extension 'python_setup_py'
[0.135s] Level 1:colcon.colcon_core.package_identification:_identify(src/ros2_robotiq_gripper/robotiq_controllers) by extensions ['ignore', 'ignore_ament_install']
[0.135s] Level 1:colcon.colcon_core.package_identification:_identify(src/ros2_robotiq_gripper/robotiq_controllers) by extension 'ignore'
[0.135s] Level 1:colcon.colcon_core.package_identification:_identify(src/ros2_robotiq_gripper/robotiq_controllers) by extension 'ignore_ament_install'
[0.135s] Level 1:colcon.colcon_core.package_identification:_identify(src/ros2_robotiq_gripper/robotiq_controllers) by extensions ['colcon_pkg']
[0.135s] Level 1:colcon.colcon_core.package_identification:_identify(src/ros2_robotiq_gripper/robotiq_controllers) by extension 'colcon_pkg'
[0.135s] Level 1:colcon.colcon_core.package_identification:_identify(src/ros2_robotiq_gripper/robotiq_controllers) by extensions ['colcon_meta']
[0.135s] Level 1:colcon.colcon_core.package_identification:_identify(src/ros2_robotiq_gripper/robotiq_controllers) by extension 'colcon_meta'
[0.135s] Level 1:colcon.colcon_core.package_identification:_identify(src/ros2_robotiq_gripper/robotiq_controllers) by extensions ['ros']
[0.135s] Level 1:colcon.colcon_core.package_identification:_identify(src/ros2_robotiq_gripper/robotiq_controllers) by extension 'ros'
[0.135s] DEBUG:colcon.colcon_core.package_identification:Package 'src/ros2_robotiq_gripper/robotiq_controllers' with type 'ros.ament_cmake' and name 'robotiq_controllers'
[0.135s] Level 1:colcon.colcon_core.package_identification:_identify(src/ros2_robotiq_gripper/robotiq_description) by extensions ['ignore', 'ignore_ament_install']
[0.135s] Level 1:colcon.colcon_core.package_identification:_identify(src/ros2_robotiq_gripper/robotiq_description) by extension 'ignore'
[0.135s] Level 1:colcon.colcon_core.package_identification:_identify(src/ros2_robotiq_gripper/robotiq_description) by extension 'ignore_ament_install'
[0.135s] Level 1:colcon.colcon_core.package_identification:_identify(src/ros2_robotiq_gripper/robotiq_description) by extensions ['colcon_pkg']
[0.135s] Level 1:colcon.colcon_core.package_identification:_identify(src/ros2_robotiq_gripper/robotiq_description) by extension 'colcon_pkg'
[0.135s] Level 1:colcon.colcon_core.package_identification:_identify(src/ros2_robotiq_gripper/robotiq_description) by extensions ['colcon_meta']
[0.135s] Level 1:colcon.colcon_core.package_identification:_identify(src/ros2_robotiq_gripper/robotiq_description) by extension 'colcon_meta'
[0.135s] Level 1:colcon.colcon_core.package_identification:_identify(src/ros2_robotiq_gripper/robotiq_description) by extensions ['ros']
[0.135s] Level 1:colcon.colcon_core.package_identification:_identify(src/ros2_robotiq_gripper/robotiq_description) by extension 'ros'
[0.135s] DEBUG:colcon.colcon_core.package_identification:Package 'src/ros2_robotiq_gripper/robotiq_description' with type 'ros.ament_cmake' and name 'robotiq_description'
[0.136s] Level 1:colcon.colcon_core.package_identification:_identify(src/ros2_robotiq_gripper/robotiq_driver) by extensions ['ignore', 'ignore_ament_install']
[0.136s] Level 1:colcon.colcon_core.package_identification:_identify(src/ros2_robotiq_gripper/robotiq_driver) by extension 'ignore'
[0.136s] Level 1:colcon.colcon_core.package_identification:_identify(src/ros2_robotiq_gripper/robotiq_driver) by extension 'ignore_ament_install'
[0.136s] Level 1:colcon.colcon_core.package_identification:_identify(src/ros2_robotiq_gripper/robotiq_driver) by extensions ['colcon_pkg']
[0.136s] Level 1:colcon.colcon_core.package_identification:_identify(src/ros2_robotiq_gripper/robotiq_driver) by extension 'colcon_pkg'
[0.136s] Level 1:colcon.colcon_core.package_identification:_identify(src/ros2_robotiq_gripper/robotiq_driver) by extensions ['colcon_meta']
[0.136s] Level 1:colcon.colcon_core.package_identification:_identify(src/ros2_robotiq_gripper/robotiq_driver) by extension 'colcon_meta'
[0.136s] Level 1:colcon.colcon_core.package_identification:_identify(src/ros2_robotiq_gripper/robotiq_driver) by extensions ['ros']
[0.136s] Level 1:colcon.colcon_core.package_identification:_identify(src/ros2_robotiq_gripper/robotiq_driver) by extension 'ros'
[0.136s] Level 1:colcon.colcon_core.package_identification:_identify(src/ros2_robotiq_gripper/robotiq_driver) by extensions ['cmake', 'python']
[0.136s] Level 1:colcon.colcon_core.package_identification:_identify(src/ros2_robotiq_gripper/robotiq_driver) by extension 'cmake'
[0.136s] Level 1:colcon.colcon_core.package_identification:_identify(src/ros2_robotiq_gripper/robotiq_driver) by extension 'python'
[0.136s] Level 1:colcon.colcon_core.package_identification:_identify(src/ros2_robotiq_gripper/robotiq_driver) by extensions ['python_setup_py']
[0.136s] Level 1:colcon.colcon_core.package_identification:_identify(src/ros2_robotiq_gripper/robotiq_driver) by extension 'python_setup_py'
[0.136s] Level 1:colcon.colcon_core.package_identification:_identify(src/ros2_robotiq_gripper/robotiq_hardware_tests) by extensions ['ignore', 'ignore_ament_install']
[0.136s] Level 1:colcon.colcon_core.package_identification:_identify(src/ros2_robotiq_gripper/robotiq_hardware_tests) by extension 'ignore'
[0.136s] Level 1:colcon.colcon_core.package_identification:_identify(src/ros2_robotiq_gripper/robotiq_hardware_tests) by extension 'ignore_ament_install'
[0.136s] Level 1:colcon.colcon_core.package_identification:_identify(src/ros2_robotiq_gripper/robotiq_hardware_tests) by extensions ['colcon_pkg']
[0.136s] Level 1:colcon.colcon_core.package_identification:_identify(src/ros2_robotiq_gripper/robotiq_hardware_tests) by extension 'colcon_pkg'
[0.136s] Level 1:colcon.colcon_core.package_identification:_identify(src/ros2_robotiq_gripper/robotiq_hardware_tests) by extensions ['colcon_meta']
[0.136s] Level 1:colcon.colcon_core.package_identification:_identify(src/ros2_robotiq_gripper/robotiq_hardware_tests) by extension 'colcon_meta'
[0.136s] Level 1:colcon.colcon_core.package_identification:_identify(src/ros2_robotiq_gripper/robotiq_hardware_tests) by extensions ['ros']
[0.136s] Level 1:colcon.colcon_core.package_identification:_identify(src/ros2_robotiq_gripper/robotiq_hardware_tests) by extension 'ros'
[0.136s] Level 1:colcon.colcon_core.package_identification:_identify(src/ros2_robotiq_gripper/robotiq_hardware_tests) by extensions ['cmake', 'python']
[0.136s] Level 1:colcon.colcon_core.package_identification:_identify(src/ros2_robotiq_gripper/robotiq_hardware_tests) by extension 'cmake'
[0.136s] Level 1:colcon.colcon_core.package_identification:_identify(src/ros2_robotiq_gripper/robotiq_hardware_tests) by extension 'python'
[0.136s] Level 1:colcon.colcon_core.package_identification:_identify(src/ros2_robotiq_gripper/robotiq_hardware_tests) by extensions ['python_setup_py']
[0.136s] Level 1:colcon.colcon_core.package_identification:_identify(src/ros2_robotiq_gripper/robotiq_hardware_tests) by extension 'python_setup_py'
[0.136s] Level 1:colcon.colcon_core.package_identification:_identify(src/ur10_camera_gripper_moveit_config) by extensions ['ignore', 'ignore_ament_install']
[0.136s] Level 1:colcon.colcon_core.package_identification:_identify(src/ur10_camera_gripper_moveit_config) by extension 'ignore'
[0.136s] Level 1:colcon.colcon_core.package_identification:_identify(src/ur10_camera_gripper_moveit_config) by extension 'ignore_ament_install'
[0.136s] Level 1:colcon.colcon_core.package_identification:_identify(src/ur10_camera_gripper_moveit_config) by extensions ['colcon_pkg']
[0.136s] Level 1:colcon.colcon_core.package_identification:_identify(src/ur10_camera_gripper_moveit_config) by extension 'colcon_pkg'
[0.136s] Level 1:colcon.colcon_core.package_identification:_identify(src/ur10_camera_gripper_moveit_config) by extensions ['colcon_meta']
[0.136s] Level 1:colcon.colcon_core.package_identification:_identify(src/ur10_camera_gripper_moveit_config) by extension 'colcon_meta'
[0.136s] Level 1:colcon.colcon_core.package_identification:_identify(src/ur10_camera_gripper_moveit_config) by extensions ['ros']
[0.136s] Level 1:colcon.colcon_core.package_identification:_identify(src/ur10_camera_gripper_moveit_config) by extension 'ros'
[0.140s] DEBUG:colcon.colcon_core.package_identification:Package 'src/ur10_camera_gripper_moveit_config' with type 'ros.ament_cmake' and name 'ur10_camera_gripper_moveit_config'
[0.140s] Level 1:colcon.colcon_core.package_identification:_identify(src/ur10_camera_moveit_config) by extensions ['ignore', 'ignore_ament_install']
[0.140s] Level 1:colcon.colcon_core.package_identification:_identify(src/ur10_camera_moveit_config) by extension 'ignore'
[0.140s] Level 1:colcon.colcon_core.package_identification:_identify(src/ur10_camera_moveit_config) by extension 'ignore_ament_install'
[0.140s] Level 1:colcon.colcon_core.package_identification:_identify(src/ur10_camera_moveit_config) by extensions ['colcon_pkg']
[0.140s] Level 1:colcon.colcon_core.package_identification:_identify(src/ur10_camera_moveit_config) by extension 'colcon_pkg'
[0.140s] Level 1:colcon.colcon_core.package_identification:_identify(src/ur10_camera_moveit_config) by extensions ['colcon_meta']
[0.140s] Level 1:colcon.colcon_core.package_identification:_identify(src/ur10_camera_moveit_config) by extension 'colcon_meta'
[0.140s] Level 1:colcon.colcon_core.package_identification:_identify(src/ur10_camera_moveit_config) by extensions ['ros']
[0.140s] Level 1:colcon.colcon_core.package_identification:_identify(src/ur10_camera_moveit_config) by extension 'ros'
[0.141s] DEBUG:colcon.colcon_core.package_identification:Package 'src/ur10_camera_moveit_config' with type 'ros.ament_cmake' and name 'ur10_camera_moveit_config'
[0.141s] Level 1:colcon.colcon_core.package_identification:_identify(src/ur5_camera_gripper_moveit_config) by extensions ['ignore', 'ignore_ament_install']
[0.141s] Level 1:colcon.colcon_core.package_identification:_identify(src/ur5_camera_gripper_moveit_config) by extension 'ignore'
[0.141s] Level 1:colcon.colcon_core.package_identification:_identify(src/ur5_camera_gripper_moveit_config) by extension 'ignore_ament_install'
[0.141s] Level 1:colcon.colcon_core.package_identification:_identify(src/ur5_camera_gripper_moveit_config) by extensions ['colcon_pkg']
[0.141s] Level 1:colcon.colcon_core.package_identification:_identify(src/ur5_camera_gripper_moveit_config) by extension 'colcon_pkg'
[0.141s] Level 1:colcon.colcon_core.package_identification:_identify(src/ur5_camera_gripper_moveit_config) by extensions ['colcon_meta']
[0.141s] Level 1:colcon.colcon_core.package_identification:_identify(src/ur5_camera_gripper_moveit_config) by extension 'colcon_meta'
[0.141s] Level 1:colcon.colcon_core.package_identification:_identify(src/ur5_camera_gripper_moveit_config) by extensions ['ros']
[0.141s] Level 1:colcon.colcon_core.package_identification:_identify(src/ur5_camera_gripper_moveit_config) by extension 'ros'
[0.141s] DEBUG:colcon.colcon_core.package_identification:Package 'src/ur5_camera_gripper_moveit_config' with type 'ros.ament_cmake' and name 'ur5_camera_gripper_moveit_config'
[0.141s] Level 1:colcon.colcon_core.package_identification:_identify(src/ur5_camera_moveit_config) by extensions ['ignore', 'ignore_ament_install']
[0.141s] Level 1:colcon.colcon_core.package_identification:_identify(src/ur5_camera_moveit_config) by extension 'ignore'
[0.141s] Level 1:colcon.colcon_core.package_identification:_identify(src/ur5_camera_moveit_config) by extension 'ignore_ament_install'
[0.141s] Level 1:colcon.colcon_core.package_identification:_identify(src/ur5_camera_moveit_config) by extensions ['colcon_pkg']
[0.141s] Level 1:colcon.colcon_core.package_identification:_identify(src/ur5_camera_moveit_config) by extension 'colcon_pkg'
[0.141s] Level 1:colcon.colcon_core.package_identification:_identify(src/ur5_camera_moveit_config) by extensions ['colcon_meta']
[0.141s] Level 1:colcon.colcon_core.package_identification:_identify(src/ur5_camera_moveit_config) by extension 'colcon_meta'
[0.141s] Level 1:colcon.colcon_core.package_identification:_identify(src/ur5_camera_moveit_config) by extensions ['ros']
[0.141s] Level 1:colcon.colcon_core.package_identification:_identify(src/ur5_camera_moveit_config) by extension 'ros'
[0.142s] DEBUG:colcon.colcon_core.package_identification:Package 'src/ur5_camera_moveit_config' with type 'ros.ament_cmake' and name 'ur5_camera_moveit_config'
[0.142s] Level 1:colcon.colcon_core.package_identification:_identify(src/ur_yt_sim) by extensions ['ignore', 'ignore_ament_install']
[0.142s] Level 1:colcon.colcon_core.package_identification:_identify(src/ur_yt_sim) by extension 'ignore'
[0.142s] Level 1:colcon.colcon_core.package_identification:_identify(src/ur_yt_sim) by extension 'ignore_ament_install'
[0.142s] Level 1:colcon.colcon_core.package_identification:_identify(src/ur_yt_sim) by extensions ['colcon_pkg']
[0.142s] Level 1:colcon.colcon_core.package_identification:_identify(src/ur_yt_sim) by extension 'colcon_pkg'
[0.142s] Level 1:colcon.colcon_core.package_identification:_identify(src/ur_yt_sim) by extensions ['colcon_meta']
[0.142s] Level 1:colcon.colcon_core.package_identification:_identify(src/ur_yt_sim) by extension 'colcon_meta'
[0.142s] Level 1:colcon.colcon_core.package_identification:_identify(src/ur_yt_sim) by extensions ['ros']
[0.142s] Level 1:colcon.colcon_core.package_identification:_identify(src/ur_yt_sim) by extension 'ros'
[0.142s] DEBUG:colcon.colcon_core.package_identification:Package 'src/ur_yt_sim' with type 'ros.ament_cmake' and name 'ur_yt_sim'
[0.142s] Level 1:colcon.colcon_core.package_discovery:discover_packages(recursive) using defaults
[0.142s] Level 1:colcon.colcon_core.package_discovery:discover_packages(ignore) discover
[0.142s] Level 1:colcon.colcon_core.package_discovery:discover_packages(ignore) using defaults
[0.142s] Level 1:colcon.colcon_core.package_discovery:discover_packages(path) discover
[0.142s] Level 1:colcon.colcon_core.package_discovery:discover_packages(path) using defaults
[0.153s] Level 1:colcon.colcon_core.package_discovery:discover_packages(prefix_path) check parameters
[0.153s] Level 1:colcon.colcon_core.package_discovery:discover_packages(prefix_path) discover
[0.154s] DEBUG:colcon.colcon_installed_package_information.package_discovery:Found 11 installed packages in /home/spaceshipecsat/ur_10_CatapultTest/install
[0.154s] DEBUG:colcon.colcon_installed_package_information.package_discovery:Found 413 installed packages in /opt/ros/humble
[0.155s] Level 1:colcon.colcon_core.package_discovery:discover_packages(prefix_path) using defaults
[0.176s] WARNING:colcon.colcon_core.package_selection:Some selected packages are already built in one or more underlay workspaces:
	'ur_description' is in: /home/spaceshipecsat/ur_10_CatapultTest/install/ur_description, /opt/ros/humble
If a package in a merged underlay workspace is overridden and it installs headers, then all packages in the overlay must sort their include directories by workspace order. Failure to do so may result in build failures or undefined behavior at run time.
If the overridden package is used by another package in any underlay, then the overriding package in the overlay must be API and ABI compatible or undefined behavior at run time may occur.

If you understand the risks and want to override a package anyways, add the following to the command line:
	--allow-overriding ur_description

This may be promoted to an error in a future release of colcon-override-check.
[0.176s] Level 5:colcon.colcon_core.verb:set package 'linkattacher_msgs' build argument 'cmake_args' from command line to 'None'
[0.176s] Level 5:colcon.colcon_core.verb:set package 'linkattacher_msgs' build argument 'cmake_target' from command line to 'None'
[0.177s] Level 5:colcon.colcon_core.verb:set package 'linkattacher_msgs' build argument 'cmake_target_skip_unavailable' from command line to 'False'
[0.177s] Level 5:colcon.colcon_core.verb:set package 'linkattacher_msgs' build argument 'cmake_clean_cache' from command line to 'False'
[0.177s] Level 5:colcon.colcon_core.verb:set package 'linkattacher_msgs' build argument 'cmake_clean_first' from command line to 'False'
[0.177s] Level 5:colcon.colcon_core.verb:set package 'linkattacher_msgs' build argument 'cmake_force_configure' from command line to 'False'
[0.177s] Level 5:colcon.colcon_core.verb:set package 'linkattacher_msgs' build argument 'ament_cmake_args' from command line to 'None'
[0.177s] Level 5:colcon.colcon_core.verb:set package 'linkattacher_msgs' build argument 'catkin_cmake_args' from command line to 'None'
[0.177s] Level 5:colcon.colcon_core.verb:set package 'linkattacher_msgs' build argument 'catkin_skip_building_tests' from command line to 'False'
[0.177s] DEBUG:colcon.colcon_core.verb:Building package 'linkattacher_msgs' with the following arguments: {'ament_cmake_args': None, 'build_base': '/home/spaceshipecsat/ur_10_CatapultTest/build/linkattacher_msgs', 'catkin_cmake_args': None, 'catkin_skip_building_tests': False, 'cmake_args': None, 'cmake_clean_cache': False, 'cmake_clean_first': False, 'cmake_force_configure': False, 'cmake_target': None, 'cmake_target_skip_unavailable': False, 'install_base': '/home/spaceshipecsat/ur_10_CatapultTest/install/linkattacher_msgs', 'merge_install': False, 'path': '/home/spaceshipecsat/ur_10_CatapultTest/src/IFRA_LinkAttacher/linkattacher_msgs', 'symlink_install': True, 'test_result_base': None}
[0.177s] Level 5:colcon.colcon_core.verb:set package 'robotiq_controllers' build argument 'cmake_args' from command line to 'None'
[0.177s] Level 5:colcon.colcon_core.verb:set package 'robotiq_controllers' build argument 'cmake_target' from command line to 'None'
[0.177s] Level 5:colcon.colcon_core.verb:set package 'robotiq_controllers' build argument 'cmake_target_skip_unavailable' from command line to 'False'
[0.177s] Level 5:colcon.colcon_core.verb:set package 'robotiq_controllers' build argument 'cmake_clean_cache' from command line to 'False'
[0.177s] Level 5:colcon.colcon_core.verb:set package 'robotiq_controllers' build argument 'cmake_clean_first' from command line to 'False'
[0.177s] Level 5:colcon.colcon_core.verb:set package 'robotiq_controllers' build argument 'cmake_force_configure' from command line to 'False'
[0.177s] Level 5:colcon.colcon_core.verb:set package 'robotiq_controllers' build argument 'ament_cmake_args' from command line to 'None'
[0.177s] Level 5:colcon.colcon_core.verb:set package 'robotiq_controllers' build argument 'catkin_cmake_args' from command line to 'None'
[0.177s] Level 5:colcon.colcon_core.verb:set package 'robotiq_controllers' build argument 'catkin_skip_building_tests' from command line to 'False'
[0.177s] DEBUG:colcon.colcon_core.verb:Building package 'robotiq_controllers' with the following arguments: {'ament_cmake_args': None, 'build_base': '/home/spaceshipecsat/ur_10_CatapultTest/build/robotiq_controllers', 'catkin_cmake_args': None, 'catkin_skip_building_tests': False, 'cmake_args': None, 'cmake_clean_cache': False, 'cmake_clean_first': False, 'cmake_force_configure': False, 'cmake_target': None, 'cmake_target_skip_unavailable': False, 'install_base': '/home/spaceshipecsat/ur_10_CatapultTest/install/robotiq_controllers', 'merge_install': False, 'path': '/home/spaceshipecsat/ur_10_CatapultTest/src/ros2_robotiq_gripper/robotiq_controllers', 'symlink_install': True, 'test_result_base': None}
[0.177s] Level 5:colcon.colcon_core.verb:set package 'robotiq_description' build argument 'cmake_args' from command line to 'None'
[0.177s] Level 5:colcon.colcon_core.verb:set package 'robotiq_description' build argument 'cmake_target' from command line to 'None'
[0.177s] Level 5:colcon.colcon_core.verb:set package 'robotiq_description' build argument 'cmake_target_skip_unavailable' from command line to 'False'
[0.177s] Level 5:colcon.colcon_core.verb:set package 'robotiq_description' build argument 'cmake_clean_cache' from command line to 'False'
[0.177s] Level 5:colcon.colcon_core.verb:set package 'robotiq_description' build argument 'cmake_clean_first' from command line to 'False'
[0.177s] Level 5:colcon.colcon_core.verb:set package 'robotiq_description' build argument 'cmake_force_configure' from command line to 'False'
[0.177s] Level 5:colcon.colcon_core.verb:set package 'robotiq_description' build argument 'ament_cmake_args' from command line to 'None'
[0.177s] Level 5:colcon.colcon_core.verb:set package 'robotiq_description' build argument 'catkin_cmake_args' from command line to 'None'
[0.177s] Level 5:colcon.colcon_core.verb:set package 'robotiq_description' build argument 'catkin_skip_building_tests' from command line to 'False'
[0.177s] DEBUG:colcon.colcon_core.verb:Building package 'robotiq_description' with the following arguments: {'ament_cmake_args': None, 'build_base': '/home/spaceshipecsat/ur_10_CatapultTest/build/robotiq_description', 'catkin_cmake_args': None, 'catkin_skip_building_tests': False, 'cmake_args': None, 'cmake_clean_cache': False, 'cmake_clean_first': False, 'cmake_force_configure': False, 'cmake_target': None, 'cmake_target_skip_unavailable': False, 'install_base': '/home/spaceshipecsat/ur_10_CatapultTest/install/robotiq_description', 'merge_install': False, 'path': '/home/spaceshipecsat/ur_10_CatapultTest/src/ros2_robotiq_gripper/robotiq_description', 'symlink_install': True, 'test_result_base': None}
[0.177s] Level 5:colcon.colcon_core.verb:set package 'ur_description' build argument 'cmake_args' from command line to 'None'
[0.177s] Level 5:colcon.colcon_core.verb:set package 'ur_description' build argument 'cmake_target' from command line to 'None'
[0.177s] Level 5:colcon.colcon_core.verb:set package 'ur_description' build argument 'cmake_target_skip_unavailable' from command line to 'False'
[0.177s] Level 5:colcon.colcon_core.verb:set package 'ur_description' build argument 'cmake_clean_cache' from command line to 'False'
[0.177s] Level 5:colcon.colcon_core.verb:set package 'ur_description' build argument 'cmake_clean_first' from command line to 'False'
[0.177s] Level 5:colcon.colcon_core.verb:set package 'ur_description' build argument 'cmake_force_configure' from command line to 'False'
[0.177s] Level 5:colcon.colcon_core.verb:set package 'ur_description' build argument 'ament_cmake_args' from command line to 'None'
[0.177s] Level 5:colcon.colcon_core.verb:set package 'ur_description' build argument 'catkin_cmake_args' from command line to 'None'
[0.177s] Level 5:colcon.colcon_core.verb:set package 'ur_description' build argument 'catkin_skip_building_tests' from command line to 'False'
[0.177s] DEBUG:colcon.colcon_core.verb:Building package 'ur_description' with the following arguments: {'ament_cmake_args': None, 'build_base': '/home/spaceshipecsat/ur_10_CatapultTest/build/ur_description', 'catkin_cmake_args': None, 'catkin_skip_building_tests': False, 'cmake_args': None, 'cmake_clean_cache': False, 'cmake_clean_first': False, 'cmake_force_configure': False, 'cmake_target': None, 'cmake_target_skip_unavailable': False, 'install_base': '/home/spaceshipecsat/ur_10_CatapultTest/install/ur_description', 'merge_install': False, 'path': '/home/spaceshipecsat/ur_10_CatapultTest/src/Universal_Robots_ROS2_Description', 'symlink_install': True, 'test_result_base': None}
[0.177s] Level 5:colcon.colcon_core.verb:set package 'ros2_linkattacher' build argument 'cmake_args' from command line to 'None'
[0.177s] Level 5:colcon.colcon_core.verb:set package 'ros2_linkattacher' build argument 'cmake_target' from command line to 'None'
[0.177s] Level 5:colcon.colcon_core.verb:set package 'ros2_linkattacher' build argument 'cmake_target_skip_unavailable' from command line to 'False'
[0.177s] Level 5:colcon.colcon_core.verb:set package 'ros2_linkattacher' build argument 'cmake_clean_cache' from command line to 'False'
[0.177s] Level 5:colcon.colcon_core.verb:set package 'ros2_linkattacher' build argument 'cmake_clean_first' from command line to 'False'
[0.177s] Level 5:colcon.colcon_core.verb:set package 'ros2_linkattacher' build argument 'cmake_force_configure' from command line to 'False'
[0.177s] Level 5:colcon.colcon_core.verb:set package 'ros2_linkattacher' build argument 'ament_cmake_args' from command line to 'None'
[0.177s] Level 5:colcon.colcon_core.verb:set package 'ros2_linkattacher' build argument 'catkin_cmake_args' from command line to 'None'
[0.177s] Level 5:colcon.colcon_core.verb:set package 'ros2_linkattacher' build argument 'catkin_skip_building_tests' from command line to 'False'
[0.177s] DEBUG:colcon.colcon_core.verb:Building package 'ros2_linkattacher' with the following arguments: {'ament_cmake_args': None, 'build_base': '/home/spaceshipecsat/ur_10_CatapultTest/build/ros2_linkattacher', 'catkin_cmake_args': None, 'catkin_skip_building_tests': False, 'cmake_args': None, 'cmake_clean_cache': False, 'cmake_clean_first': False, 'cmake_force_configure': False, 'cmake_target': None, 'cmake_target_skip_unavailable': False, 'install_base': '/home/spaceshipecsat/ur_10_CatapultTest/install/ros2_linkattacher', 'merge_install': False, 'path': '/home/spaceshipecsat/ur_10_CatapultTest/src/IFRA_LinkAttacher/ros2_LinkAttacher', 'symlink_install': True, 'test_result_base': None}
[0.178s] Level 5:colcon.colcon_core.verb:set package 'ur_simulation_gazebo' build argument 'cmake_args' from command line to 'None'
[0.178s] Level 5:colcon.colcon_core.verb:set package 'ur_simulation_gazebo' build argument 'cmake_target' from command line to 'None'
[0.178s] Level 5:colcon.colcon_core.verb:set package 'ur_simulation_gazebo' build argument 'cmake_target_skip_unavailable' from command line to 'False'
[0.178s] Level 5:colcon.colcon_core.verb:set package 'ur_simulation_gazebo' build argument 'cmake_clean_cache' from command line to 'False'
[0.178s] Level 5:colcon.colcon_core.verb:set package 'ur_simulation_gazebo' build argument 'cmake_clean_first' from command line to 'False'
[0.178s] Level 5:colcon.colcon_core.verb:set package 'ur_simulation_gazebo' build argument 'cmake_force_configure' from command line to 'False'
[0.178s] Level 5:colcon.colcon_core.verb:set package 'ur_simulation_gazebo' build argument 'ament_cmake_args' from command line to 'None'
[0.178s] Level 5:colcon.colcon_core.verb:set package 'ur_simulation_gazebo' build argument 'catkin_cmake_args' from command line to 'None'
[0.178s] Level 5:colcon.colcon_core.verb:set package 'ur_simulation_gazebo' build argument 'catkin_skip_building_tests' from command line to 'False'
[0.178s] DEBUG:colcon.colcon_core.verb:Building package 'ur_simulation_gazebo' with the following arguments: {'ament_cmake_args': None, 'build_base': '/home/spaceshipecsat/ur_10_CatapultTest/build/ur_simulation_gazebo', 'catkin_cmake_args': None, 'catkin_skip_building_tests': False, 'cmake_args': None, 'cmake_clean_cache': False, 'cmake_clean_first': False, 'cmake_force_configure': False, 'cmake_target': None, 'cmake_target_skip_unavailable': False, 'install_base': '/home/spaceshipecsat/ur_10_CatapultTest/install/ur_simulation_gazebo', 'merge_install': False, 'path': '/home/spaceshipecsat/ur_10_CatapultTest/src/Universal_Robots_ROS2_Gazebo_Simulation/ur_simulation_gazebo', 'symlink_install': True, 'test_result_base': None}
[0.178s] Level 5:colcon.colcon_core.verb:set package 'ur_yt_sim' build argument 'cmake_args' from command line to 'None'
[0.178s] Level 5:colcon.colcon_core.verb:set package 'ur_yt_sim' build argument 'cmake_target' from command line to 'None'
[0.178s] Level 5:colcon.colcon_core.verb:set package 'ur_yt_sim' build argument 'cmake_target_skip_unavailable' from command line to 'False'
[0.178s] Level 5:colcon.colcon_core.verb:set package 'ur_yt_sim' build argument 'cmake_clean_cache' from command line to 'False'
[0.178s] Level 5:colcon.colcon_core.verb:set package 'ur_yt_sim' build argument 'cmake_clean_first' from command line to 'False'
[0.178s] Level 5:colcon.colcon_core.verb:set package 'ur_yt_sim' build argument 'cmake_force_configure' from command line to 'False'
[0.178s] Level 5:colcon.colcon_core.verb:set package 'ur_yt_sim' build argument 'ament_cmake_args' from command line to 'None'
[0.178s] Level 5:colcon.colcon_core.verb:set package 'ur_yt_sim' build argument 'catkin_cmake_args' from command line to 'None'
[0.178s] Level 5:colcon.colcon_core.verb:set package 'ur_yt_sim' build argument 'catkin_skip_building_tests' from command line to 'False'
[0.178s] DEBUG:colcon.colcon_core.verb:Building package 'ur_yt_sim' with the following arguments: {'ament_cmake_args': None, 'build_base': '/home/spaceshipecsat/ur_10_CatapultTest/build/ur_yt_sim', 'catkin_cmake_args': None, 'catkin_skip_building_tests': False, 'cmake_args': None, 'cmake_clean_cache': False, 'cmake_clean_first': False, 'cmake_force_configure': False, 'cmake_target': None, 'cmake_target_skip_unavailable': False, 'install_base': '/home/spaceshipecsat/ur_10_CatapultTest/install/ur_yt_sim', 'merge_install': False, 'path': '/home/spaceshipecsat/ur_10_CatapultTest/src/ur_yt_sim', 'symlink_install': True, 'test_result_base': None}
[0.178s] Level 5:colcon.colcon_core.verb:set package 'ur10_camera_gripper_moveit_config' build argument 'cmake_args' from command line to 'None'
[0.178s] Level 5:colcon.colcon_core.verb:set package 'ur10_camera_gripper_moveit_config' build argument 'cmake_target' from command line to 'None'
[0.178s] Level 5:colcon.colcon_core.verb:set package 'ur10_camera_gripper_moveit_config' build argument 'cmake_target_skip_unavailable' from command line to 'False'
[0.178s] Level 5:colcon.colcon_core.verb:set package 'ur10_camera_gripper_moveit_config' build argument 'cmake_clean_cache' from command line to 'False'
[0.178s] Level 5:colcon.colcon_core.verb:set package 'ur10_camera_gripper_moveit_config' build argument 'cmake_clean_first' from command line to 'False'
[0.178s] Level 5:colcon.colcon_core.verb:set package 'ur10_camera_gripper_moveit_config' build argument 'cmake_force_configure' from command line to 'False'
[0.178s] Level 5:colcon.colcon_core.verb:set package 'ur10_camera_gripper_moveit_config' build argument 'ament_cmake_args' from command line to 'None'
[0.178s] Level 5:colcon.colcon_core.verb:set package 'ur10_camera_gripper_moveit_config' build argument 'catkin_cmake_args' from command line to 'None'
[0.178s] Level 5:colcon.colcon_core.verb:set package 'ur10_camera_gripper_moveit_config' build argument 'catkin_skip_building_tests' from command line to 'False'
[0.178s] DEBUG:colcon.colcon_core.verb:Building package 'ur10_camera_gripper_moveit_config' with the following arguments: {'ament_cmake_args': None, 'build_base': '/home/spaceshipecsat/ur_10_CatapultTest/build/ur10_camera_gripper_moveit_config', 'catkin_cmake_args': None, 'catkin_skip_building_tests': False, 'cmake_args': None, 'cmake_clean_cache': False, 'cmake_clean_first': False, 'cmake_force_configure': False, 'cmake_target': None, 'cmake_target_skip_unavailable': False, 'install_base': '/home/spaceshipecsat/ur_10_CatapultTest/install/ur10_camera_gripper_moveit_config', 'merge_install': False, 'path': '/home/spaceshipecsat/ur_10_CatapultTest/src/ur10_camera_gripper_moveit_config', 'symlink_install': True, 'test_result_base': None}
[0.178s] Level 5:colcon.colcon_core.verb:set package 'ur10_camera_moveit_config' build argument 'cmake_args' from command line to 'None'
[0.178s] Level 5:colcon.colcon_core.verb:set package 'ur10_camera_moveit_config' build argument 'cmake_target' from command line to 'None'
[0.178s] Level 5:colcon.colcon_core.verb:set package 'ur10_camera_moveit_config' build argument 'cmake_target_skip_unavailable' from command line to 'False'
[0.178s] Level 5:colcon.colcon_core.verb:set package 'ur10_camera_moveit_config' build argument 'cmake_clean_cache' from command line to 'False'
[0.178s] Level 5:colcon.colcon_core.verb:set package 'ur10_camera_moveit_config' build argument 'cmake_clean_first' from command line to 'False'
[0.178s] Level 5:colcon.colcon_core.verb:set package 'ur10_camera_moveit_config' build argument 'cmake_force_configure' from command line to 'False'
[0.178s] Level 5:colcon.colcon_core.verb:set package 'ur10_camera_moveit_config' build argument 'ament_cmake_args' from command line to 'None'
[0.178s] Level 5:colcon.colcon_core.verb:set package 'ur10_camera_moveit_config' build argument 'catkin_cmake_args' from command line to 'None'
[0.178s] Level 5:colcon.colcon_core.verb:set package 'ur10_camera_moveit_config' build argument 'catkin_skip_building_tests' from command line to 'False'
[0.178s] DEBUG:colcon.colcon_core.verb:Building package 'ur10_camera_moveit_config' with the following arguments: {'ament_cmake_args': None, 'build_base': '/home/spaceshipecsat/ur_10_CatapultTest/build/ur10_camera_moveit_config', 'catkin_cmake_args': None, 'catkin_skip_building_tests': False, 'cmake_args': None, 'cmake_clean_cache': False, 'cmake_clean_first': False, 'cmake_force_configure': False, 'cmake_target': None, 'cmake_target_skip_unavailable': False, 'install_base': '/home/spaceshipecsat/ur_10_CatapultTest/install/ur10_camera_moveit_config', 'merge_install': False, 'path': '/home/spaceshipecsat/ur_10_CatapultTest/src/ur10_camera_moveit_config', 'symlink_install': True, 'test_result_base': None}
[0.178s] Level 5:colcon.colcon_core.verb:set package 'ur5_camera_gripper_moveit_config' build argument 'cmake_args' from command line to 'None'
[0.178s] Level 5:colcon.colcon_core.verb:set package 'ur5_camera_gripper_moveit_config' build argument 'cmake_target' from command line to 'None'
[0.178s] Level 5:colcon.colcon_core.verb:set package 'ur5_camera_gripper_moveit_config' build argument 'cmake_target_skip_unavailable' from command line to 'False'
[0.178s] Level 5:colcon.colcon_core.verb:set package 'ur5_camera_gripper_moveit_config' build argument 'cmake_clean_cache' from command line to 'False'
[0.178s] Level 5:colcon.colcon_core.verb:set package 'ur5_camera_gripper_moveit_config' build argument 'cmake_clean_first' from command line to 'False'
[0.178s] Level 5:colcon.colcon_core.verb:set package 'ur5_camera_gripper_moveit_config' build argument 'cmake_force_configure' from command line to 'False'
[0.178s] Level 5:colcon.colcon_core.verb:set package 'ur5_camera_gripper_moveit_config' build argument 'ament_cmake_args' from command line to 'None'
[0.178s] Level 5:colcon.colcon_core.verb:set package 'ur5_camera_gripper_moveit_config' build argument 'catkin_cmake_args' from command line to 'None'
[0.178s] Level 5:colcon.colcon_core.verb:set package 'ur5_camera_gripper_moveit_config' build argument 'catkin_skip_building_tests' from command line to 'False'
[0.178s] DEBUG:colcon.colcon_core.verb:Building package 'ur5_camera_gripper_moveit_config' with the following arguments: {'ament_cmake_args': None, 'build_base': '/home/spaceshipecsat/ur_10_CatapultTest/build/ur5_camera_gripper_moveit_config', 'catkin_cmake_args': None, 'catkin_skip_building_tests': False, 'cmake_args': None, 'cmake_clean_cache': False, 'cmake_clean_first': False, 'cmake_force_configure': False, 'cmake_target': None, 'cmake_target_skip_unavailable': False, 'install_base': '/home/spaceshipecsat/ur_10_CatapultTest/install/ur5_camera_gripper_moveit_config', 'merge_install': False, 'path': '/home/spaceshipecsat/ur_10_CatapultTest/src/ur5_camera_gripper_moveit_config', 'symlink_install': True, 'test_result_base': None}
[0.179s] Level 5:colcon.colcon_core.verb:set package 'ur5_camera_moveit_config' build argument 'cmake_args' from command line to 'None'
[0.179s] Level 5:colcon.colcon_core.verb:set package 'ur5_camera_moveit_config' build argument 'cmake_target' from command line to 'None'
[0.179s] Level 5:colcon.colcon_core.verb:set package 'ur5_camera_moveit_config' build argument 'cmake_target_skip_unavailable' from command line to 'False'
[0.179s] Level 5:colcon.colcon_core.verb:set package 'ur5_camera_moveit_config' build argument 'cmake_clean_cache' from command line to 'False'
[0.179s] Level 5:colcon.colcon_core.verb:set package 'ur5_camera_moveit_config' build argument 'cmake_clean_first' from command line to 'False'
[0.179s] Level 5:colcon.colcon_core.verb:set package 'ur5_camera_moveit_config' build argument 'cmake_force_configure' from command line to 'False'
[0.179s] Level 5:colcon.colcon_core.verb:set package 'ur5_camera_moveit_config' build argument 'ament_cmake_args' from command line to 'None'
[0.179s] Level 5:colcon.colcon_core.verb:set package 'ur5_camera_moveit_config' build argument 'catkin_cmake_args' from command line to 'None'
[0.179s] Level 5:colcon.colcon_core.verb:set package 'ur5_camera_moveit_config' build argument 'catkin_skip_building_tests' from command line to 'False'
[0.179s] DEBUG:colcon.colcon_core.verb:Building package 'ur5_camera_moveit_config' with the following arguments: {'ament_cmake_args': None, 'build_base': '/home/spaceshipecsat/ur_10_CatapultTest/build/ur5_camera_moveit_config', 'catkin_cmake_args': None, 'catkin_skip_building_tests': False, 'cmake_args': None, 'cmake_clean_cache': False, 'cmake_clean_first': False, 'cmake_force_configure': False, 'cmake_target': None, 'cmake_target_skip_unavailable': False, 'install_base': '/home/spaceshipecsat/ur_10_CatapultTest/install/ur5_camera_moveit_config', 'merge_install': False, 'path': '/home/spaceshipecsat/ur_10_CatapultTest/src/ur5_camera_moveit_config', 'symlink_install': True, 'test_result_base': None}
[0.179s] INFO:colcon.colcon_core.executor:Executing jobs using 'parallel' executor
[0.179s] DEBUG:colcon.colcon_parallel_executor.executor.parallel:run_until_complete
[0.179s] INFO:colcon.colcon_ros.task.ament_cmake.build:Building ROS package in '/home/spaceshipecsat/ur_10_CatapultTest/src/Universal_Robots_ROS2_Description' with build type 'ament_cmake'
[0.179s] INFO:colcon.colcon_cmake.task.cmake.build:Building CMake package in '/home/spaceshipecsat/ur_10_CatapultTest/src/Universal_Robots_ROS2_Description'
[0.180s] INFO:colcon.colcon_core.plugin_system:Skipping extension 'colcon_core.shell.bat': Not used on non-Windows systems
[0.181s] INFO:colcon.colcon_core.shell:Skip shell extension 'powershell' for command environment: Not usable outside of PowerShell
[0.181s] DEBUG:colcon.colcon_core.shell:Skip shell extension 'dsv' for command environment
[0.182s] INFO:colcon.colcon_ros.task.ament_cmake.build:Building ROS package in '/home/spaceshipecsat/ur_10_CatapultTest/src/ros2_robotiq_gripper/robotiq_description' with build type 'ament_cmake'
[0.183s] INFO:colcon.colcon_cmake.task.cmake.build:Building CMake package in '/home/spaceshipecsat/ur_10_CatapultTest/src/ros2_robotiq_gripper/robotiq_description'
[0.183s] INFO:colcon.colcon_core.shell:Skip shell extension 'powershell' for command environment: Not usable outside of PowerShell
[0.183s] DEBUG:colcon.colcon_core.shell:Skip shell extension 'dsv' for command environment
[0.184s] INFO:colcon.colcon_ros.task.ament_cmake.build:Building ROS package in '/home/spaceshipecsat/ur_10_CatapultTest/src/IFRA_LinkAttacher/linkattacher_msgs' with build type 'ament_cmake'
[0.184s] INFO:colcon.colcon_cmake.task.cmake.build:Building CMake package in '/home/spaceshipecsat/ur_10_CatapultTest/src/IFRA_LinkAttacher/linkattacher_msgs'
[0.184s] INFO:colcon.colcon_core.shell:Skip shell extension 'powershell' for command environment: Not usable outside of PowerShell
[0.184s] DEBUG:colcon.colcon_core.shell:Skip shell extension 'dsv' for command environment
[0.186s] INFO:colcon.colcon_ros.task.ament_cmake.build:Building ROS package in '/home/spaceshipecsat/ur_10_CatapultTest/src/ros2_robotiq_gripper/robotiq_controllers' with build type 'ament_cmake'
[0.186s] INFO:colcon.colcon_cmake.task.cmake.build:Building CMake package in '/home/spaceshipecsat/ur_10_CatapultTest/src/ros2_robotiq_gripper/robotiq_controllers'
[0.186s] INFO:colcon.colcon_core.shell:Skip shell extension 'powershell' for command environment: Not usable outside of PowerShell
[0.186s] DEBUG:colcon.colcon_core.shell:Skip shell extension 'dsv' for command environment
[0.190s] DEBUG:colcon.colcon_core.event_handler.log_command:Invoking command in '/home/spaceshipecsat/ur_10_CatapultTest/build/ur_description': CMAKE_PREFIX_PATH=${CMAKE_PREFIX_PATH}:/opt/ros/humble /usr/bin/cmake --build /home/spaceshipecsat/ur_10_CatapultTest/build/ur_description -- -j32 -l32
[0.191s] DEBUG:colcon.colcon_core.event_handler.log_command:Invoking command in '/home/spaceshipecsat/ur_10_CatapultTest/build/robotiq_description': CMAKE_PREFIX_PATH=${CMAKE_PREFIX_PATH}:/opt/ros/humble /usr/bin/cmake --build /home/spaceshipecsat/ur_10_CatapultTest/build/robotiq_description -- -j32 -l32
[0.192s] DEBUG:colcon.colcon_core.event_handler.log_command:Invoking command in '/home/spaceshipecsat/ur_10_CatapultTest/build/linkattacher_msgs': CMAKE_PREFIX_PATH=${CMAKE_PREFIX_PATH}:/opt/ros/humble /usr/bin/cmake --build /home/spaceshipecsat/ur_10_CatapultTest/build/linkattacher_msgs -- -j32 -l32
[0.195s] DEBUG:colcon.colcon_core.event_handler.log_command:Invoking command in '/home/spaceshipecsat/ur_10_CatapultTest/build/robotiq_controllers': CMAKE_PREFIX_PATH=${CMAKE_PREFIX_PATH}:/opt/ros/humble /usr/bin/cmake --build /home/spaceshipecsat/ur_10_CatapultTest/build/robotiq_controllers -- -j32 -l32
[0.211s] DEBUG:colcon.colcon_core.event_handler.log_command:Invoked command in '/home/spaceshipecsat/ur_10_CatapultTest/build/robotiq_description' returned '0': CMAKE_PREFIX_PATH=${CMAKE_PREFIX_PATH}:/opt/ros/humble /usr/bin/cmake --build /home/spaceshipecsat/ur_10_CatapultTest/build/robotiq_description -- -j32 -l32
[0.215s] DEBUG:colcon.colcon_core.event_handler.log_command:Invoking command in '/home/spaceshipecsat/ur_10_CatapultTest/build/robotiq_description': CMAKE_PREFIX_PATH=${CMAKE_PREFIX_PATH}:/opt/ros/humble /usr/bin/cmake --install /home/spaceshipecsat/ur_10_CatapultTest/build/robotiq_description
[0.216s] DEBUG:colcon.colcon_core.event_handler.log_command:Invoked command in '/home/spaceshipecsat/ur_10_CatapultTest/build/ur_description' returned '0': CMAKE_PREFIX_PATH=${CMAKE_PREFIX_PATH}:/opt/ros/humble /usr/bin/cmake --build /home/spaceshipecsat/ur_10_CatapultTest/build/ur_description -- -j32 -l32
[0.217s] DEBUG:colcon.colcon_core.event_handler.log_command:Invoking command in '/home/spaceshipecsat/ur_10_CatapultTest/build/ur_description': CMAKE_PREFIX_PATH=${CMAKE_PREFIX_PATH}:/opt/ros/humble /usr/bin/cmake --install /home/spaceshipecsat/ur_10_CatapultTest/build/ur_description
[0.230s] Level 1:colcon.colcon_core.environment:create_environment_scripts_only(robotiq_description)
[0.231s] DEBUG:colcon.colcon_core.event_handler.log_command:Invoked command in '/home/spaceshipecsat/ur_10_CatapultTest/build/robotiq_description' returned '0': CMAKE_PREFIX_PATH=${CMAKE_PREFIX_PATH}:/opt/ros/humble /usr/bin/cmake --install /home/spaceshipecsat/ur_10_CatapultTest/build/robotiq_description
[0.241s] Level 1:colcon.colcon_core.environment:checking '/home/spaceshipecsat/ur_10_CatapultTest/install/robotiq_description' for CMake module files
[0.241s] Level 1:colcon.colcon_core.environment:checking '/home/spaceshipecsat/ur_10_CatapultTest/install/robotiq_description' for CMake config files
[0.241s] Level 1:colcon.colcon_core.shell:create_environment_hook('robotiq_description', 'cmake_prefix_path')
[0.241s] INFO:colcon.colcon_core.shell:Creating environment hook '/home/spaceshipecsat/ur_10_CatapultTest/install/robotiq_description/share/robotiq_description/hook/cmake_prefix_path.ps1'
[0.242s] INFO:colcon.colcon_core.shell:Creating environment descriptor '/home/spaceshipecsat/ur_10_CatapultTest/install/robotiq_description/share/robotiq_description/hook/cmake_prefix_path.dsv'
[0.242s] INFO:colcon.colcon_core.shell:Creating environment hook '/home/spaceshipecsat/ur_10_CatapultTest/install/robotiq_description/share/robotiq_description/hook/cmake_prefix_path.sh'
[0.243s] Level 1:colcon.colcon_core.environment:checking '/home/spaceshipecsat/ur_10_CatapultTest/install/robotiq_description/bin'
[0.243s] Level 1:colcon.colcon_core.environment:checking '/home/spaceshipecsat/ur_10_CatapultTest/install/robotiq_description/lib/pkgconfig/robotiq_description.pc'
[0.243s] Level 1:colcon.colcon_core.environment:checking '/home/spaceshipecsat/ur_10_CatapultTest/install/robotiq_description/lib/python3.10/site-packages'
[0.243s] Level 1:colcon.colcon_core.environment:checking '/home/spaceshipecsat/ur_10_CatapultTest/install/robotiq_description/bin'
[0.243s] INFO:colcon.colcon_core.shell:Creating package script '/home/spaceshipecsat/ur_10_CatapultTest/install/robotiq_description/share/robotiq_description/package.ps1'
[0.244s] INFO:colcon.colcon_core.shell:Creating package descriptor '/home/spaceshipecsat/ur_10_CatapultTest/install/robotiq_description/share/robotiq_description/package.dsv'
[0.244s] INFO:colcon.colcon_core.shell:Creating package script '/home/spaceshipecsat/ur_10_CatapultTest/install/robotiq_description/share/robotiq_description/package.sh'
[0.245s] INFO:colcon.colcon_core.shell:Creating package script '/home/spaceshipecsat/ur_10_CatapultTest/install/robotiq_description/share/robotiq_description/package.bash'
[0.246s] INFO:colcon.colcon_core.shell:Creating package script '/home/spaceshipecsat/ur_10_CatapultTest/install/robotiq_description/share/robotiq_description/package.zsh'
[0.246s] Level 1:colcon.colcon_core.environment:create_file_with_runtime_dependencies(/home/spaceshipecsat/ur_10_CatapultTest/install/robotiq_description/share/colcon-core/packages/robotiq_description)
[0.246s] Level 1:colcon.colcon_core.environment:create_environment_scripts_only(robotiq_description)
[0.247s] Level 1:colcon.colcon_core.environment:checking '/home/spaceshipecsat/ur_10_CatapultTest/install/robotiq_description' for CMake module files
[0.247s] Level 1:colcon.colcon_core.environment:checking '/home/spaceshipecsat/ur_10_CatapultTest/install/robotiq_description' for CMake config files
[0.247s] Level 1:colcon.colcon_core.shell:create_environment_hook('robotiq_description', 'cmake_prefix_path')
[0.247s] INFO:colcon.colcon_core.shell:Creating environment hook '/home/spaceshipecsat/ur_10_CatapultTest/install/robotiq_description/share/robotiq_description/hook/cmake_prefix_path.ps1'
[0.248s] INFO:colcon.colcon_core.shell:Creating environment descriptor '/home/spaceshipecsat/ur_10_CatapultTest/install/robotiq_description/share/robotiq_description/hook/cmake_prefix_path.dsv'
[0.248s] INFO:colcon.colcon_core.shell:Creating environment hook '/home/spaceshipecsat/ur_10_CatapultTest/install/robotiq_description/share/robotiq_description/hook/cmake_prefix_path.sh'
[0.248s] Level 1:colcon.colcon_core.environment:checking '/home/spaceshipecsat/ur_10_CatapultTest/install/robotiq_description/bin'
[0.248s] Level 1:colcon.colcon_core.environment:checking '/home/spaceshipecsat/ur_10_CatapultTest/install/robotiq_description/lib/pkgconfig/robotiq_description.pc'
[0.248s] Level 1:colcon.colcon_core.environment:checking '/home/spaceshipecsat/ur_10_CatapultTest/install/robotiq_description/lib/python3.10/site-packages'
[0.248s] Level 1:colcon.colcon_core.environment:checking '/home/spaceshipecsat/ur_10_CatapultTest/install/robotiq_description/bin'
[0.248s] INFO:colcon.colcon_core.shell:Creating package script '/home/spaceshipecsat/ur_10_CatapultTest/install/robotiq_description/share/robotiq_description/package.ps1'
[0.249s] INFO:colcon.colcon_core.shell:Creating package descriptor '/home/spaceshipecsat/ur_10_CatapultTest/install/robotiq_description/share/robotiq_description/package.dsv'
[0.249s] INFO:colcon.colcon_core.shell:Creating package script '/home/spaceshipecsat/ur_10_CatapultTest/install/robotiq_description/share/robotiq_description/package.sh'
[0.249s] INFO:colcon.colcon_core.shell:Creating package script '/home/spaceshipecsat/ur_10_CatapultTest/install/robotiq_description/share/robotiq_description/package.bash'
[0.249s] INFO:colcon.colcon_core.shell:Creating package script '/home/spaceshipecsat/ur_10_CatapultTest/install/robotiq_description/share/robotiq_description/package.zsh'
[0.249s] Level 1:colcon.colcon_core.environment:create_file_with_runtime_dependencies(/home/spaceshipecsat/ur_10_CatapultTest/install/robotiq_description/share/colcon-core/packages/robotiq_description)
[0.250s] DEBUG:colcon.colcon_core.event_handler.log_command:Invoked command in '/home/spaceshipecsat/ur_10_CatapultTest/build/robotiq_controllers' returned '0': CMAKE_PREFIX_PATH=${CMAKE_PREFIX_PATH}:/opt/ros/humble /usr/bin/cmake --build /home/spaceshipecsat/ur_10_CatapultTest/build/robotiq_controllers -- -j32 -l32
[0.251s] Level 1:colcon.colcon_core.environment:create_environment_scripts_only(ur_description)
[0.251s] Level 1:colcon.colcon_core.environment:checking '/home/spaceshipecsat/ur_10_CatapultTest/install/ur_description' for CMake module files
[0.251s] DEBUG:colcon.colcon_core.event_handler.log_command:Invoking command in '/home/spaceshipecsat/ur_10_CatapultTest/build/robotiq_controllers': CMAKE_PREFIX_PATH=${CMAKE_PREFIX_PATH}:/opt/ros/humble /usr/bin/cmake --install /home/spaceshipecsat/ur_10_CatapultTest/build/robotiq_controllers
[0.252s] DEBUG:colcon.colcon_core.event_handler.log_command:Invoked command in '/home/spaceshipecsat/ur_10_CatapultTest/build/ur_description' returned '0': CMAKE_PREFIX_PATH=${CMAKE_PREFIX_PATH}:/opt/ros/humble /usr/bin/cmake --install /home/spaceshipecsat/ur_10_CatapultTest/build/ur_description
[0.252s] Level 1:colcon.colcon_core.environment:checking '/home/spaceshipecsat/ur_10_CatapultTest/install/ur_description' for CMake config files
[0.252s] Level 1:colcon.colcon_core.shell:create_environment_hook('ur_description', 'cmake_prefix_path')
[0.252s] INFO:colcon.colcon_core.shell:Creating environment hook '/home/spaceshipecsat/ur_10_CatapultTest/install/ur_description/share/ur_description/hook/cmake_prefix_path.ps1'
[0.253s] INFO:colcon.colcon_core.shell:Creating environment descriptor '/home/spaceshipecsat/ur_10_CatapultTest/install/ur_description/share/ur_description/hook/cmake_prefix_path.dsv'
[0.253s] INFO:colcon.colcon_core.shell:Creating environment hook '/home/spaceshipecsat/ur_10_CatapultTest/install/ur_description/share/ur_description/hook/cmake_prefix_path.sh'
[0.253s] Level 1:colcon.colcon_core.environment:checking '/home/spaceshipecsat/ur_10_CatapultTest/install/ur_description/bin'
[0.253s] Level 1:colcon.colcon_core.environment:checking '/home/spaceshipecsat/ur_10_CatapultTest/install/ur_description/lib/pkgconfig/ur_description.pc'
[0.254s] Level 1:colcon.colcon_core.environment:checking '/home/spaceshipecsat/ur_10_CatapultTest/install/ur_description/lib/python3.10/site-packages'
[0.254s] Level 1:colcon.colcon_core.environment:checking '/home/spaceshipecsat/ur_10_CatapultTest/install/ur_description/bin'
[0.254s] INFO:colcon.colcon_core.shell:Creating package script '/home/spaceshipecsat/ur_10_CatapultTest/install/ur_description/share/ur_description/package.ps1'
[0.254s] INFO:colcon.colcon_core.shell:Creating package descriptor '/home/spaceshipecsat/ur_10_CatapultTest/install/ur_description/share/ur_description/package.dsv'
[0.255s] INFO:colcon.colcon_core.shell:Creating package script '/home/spaceshipecsat/ur_10_CatapultTest/install/ur_description/share/ur_description/package.sh'
[0.255s] INFO:colcon.colcon_core.shell:Creating package script '/home/spaceshipecsat/ur_10_CatapultTest/install/ur_description/share/ur_description/package.bash'
[0.255s] INFO:colcon.colcon_core.shell:Creating package script '/home/spaceshipecsat/ur_10_CatapultTest/install/ur_description/share/ur_description/package.zsh'
[0.255s] Level 1:colcon.colcon_core.environment:create_file_with_runtime_dependencies(/home/spaceshipecsat/ur_10_CatapultTest/install/ur_description/share/colcon-core/packages/ur_description)
[0.256s] Level 1:colcon.colcon_core.environment:create_environment_scripts_only(ur_description)
[0.256s] Level 1:colcon.colcon_core.environment:checking '/home/spaceshipecsat/ur_10_CatapultTest/install/ur_description' for CMake module files
[0.256s] Level 1:colcon.colcon_core.environment:checking '/home/spaceshipecsat/ur_10_CatapultTest/install/ur_description' for CMake config files
[0.257s] Level 1:colcon.colcon_core.shell:create_environment_hook('ur_description', 'cmake_prefix_path')
[0.257s] INFO:colcon.colcon_core.shell:Creating environment hook '/home/spaceshipecsat/ur_10_CatapultTest/install/ur_description/share/ur_description/hook/cmake_prefix_path.ps1'
[0.257s] INFO:colcon.colcon_core.shell:Creating environment descriptor '/home/spaceshipecsat/ur_10_CatapultTest/install/ur_description/share/ur_description/hook/cmake_prefix_path.dsv'
[0.257s] INFO:colcon.colcon_core.shell:Creating environment hook '/home/spaceshipecsat/ur_10_CatapultTest/install/ur_description/share/ur_description/hook/cmake_prefix_path.sh'
[0.258s] Level 1:colcon.colcon_core.environment:checking '/home/spaceshipecsat/ur_10_CatapultTest/install/ur_description/bin'
[0.258s] Level 1:colcon.colcon_core.environment:checking '/home/spaceshipecsat/ur_10_CatapultTest/install/ur_description/lib/pkgconfig/ur_description.pc'
[0.259s] Level 1:colcon.colcon_core.environment:checking '/home/spaceshipecsat/ur_10_CatapultTest/install/ur_description/lib/python3.10/site-packages'
[0.259s] Level 1:colcon.colcon_core.environment:checking '/home/spaceshipecsat/ur_10_CatapultTest/install/ur_description/bin'
[0.259s] INFO:colcon.colcon_core.shell:Creating package script '/home/spaceshipecsat/ur_10_CatapultTest/install/ur_description/share/ur_description/package.ps1'
[0.259s] INFO:colcon.colcon_core.shell:Creating package descriptor '/home/spaceshipecsat/ur_10_CatapultTest/install/ur_description/share/ur_description/package.dsv'
[0.260s] INFO:colcon.colcon_core.shell:Creating package script '/home/spaceshipecsat/ur_10_CatapultTest/install/ur_description/share/ur_description/package.sh'
[0.260s] INFO:colcon.colcon_core.shell:Creating package script '/home/spaceshipecsat/ur_10_CatapultTest/install/ur_description/share/ur_description/package.bash'
[0.260s] INFO:colcon.colcon_core.shell:Creating package script '/home/spaceshipecsat/ur_10_CatapultTest/install/ur_description/share/ur_description/package.zsh'
[0.261s] Level 1:colcon.colcon_core.environment:create_file_with_runtime_dependencies(/home/spaceshipecsat/ur_10_CatapultTest/install/ur_description/share/colcon-core/packages/ur_description)
[0.261s] INFO:colcon.colcon_ros.task.ament_cmake.build:Building ROS package in '/home/spaceshipecsat/ur_10_CatapultTest/src/ur_yt_sim' with build type 'ament_cmake'
[0.261s] INFO:colcon.colcon_cmake.task.cmake.build:Building CMake package in '/home/spaceshipecsat/ur_10_CatapultTest/src/ur_yt_sim'
[0.261s] INFO:colcon.colcon_core.shell:Skip shell extension 'powershell' for command environment: Not usable outside of PowerShell
[0.261s] DEBUG:colcon.colcon_core.shell:Skip shell extension 'dsv' for command environment
[0.265s] INFO:colcon.colcon_ros.task.ament_cmake.build:Building ROS package in '/home/spaceshipecsat/ur_10_CatapultTest/src/Universal_Robots_ROS2_Gazebo_Simulation/ur_simulation_gazebo' with build type 'ament_cmake'
[0.265s] INFO:colcon.colcon_cmake.task.cmake.build:Building CMake package in '/home/spaceshipecsat/ur_10_CatapultTest/src/Universal_Robots_ROS2_Gazebo_Simulation/ur_simulation_gazebo'
[0.266s] INFO:colcon.colcon_core.shell:Skip shell extension 'powershell' for command environment: Not usable outside of PowerShell
[0.266s] DEBUG:colcon.colcon_core.shell:Skip shell extension 'dsv' for command environment
[0.271s] DEBUG:colcon.colcon_core.event_handler.log_command:Invoking command in '/home/spaceshipecsat/ur_10_CatapultTest/build/ur_yt_sim': CMAKE_PREFIX_PATH=/home/spaceshipecsat/ur_10_CatapultTest/install/ur_description:/home/spaceshipecsat/ur_10_CatapultTest/install/robotiq_description:/home/spaceshipecsat/ur_10_CatapultTest/install/ur5_camera_moveit_config:/home/spaceshipecsat/ur_10_CatapultTest/install/ur5_camera_gripper_moveit_config:/home/spaceshipecsat/ur_10_CatapultTest/install/ur10_camera_moveit_config:/home/spaceshipecsat/ur_10_CatapultTest/install/ur10_camera_gripper_moveit_config:/home/spaceshipecsat/ur_10_CatapultTest/install/ur_yt_sim:/home/spaceshipecsat/ur_10_CatapultTest/install/ur_simulation_gazebo:/home/spaceshipecsat/ur_10_CatapultTest/install/ros2_linkattacher:/home/spaceshipecsat/ur_10_CatapultTest/install/robotiq_controllers:/home/spaceshipecsat/ur_10_CatapultTest/install/linkattacher_msgs:/opt/ros/humble /usr/bin/cmake --build /home/spaceshipecsat/ur_10_CatapultTest/build/ur_yt_sim -- -j32 -l32
[0.271s] Level 1:colcon.colcon_core.environment:create_environment_scripts_only(robotiq_controllers)
[0.272s] Level 1:colcon.colcon_core.environment:checking '/home/spaceshipecsat/ur_10_CatapultTest/install/robotiq_controllers' for CMake module files
[0.272s] DEBUG:colcon.colcon_core.event_handler.log_command:Invoked command in '/home/spaceshipecsat/ur_10_CatapultTest/build/robotiq_controllers' returned '0': CMAKE_PREFIX_PATH=${CMAKE_PREFIX_PATH}:/opt/ros/humble /usr/bin/cmake --install /home/spaceshipecsat/ur_10_CatapultTest/build/robotiq_controllers
[0.272s] Level 1:colcon.colcon_core.environment:checking '/home/spaceshipecsat/ur_10_CatapultTest/install/robotiq_controllers' for CMake config files
[0.273s] Level 1:colcon.colcon_core.shell:create_environment_hook('robotiq_controllers', 'cmake_prefix_path')
[0.273s] INFO:colcon.colcon_core.shell:Creating environment hook '/home/spaceshipecsat/ur_10_CatapultTest/install/robotiq_controllers/share/robotiq_controllers/hook/cmake_prefix_path.ps1'
[0.273s] INFO:colcon.colcon_core.shell:Creating environment descriptor '/home/spaceshipecsat/ur_10_CatapultTest/install/robotiq_controllers/share/robotiq_controllers/hook/cmake_prefix_path.dsv'
[0.273s] INFO:colcon.colcon_core.shell:Creating environment hook '/home/spaceshipecsat/ur_10_CatapultTest/install/robotiq_controllers/share/robotiq_controllers/hook/cmake_prefix_path.sh'
[0.274s] Level 1:colcon.colcon_core.environment:checking '/home/spaceshipecsat/ur_10_CatapultTest/install/robotiq_controllers/lib'
[0.274s] Level 1:colcon.colcon_core.shell:create_environment_hook('robotiq_controllers', 'ld_library_path_lib')
[0.274s] INFO:colcon.colcon_core.shell:Creating environment hook '/home/spaceshipecsat/ur_10_CatapultTest/install/robotiq_controllers/share/robotiq_controllers/hook/ld_library_path_lib.ps1'
[0.274s] INFO:colcon.colcon_core.shell:Creating environment descriptor '/home/spaceshipecsat/ur_10_CatapultTest/install/robotiq_controllers/share/robotiq_controllers/hook/ld_library_path_lib.dsv'
[0.275s] INFO:colcon.colcon_core.shell:Creating environment hook '/home/spaceshipecsat/ur_10_CatapultTest/install/robotiq_controllers/share/robotiq_controllers/hook/ld_library_path_lib.sh'
[0.275s] Level 1:colcon.colcon_core.environment:checking '/home/spaceshipecsat/ur_10_CatapultTest/install/robotiq_controllers/bin'
[0.275s] Level 1:colcon.colcon_core.environment:checking '/home/spaceshipecsat/ur_10_CatapultTest/install/robotiq_controllers/lib/pkgconfig/robotiq_controllers.pc'
[0.275s] Level 1:colcon.colcon_core.environment:checking '/home/spaceshipecsat/ur_10_CatapultTest/install/robotiq_controllers/lib/python3.10/site-packages'
[0.275s] Level 1:colcon.colcon_core.environment:checking '/home/spaceshipecsat/ur_10_CatapultTest/install/robotiq_controllers/bin'
[0.275s] INFO:colcon.colcon_core.shell:Creating package script '/home/spaceshipecsat/ur_10_CatapultTest/install/robotiq_controllers/share/robotiq_controllers/package.ps1'
[0.276s] INFO:colcon.colcon_core.shell:Creating package descriptor '/home/spaceshipecsat/ur_10_CatapultTest/install/robotiq_controllers/share/robotiq_controllers/package.dsv'
[0.276s] INFO:colcon.colcon_core.shell:Creating package script '/home/spaceshipecsat/ur_10_CatapultTest/install/robotiq_controllers/share/robotiq_controllers/package.sh'
[0.276s] INFO:colcon.colcon_core.shell:Creating package script '/home/spaceshipecsat/ur_10_CatapultTest/install/robotiq_controllers/share/robotiq_controllers/package.bash'
[0.277s] INFO:colcon.colcon_core.shell:Creating package script '/home/spaceshipecsat/ur_10_CatapultTest/install/robotiq_controllers/share/robotiq_controllers/package.zsh'
[0.277s] Level 1:colcon.colcon_core.environment:create_file_with_runtime_dependencies(/home/spaceshipecsat/ur_10_CatapultTest/install/robotiq_controllers/share/colcon-core/packages/robotiq_controllers)
[0.277s] Level 1:colcon.colcon_core.environment:create_environment_scripts_only(robotiq_controllers)
[0.278s] Level 1:colcon.colcon_core.environment:checking '/home/spaceshipecsat/ur_10_CatapultTest/install/robotiq_controllers' for CMake module files
[0.278s] Level 1:colcon.colcon_core.environment:checking '/home/spaceshipecsat/ur_10_CatapultTest/install/robotiq_controllers' for CMake config files
[0.278s] Level 1:colcon.colcon_core.shell:create_environment_hook('robotiq_controllers', 'cmake_prefix_path')
[0.278s] INFO:colcon.colcon_core.shell:Creating environment hook '/home/spaceshipecsat/ur_10_CatapultTest/install/robotiq_controllers/share/robotiq_controllers/hook/cmake_prefix_path.ps1'
[0.279s] INFO:colcon.colcon_core.shell:Creating environment descriptor '/home/spaceshipecsat/ur_10_CatapultTest/install/robotiq_controllers/share/robotiq_controllers/hook/cmake_prefix_path.dsv'
[0.279s] INFO:colcon.colcon_core.shell:Creating environment hook '/home/spaceshipecsat/ur_10_CatapultTest/install/robotiq_controllers/share/robotiq_controllers/hook/cmake_prefix_path.sh'
[0.279s] Level 1:colcon.colcon_core.environment:checking '/home/spaceshipecsat/ur_10_CatapultTest/install/robotiq_controllers/lib'
[0.279s] Level 1:colcon.colcon_core.shell:create_environment_hook('robotiq_controllers', 'ld_library_path_lib')
[0.279s] INFO:colcon.colcon_core.shell:Creating environment hook '/home/spaceshipecsat/ur_10_CatapultTest/install/robotiq_controllers/share/robotiq_controllers/hook/ld_library_path_lib.ps1'
[0.280s] INFO:colcon.colcon_core.shell:Creating environment descriptor '/home/spaceshipecsat/ur_10_CatapultTest/install/robotiq_controllers/share/robotiq_controllers/hook/ld_library_path_lib.dsv'
[0.280s] INFO:colcon.colcon_core.shell:Creating environment hook '/home/spaceshipecsat/ur_10_CatapultTest/install/robotiq_controllers/share/robotiq_controllers/hook/ld_library_path_lib.sh'
[0.280s] Level 1:colcon.colcon_core.environment:checking '/home/spaceshipecsat/ur_10_CatapultTest/install/robotiq_controllers/bin'
[0.280s] Level 1:colcon.colcon_core.environment:checking '/home/spaceshipecsat/ur_10_CatapultTest/install/robotiq_controllers/lib/pkgconfig/robotiq_controllers.pc'
[0.280s] Level 1:colcon.colcon_core.environment:checking '/home/spaceshipecsat/ur_10_CatapultTest/install/robotiq_controllers/lib/python3.10/site-packages'
[0.281s] Level 1:colcon.colcon_core.environment:checking '/home/spaceshipecsat/ur_10_CatapultTest/install/robotiq_controllers/bin'
[0.281s] INFO:colcon.colcon_core.shell:Creating package script '/home/spaceshipecsat/ur_10_CatapultTest/install/robotiq_controllers/share/robotiq_controllers/package.ps1'
[0.281s] INFO:colcon.colcon_core.shell:Creating package descriptor '/home/spaceshipecsat/ur_10_CatapultTest/install/robotiq_controllers/share/robotiq_controllers/package.dsv'
[0.282s] INFO:colcon.colcon_core.shell:Creating package script '/home/spaceshipecsat/ur_10_CatapultTest/install/robotiq_controllers/share/robotiq_controllers/package.sh'
[0.282s] INFO:colcon.colcon_core.shell:Creating package script '/home/spaceshipecsat/ur_10_CatapultTest/install/robotiq_controllers/share/robotiq_controllers/package.bash'
[0.282s] INFO:colcon.colcon_core.shell:Creating package script '/home/spaceshipecsat/ur_10_CatapultTest/install/robotiq_controllers/share/robotiq_controllers/package.zsh'
[0.282s] Level 1:colcon.colcon_core.environment:create_file_with_runtime_dependencies(/home/spaceshipecsat/ur_10_CatapultTest/install/robotiq_controllers/share/colcon-core/packages/robotiq_controllers)
[0.285s] DEBUG:colcon.colcon_core.event_handler.log_command:Invoking command in '/home/spaceshipecsat/ur_10_CatapultTest/build/ur_simulation_gazebo': CMAKE_PREFIX_PATH=/home/spaceshipecsat/ur_10_CatapultTest/install/ur_description:/home/spaceshipecsat/ur_10_CatapultTest/install/ur5_camera_moveit_config:/home/spaceshipecsat/ur_10_CatapultTest/install/ur5_camera_gripper_moveit_config:/home/spaceshipecsat/ur_10_CatapultTest/install/ur10_camera_moveit_config:/home/spaceshipecsat/ur_10_CatapultTest/install/ur10_camera_gripper_moveit_config:/home/spaceshipecsat/ur_10_CatapultTest/install/ur_yt_sim:/home/spaceshipecsat/ur_10_CatapultTest/install/ur_simulation_gazebo:/home/spaceshipecsat/ur_10_CatapultTest/install/ros2_linkattacher:/home/spaceshipecsat/ur_10_CatapultTest/install/robotiq_description:/home/spaceshipecsat/ur_10_CatapultTest/install/robotiq_controllers:/home/spaceshipecsat/ur_10_CatapultTest/install/linkattacher_msgs:/opt/ros/humble /usr/bin/cmake --build /home/spaceshipecsat/ur_10_CatapultTest/build/ur_simulation_gazebo -- -j32 -l32
[0.306s] DEBUG:colcon.colcon_core.event_handler.log_command:Invoked command in '/home/spaceshipecsat/ur_10_CatapultTest/build/ur_simulation_gazebo' returned '0': CMAKE_PREFIX_PATH=/home/spaceshipecsat/ur_10_CatapultTest/install/ur_description:/home/spaceshipecsat/ur_10_CatapultTest/install/ur5_camera_moveit_config:/home/spaceshipecsat/ur_10_CatapultTest/install/ur5_camera_gripper_moveit_config:/home/spaceshipecsat/ur_10_CatapultTest/install/ur10_camera_moveit_config:/home/spaceshipecsat/ur_10_CatapultTest/install/ur10_camera_gripper_moveit_config:/home/spaceshipecsat/ur_10_CatapultTest/install/ur_yt_sim:/home/spaceshipecsat/ur_10_CatapultTest/install/ur_simulation_gazebo:/home/spaceshipecsat/ur_10_CatapultTest/install/ros2_linkattacher:/home/spaceshipecsat/ur_10_CatapultTest/install/robotiq_description:/home/spaceshipecsat/ur_10_CatapultTest/install/robotiq_controllers:/home/spaceshipecsat/ur_10_CatapultTest/install/linkattacher_msgs:/opt/ros/humble /usr/bin/cmake --build /home/spaceshipecsat/ur_10_CatapultTest/build/ur_simulation_gazebo -- -j32 -l32
[0.307s] DEBUG:colcon.colcon_core.event_handler.log_command:Invoking command in '/home/spaceshipecsat/ur_10_CatapultTest/build/ur_simulation_gazebo': CMAKE_PREFIX_PATH=/home/spaceshipecsat/ur_10_CatapultTest/install/ur_description:/home/spaceshipecsat/ur_10_CatapultTest/install/ur5_camera_moveit_config:/home/spaceshipecsat/ur_10_CatapultTest/install/ur5_camera_gripper_moveit_config:/home/spaceshipecsat/ur_10_CatapultTest/install/ur10_camera_moveit_config:/home/spaceshipecsat/ur_10_CatapultTest/install/ur10_camera_gripper_moveit_config:/home/spaceshipecsat/ur_10_CatapultTest/install/ur_yt_sim:/home/spaceshipecsat/ur_10_CatapultTest/install/ur_simulation_gazebo:/home/spaceshipecsat/ur_10_CatapultTest/install/ros2_linkattacher:/home/spaceshipecsat/ur_10_CatapultTest/install/robotiq_description:/home/spaceshipecsat/ur_10_CatapultTest/install/robotiq_controllers:/home/spaceshipecsat/ur_10_CatapultTest/install/linkattacher_msgs:/opt/ros/humble /usr/bin/cmake --install /home/spaceshipecsat/ur_10_CatapultTest/build/ur_simulation_gazebo
[0.318s] Level 1:colcon.colcon_core.environment:create_environment_scripts_only(ur_simulation_gazebo)
[0.318s] DEBUG:colcon.colcon_core.event_handler.log_command:Invoked command in '/home/spaceshipecsat/ur_10_CatapultTest/build/ur_simulation_gazebo' returned '0': CMAKE_PREFIX_PATH=/home/spaceshipecsat/ur_10_CatapultTest/install/ur_description:/home/spaceshipecsat/ur_10_CatapultTest/install/ur5_camera_moveit_config:/home/spaceshipecsat/ur_10_CatapultTest/install/ur5_camera_gripper_moveit_config:/home/spaceshipecsat/ur_10_CatapultTest/install/ur10_camera_moveit_config:/home/spaceshipecsat/ur_10_CatapultTest/install/ur10_camera_gripper_moveit_config:/home/spaceshipecsat/ur_10_CatapultTest/install/ur_yt_sim:/home/spaceshipecsat/ur_10_CatapultTest/install/ur_simulation_gazebo:/home/spaceshipecsat/ur_10_CatapultTest/install/ros2_linkattacher:/home/spaceshipecsat/ur_10_CatapultTest/install/robotiq_description:/home/spaceshipecsat/ur_10_CatapultTest/install/robotiq_controllers:/home/spaceshipecsat/ur_10_CatapultTest/install/linkattacher_msgs:/opt/ros/humble /usr/bin/cmake --install /home/spaceshipecsat/ur_10_CatapultTest/build/ur_simulation_gazebo
[0.319s] Level 1:colcon.colcon_core.environment:checking '/home/spaceshipecsat/ur_10_CatapultTest/install/ur_simulation_gazebo' for CMake module files
[0.319s] Level 1:colcon.colcon_core.environment:checking '/home/spaceshipecsat/ur_10_CatapultTest/install/ur_simulation_gazebo' for CMake config files
[0.319s] Level 1:colcon.colcon_core.shell:create_environment_hook('ur_simulation_gazebo', 'cmake_prefix_path')
[0.319s] INFO:colcon.colcon_core.shell:Creating environment hook '/home/spaceshipecsat/ur_10_CatapultTest/install/ur_simulation_gazebo/share/ur_simulation_gazebo/hook/cmake_prefix_path.ps1'
[0.320s] INFO:colcon.colcon_core.shell:Creating environment descriptor '/home/spaceshipecsat/ur_10_CatapultTest/install/ur_simulation_gazebo/share/ur_simulation_gazebo/hook/cmake_prefix_path.dsv'
[0.320s] INFO:colcon.colcon_core.shell:Creating environment hook '/home/spaceshipecsat/ur_10_CatapultTest/install/ur_simulation_gazebo/share/ur_simulation_gazebo/hook/cmake_prefix_path.sh'
[0.320s] Level 1:colcon.colcon_core.environment:checking '/home/spaceshipecsat/ur_10_CatapultTest/install/ur_simulation_gazebo/bin'
[0.320s] Level 1:colcon.colcon_core.environment:checking '/home/spaceshipecsat/ur_10_CatapultTest/install/ur_simulation_gazebo/lib/pkgconfig/ur_simulation_gazebo.pc'
[0.321s] Level 1:colcon.colcon_core.environment:checking '/home/spaceshipecsat/ur_10_CatapultTest/install/ur_simulation_gazebo/lib/python3.10/site-packages'
[0.321s] Level 1:colcon.colcon_core.environment:checking '/home/spaceshipecsat/ur_10_CatapultTest/install/ur_simulation_gazebo/bin'
[0.321s] INFO:colcon.colcon_core.shell:Creating package script '/home/spaceshipecsat/ur_10_CatapultTest/install/ur_simulation_gazebo/share/ur_simulation_gazebo/package.ps1'
[0.321s] INFO:colcon.colcon_core.shell:Creating package descriptor '/home/spaceshipecsat/ur_10_CatapultTest/install/ur_simulation_gazebo/share/ur_simulation_gazebo/package.dsv'
[0.322s] INFO:colcon.colcon_core.shell:Creating package script '/home/spaceshipecsat/ur_10_CatapultTest/install/ur_simulation_gazebo/share/ur_simulation_gazebo/package.sh'
[0.322s] INFO:colcon.colcon_core.shell:Creating package script '/home/spaceshipecsat/ur_10_CatapultTest/install/ur_simulation_gazebo/share/ur_simulation_gazebo/package.bash'
[0.322s] INFO:colcon.colcon_core.shell:Creating package script '/home/spaceshipecsat/ur_10_CatapultTest/install/ur_simulation_gazebo/share/ur_simulation_gazebo/package.zsh'
[0.322s] Level 1:colcon.colcon_core.environment:create_file_with_runtime_dependencies(/home/spaceshipecsat/ur_10_CatapultTest/install/ur_simulation_gazebo/share/colcon-core/packages/ur_simulation_gazebo)
[0.323s] Level 1:colcon.colcon_core.environment:create_environment_scripts_only(ur_simulation_gazebo)
[0.323s] Level 1:colcon.colcon_core.environment:checking '/home/spaceshipecsat/ur_10_CatapultTest/install/ur_simulation_gazebo' for CMake module files
[0.323s] Level 1:colcon.colcon_core.environment:checking '/home/spaceshipecsat/ur_10_CatapultTest/install/ur_simulation_gazebo' for CMake config files
[0.323s] Level 1:colcon.colcon_core.shell:create_environment_hook('ur_simulation_gazebo', 'cmake_prefix_path')
[0.323s] INFO:colcon.colcon_core.shell:Creating environment hook '/home/spaceshipecsat/ur_10_CatapultTest/install/ur_simulation_gazebo/share/ur_simulation_gazebo/hook/cmake_prefix_path.ps1'
[0.324s] INFO:colcon.colcon_core.shell:Creating environment descriptor '/home/spaceshipecsat/ur_10_CatapultTest/install/ur_simulation_gazebo/share/ur_simulation_gazebo/hook/cmake_prefix_path.dsv'
[0.324s] INFO:colcon.colcon_core.shell:Creating environment hook '/home/spaceshipecsat/ur_10_CatapultTest/install/ur_simulation_gazebo/share/ur_simulation_gazebo/hook/cmake_prefix_path.sh'
[0.324s] Level 1:colcon.colcon_core.environment:checking '/home/spaceshipecsat/ur_10_CatapultTest/install/ur_simulation_gazebo/bin'
[0.324s] Level 1:colcon.colcon_core.environment:checking '/home/spaceshipecsat/ur_10_CatapultTest/install/ur_simulation_gazebo/lib/pkgconfig/ur_simulation_gazebo.pc'
[0.324s] Level 1:colcon.colcon_core.environment:checking '/home/spaceshipecsat/ur_10_CatapultTest/install/ur_simulation_gazebo/lib/python3.10/site-packages'
[0.324s] Level 1:colcon.colcon_core.environment:checking '/home/spaceshipecsat/ur_10_CatapultTest/install/ur_simulation_gazebo/bin'
[0.324s] INFO:colcon.colcon_core.shell:Creating package script '/home/spaceshipecsat/ur_10_CatapultTest/install/ur_simulation_gazebo/share/ur_simulation_gazebo/package.ps1'
[0.325s] INFO:colcon.colcon_core.shell:Creating package descriptor '/home/spaceshipecsat/ur_10_CatapultTest/install/ur_simulation_gazebo/share/ur_simulation_gazebo/package.dsv'
[0.325s] INFO:colcon.colcon_core.shell:Creating package script '/home/spaceshipecsat/ur_10_CatapultTest/install/ur_simulation_gazebo/share/ur_simulation_gazebo/package.sh'
[0.325s] INFO:colcon.colcon_core.shell:Creating package script '/home/spaceshipecsat/ur_10_CatapultTest/install/ur_simulation_gazebo/share/ur_simulation_gazebo/package.bash'
[0.325s] INFO:colcon.colcon_core.shell:Creating package script '/home/spaceshipecsat/ur_10_CatapultTest/install/ur_simulation_gazebo/share/ur_simulation_gazebo/package.zsh'
[0.325s] Level 1:colcon.colcon_core.environment:create_file_with_runtime_dependencies(/home/spaceshipecsat/ur_10_CatapultTest/install/ur_simulation_gazebo/share/colcon-core/packages/ur_simulation_gazebo)
[0.326s] DEBUG:colcon.colcon_core.event_handler.log_command:Invoked command in '/home/spaceshipecsat/ur_10_CatapultTest/build/ur_yt_sim' returned '0': CMAKE_PREFIX_PATH=/home/spaceshipecsat/ur_10_CatapultTest/install/ur_description:/home/spaceshipecsat/ur_10_CatapultTest/install/robotiq_description:/home/spaceshipecsat/ur_10_CatapultTest/install/ur5_camera_moveit_config:/home/spaceshipecsat/ur_10_CatapultTest/install/ur5_camera_gripper_moveit_config:/home/spaceshipecsat/ur_10_CatapultTest/install/ur10_camera_moveit_config:/home/spaceshipecsat/ur_10_CatapultTest/install/ur10_camera_gripper_moveit_config:/home/spaceshipecsat/ur_10_CatapultTest/install/ur_yt_sim:/home/spaceshipecsat/ur_10_CatapultTest/install/ur_simulation_gazebo:/home/spaceshipecsat/ur_10_CatapultTest/install/ros2_linkattacher:/home/spaceshipecsat/ur_10_CatapultTest/install/robotiq_controllers:/home/spaceshipecsat/ur_10_CatapultTest/install/linkattacher_msgs:/opt/ros/humble /usr/bin/cmake --build /home/spaceshipecsat/ur_10_CatapultTest/build/ur_yt_sim -- -j32 -l32
[0.327s] DEBUG:colcon.colcon_core.event_handler.log_command:Invoking command in '/home/spaceshipecsat/ur_10_CatapultTest/build/ur_yt_sim': CMAKE_PREFIX_PATH=/home/spaceshipecsat/ur_10_CatapultTest/install/ur_description:/home/spaceshipecsat/ur_10_CatapultTest/install/robotiq_description:/home/spaceshipecsat/ur_10_CatapultTest/install/ur5_camera_moveit_config:/home/spaceshipecsat/ur_10_CatapultTest/install/ur5_camera_gripper_moveit_config:/home/spaceshipecsat/ur_10_CatapultTest/install/ur10_camera_moveit_config:/home/spaceshipecsat/ur_10_CatapultTest/install/ur10_camera_gripper_moveit_config:/home/spaceshipecsat/ur_10_CatapultTest/install/ur_yt_sim:/home/spaceshipecsat/ur_10_CatapultTest/install/ur_simulation_gazebo:/home/spaceshipecsat/ur_10_CatapultTest/install/ros2_linkattacher:/home/spaceshipecsat/ur_10_CatapultTest/install/robotiq_controllers:/home/spaceshipecsat/ur_10_CatapultTest/install/linkattacher_msgs:/opt/ros/humble /usr/bin/cmake --install /home/spaceshipecsat/ur_10_CatapultTest/build/ur_yt_sim
[0.348s] Level 1:colcon.colcon_core.environment:create_environment_scripts_only(ur_yt_sim)
[0.348s] DEBUG:colcon.colcon_core.event_handler.log_command:Invoked command in '/home/spaceshipecsat/ur_10_CatapultTest/build/ur_yt_sim' returned '0': CMAKE_PREFIX_PATH=/home/spaceshipecsat/ur_10_CatapultTest/install/ur_description:/home/spaceshipecsat/ur_10_CatapultTest/install/robotiq_description:/home/spaceshipecsat/ur_10_CatapultTest/install/ur5_camera_moveit_config:/home/spaceshipecsat/ur_10_CatapultTest/install/ur5_camera_gripper_moveit_config:/home/spaceshipecsat/ur_10_CatapultTest/install/ur10_camera_moveit_config:/home/spaceshipecsat/ur_10_CatapultTest/install/ur10_camera_gripper_moveit_config:/home/spaceshipecsat/ur_10_CatapultTest/install/ur_yt_sim:/home/spaceshipecsat/ur_10_CatapultTest/install/ur_simulation_gazebo:/home/spaceshipecsat/ur_10_CatapultTest/install/ros2_linkattacher:/home/spaceshipecsat/ur_10_CatapultTest/install/robotiq_controllers:/home/spaceshipecsat/ur_10_CatapultTest/install/linkattacher_msgs:/opt/ros/humble /usr/bin/cmake --install /home/spaceshipecsat/ur_10_CatapultTest/build/ur_yt_sim
[0.348s] Level 1:colcon.colcon_core.environment:checking '/home/spaceshipecsat/ur_10_CatapultTest/install/ur_yt_sim' for CMake module files
[0.349s] Level 1:colcon.colcon_core.environment:checking '/home/spaceshipecsat/ur_10_CatapultTest/install/ur_yt_sim' for CMake config files
[0.350s] Level 1:colcon.colcon_core.shell:create_environment_hook('ur_yt_sim', 'cmake_prefix_path')
[0.350s] INFO:colcon.colcon_core.shell:Creating environment hook '/home/spaceshipecsat/ur_10_CatapultTest/install/ur_yt_sim/share/ur_yt_sim/hook/cmake_prefix_path.ps1'
[0.350s] INFO:colcon.colcon_core.shell:Creating environment descriptor '/home/spaceshipecsat/ur_10_CatapultTest/install/ur_yt_sim/share/ur_yt_sim/hook/cmake_prefix_path.dsv'
[0.350s] INFO:colcon.colcon_core.shell:Creating environment hook '/home/spaceshipecsat/ur_10_CatapultTest/install/ur_yt_sim/share/ur_yt_sim/hook/cmake_prefix_path.sh'
[0.350s] Level 1:colcon.colcon_core.environment:checking '/home/spaceshipecsat/ur_10_CatapultTest/install/ur_yt_sim/lib'
[0.350s] Level 1:colcon.colcon_core.environment:checking '/home/spaceshipecsat/ur_10_CatapultTest/install/ur_yt_sim/bin'
[0.350s] Level 1:colcon.colcon_core.environment:checking '/home/spaceshipecsat/ur_10_CatapultTest/install/ur_yt_sim/lib/pkgconfig/ur_yt_sim.pc'
[0.350s] Level 1:colcon.colcon_core.environment:checking '/home/spaceshipecsat/ur_10_CatapultTest/install/ur_yt_sim/lib/python3.10/site-packages'
[0.351s] Level 1:colcon.colcon_core.environment:checking '/home/spaceshipecsat/ur_10_CatapultTest/install/ur_yt_sim/bin'
[0.351s] INFO:colcon.colcon_core.shell:Creating package script '/home/spaceshipecsat/ur_10_CatapultTest/install/ur_yt_sim/share/ur_yt_sim/package.ps1'
[0.351s] INFO:colcon.colcon_core.shell:Creating package descriptor '/home/spaceshipecsat/ur_10_CatapultTest/install/ur_yt_sim/share/ur_yt_sim/package.dsv'
[0.351s] INFO:colcon.colcon_core.shell:Creating package script '/home/spaceshipecsat/ur_10_CatapultTest/install/ur_yt_sim/share/ur_yt_sim/package.sh'
[0.351s] INFO:colcon.colcon_core.shell:Creating package script '/home/spaceshipecsat/ur_10_CatapultTest/install/ur_yt_sim/share/ur_yt_sim/package.bash'
[0.351s] INFO:colcon.colcon_core.shell:Creating package script '/home/spaceshipecsat/ur_10_CatapultTest/install/ur_yt_sim/share/ur_yt_sim/package.zsh'
[0.351s] Level 1:colcon.colcon_core.environment:create_file_with_runtime_dependencies(/home/spaceshipecsat/ur_10_CatapultTest/install/ur_yt_sim/share/colcon-core/packages/ur_yt_sim)
[0.352s] Level 1:colcon.colcon_core.environment:create_environment_scripts_only(ur_yt_sim)
[0.352s] Level 1:colcon.colcon_core.environment:checking '/home/spaceshipecsat/ur_10_CatapultTest/install/ur_yt_sim' for CMake module files
[0.352s] Level 1:colcon.colcon_core.environment:checking '/home/spaceshipecsat/ur_10_CatapultTest/install/ur_yt_sim' for CMake config files
[0.352s] Level 1:colcon.colcon_core.shell:create_environment_hook('ur_yt_sim', 'cmake_prefix_path')
[0.352s] INFO:colcon.colcon_core.shell:Creating environment hook '/home/spaceshipecsat/ur_10_CatapultTest/install/ur_yt_sim/share/ur_yt_sim/hook/cmake_prefix_path.ps1'
[0.352s] INFO:colcon.colcon_core.shell:Creating environment descriptor '/home/spaceshipecsat/ur_10_CatapultTest/install/ur_yt_sim/share/ur_yt_sim/hook/cmake_prefix_path.dsv'
[0.352s] INFO:colcon.colcon_core.shell:Creating environment hook '/home/spaceshipecsat/ur_10_CatapultTest/install/ur_yt_sim/share/ur_yt_sim/hook/cmake_prefix_path.sh'
[0.352s] Level 1:colcon.colcon_core.environment:checking '/home/spaceshipecsat/ur_10_CatapultTest/install/ur_yt_sim/lib'
[0.353s] Level 1:colcon.colcon_core.environment:checking '/home/spaceshipecsat/ur_10_CatapultTest/install/ur_yt_sim/bin'
[0.353s] Level 1:colcon.colcon_core.environment:checking '/home/spaceshipecsat/ur_10_CatapultTest/install/ur_yt_sim/lib/pkgconfig/ur_yt_sim.pc'
[0.353s] Level 1:colcon.colcon_core.environment:checking '/home/spaceshipecsat/ur_10_CatapultTest/install/ur_yt_sim/lib/python3.10/site-packages'
[0.353s] Level 1:colcon.colcon_core.environment:checking '/home/spaceshipecsat/ur_10_CatapultTest/install/ur_yt_sim/bin'
[0.353s] INFO:colcon.colcon_core.shell:Creating package script '/home/spaceshipecsat/ur_10_CatapultTest/install/ur_yt_sim/share/ur_yt_sim/package.ps1'
[0.353s] INFO:colcon.colcon_core.shell:Creating package descriptor '/home/spaceshipecsat/ur_10_CatapultTest/install/ur_yt_sim/share/ur_yt_sim/package.dsv'
[0.353s] INFO:colcon.colcon_core.shell:Creating package script '/home/spaceshipecsat/ur_10_CatapultTest/install/ur_yt_sim/share/ur_yt_sim/package.sh'
[0.354s] INFO:colcon.colcon_core.shell:Creating package script '/home/spaceshipecsat/ur_10_CatapultTest/install/ur_yt_sim/share/ur_yt_sim/package.bash'
[0.354s] INFO:colcon.colcon_core.shell:Creating package script '/home/spaceshipecsat/ur_10_CatapultTest/install/ur_yt_sim/share/ur_yt_sim/package.zsh'
[0.354s] Level 1:colcon.colcon_core.environment:create_file_with_runtime_dependencies(/home/spaceshipecsat/ur_10_CatapultTest/install/ur_yt_sim/share/colcon-core/packages/ur_yt_sim)
[0.354s] INFO:colcon.colcon_ros.task.ament_cmake.build:Building ROS package in '/home/spaceshipecsat/ur_10_CatapultTest/src/ur10_camera_gripper_moveit_config' with build type 'ament_cmake'
[0.354s] INFO:colcon.colcon_cmake.task.cmake.build:Building CMake package in '/home/spaceshipecsat/ur_10_CatapultTest/src/ur10_camera_gripper_moveit_config'
[0.354s] INFO:colcon.colcon_core.shell:Skip shell extension 'powershell' for command environment: Not usable outside of PowerShell
[0.354s] DEBUG:colcon.colcon_core.shell:Skip shell extension 'dsv' for command environment
[0.356s] INFO:colcon.colcon_ros.task.ament_cmake.build:Building ROS package in '/home/spaceshipecsat/ur_10_CatapultTest/src/ur10_camera_moveit_config' with build type 'ament_cmake'
[0.356s] INFO:colcon.colcon_cmake.task.cmake.build:Building CMake package in '/home/spaceshipecsat/ur_10_CatapultTest/src/ur10_camera_moveit_config'
[0.356s] INFO:colcon.colcon_core.shell:Skip shell extension 'powershell' for command environment: Not usable outside of PowerShell
[0.356s] DEBUG:colcon.colcon_core.shell:Skip shell extension 'dsv' for command environment
[0.358s] INFO:colcon.colcon_ros.task.ament_cmake.build:Building ROS package in '/home/spaceshipecsat/ur_10_CatapultTest/src/ur5_camera_gripper_moveit_config' with build type 'ament_cmake'
[0.358s] INFO:colcon.colcon_cmake.task.cmake.build:Building CMake package in '/home/spaceshipecsat/ur_10_CatapultTest/src/ur5_camera_gripper_moveit_config'
[0.358s] INFO:colcon.colcon_core.shell:Skip shell extension 'powershell' for command environment: Not usable outside of PowerShell
[0.358s] DEBUG:colcon.colcon_core.shell:Skip shell extension 'dsv' for command environment
[0.360s] INFO:colcon.colcon_ros.task.ament_cmake.build:Building ROS package in '/home/spaceshipecsat/ur_10_CatapultTest/src/ur5_camera_moveit_config' with build type 'ament_cmake'
[0.360s] INFO:colcon.colcon_cmake.task.cmake.build:Building CMake package in '/home/spaceshipecsat/ur_10_CatapultTest/src/ur5_camera_moveit_config'
[0.360s] INFO:colcon.colcon_core.shell:Skip shell extension 'powershell' for command environment: Not usable outside of PowerShell
[0.360s] DEBUG:colcon.colcon_core.shell:Skip shell extension 'dsv' for command environment
[0.363s] DEBUG:colcon.colcon_core.event_handler.log_command:Invoking command in '/home/spaceshipecsat/ur_10_CatapultTest/build/ur10_camera_gripper_moveit_config': CMAKE_PREFIX_PATH=/home/spaceshipecsat/ur_10_CatapultTest/install/ur_yt_sim:/home/spaceshipecsat/ur_10_CatapultTest/install/ur_description:/home/spaceshipecsat/ur_10_CatapultTest/install/robotiq_description:/home/spaceshipecsat/ur_10_CatapultTest/install/ur5_camera_moveit_config:/home/spaceshipecsat/ur_10_CatapultTest/install/ur5_camera_gripper_moveit_config:/home/spaceshipecsat/ur_10_CatapultTest/install/ur10_camera_moveit_config:/home/spaceshipecsat/ur_10_CatapultTest/install/ur10_camera_gripper_moveit_config:/home/spaceshipecsat/ur_10_CatapultTest/install/ur_simulation_gazebo:/home/spaceshipecsat/ur_10_CatapultTest/install/ros2_linkattacher:/home/spaceshipecsat/ur_10_CatapultTest/install/robotiq_controllers:/home/spaceshipecsat/ur_10_CatapultTest/install/linkattacher_msgs:/opt/ros/humble /usr/bin/cmake --build /home/spaceshipecsat/ur_10_CatapultTest/build/ur10_camera_gripper_moveit_config -- -j32 -l32
[0.364s] DEBUG:colcon.colcon_core.event_handler.log_command:Invoking command in '/home/spaceshipecsat/ur_10_CatapultTest/build/ur10_camera_moveit_config': CMAKE_PREFIX_PATH=/home/spaceshipecsat/ur_10_CatapultTest/install/ur_yt_sim:/home/spaceshipecsat/ur_10_CatapultTest/install/ur_description:/home/spaceshipecsat/ur_10_CatapultTest/install/robotiq_description:/home/spaceshipecsat/ur_10_CatapultTest/install/ur5_camera_moveit_config:/home/spaceshipecsat/ur_10_CatapultTest/install/ur5_camera_gripper_moveit_config:/home/spaceshipecsat/ur_10_CatapultTest/install/ur10_camera_moveit_config:/home/spaceshipecsat/ur_10_CatapultTest/install/ur10_camera_gripper_moveit_config:/home/spaceshipecsat/ur_10_CatapultTest/install/ur_simulation_gazebo:/home/spaceshipecsat/ur_10_CatapultTest/install/ros2_linkattacher:/home/spaceshipecsat/ur_10_CatapultTest/install/robotiq_controllers:/home/spaceshipecsat/ur_10_CatapultTest/install/linkattacher_msgs:/opt/ros/humble /usr/bin/cmake --build /home/spaceshipecsat/ur_10_CatapultTest/build/ur10_camera_moveit_config -- -j32 -l32
[0.364s] DEBUG:colcon.colcon_core.event_handler.log_command:Invoked command in '/home/spaceshipecsat/ur_10_CatapultTest/build/linkattacher_msgs' returned '0': CMAKE_PREFIX_PATH=${CMAKE_PREFIX_PATH}:/opt/ros/humble /usr/bin/cmake --build /home/spaceshipecsat/ur_10_CatapultTest/build/linkattacher_msgs -- -j32 -l32
[0.365s] DEBUG:colcon.colcon_core.event_handler.log_command:Invoking command in '/home/spaceshipecsat/ur_10_CatapultTest/build/linkattacher_msgs': CMAKE_PREFIX_PATH=${CMAKE_PREFIX_PATH}:/opt/ros/humble /usr/bin/cmake --install /home/spaceshipecsat/ur_10_CatapultTest/build/linkattacher_msgs
[0.367s] DEBUG:colcon.colcon_core.event_handler.log_command:Invoking command in '/home/spaceshipecsat/ur_10_CatapultTest/build/ur5_camera_gripper_moveit_config': CMAKE_PREFIX_PATH=/home/spaceshipecsat/ur_10_CatapultTest/install/ur_yt_sim:/home/spaceshipecsat/ur_10_CatapultTest/install/ur_description:/home/spaceshipecsat/ur_10_CatapultTest/install/robotiq_description:/home/spaceshipecsat/ur_10_CatapultTest/install/ur5_camera_moveit_config:/home/spaceshipecsat/ur_10_CatapultTest/install/ur5_camera_gripper_moveit_config:/home/spaceshipecsat/ur_10_CatapultTest/install/ur10_camera_moveit_config:/home/spaceshipecsat/ur_10_CatapultTest/install/ur10_camera_gripper_moveit_config:/home/spaceshipecsat/ur_10_CatapultTest/install/ur_simulation_gazebo:/home/spaceshipecsat/ur_10_CatapultTest/install/ros2_linkattacher:/home/spaceshipecsat/ur_10_CatapultTest/install/robotiq_controllers:/home/spaceshipecsat/ur_10_CatapultTest/install/linkattacher_msgs:/opt/ros/humble /usr/bin/cmake --build /home/spaceshipecsat/ur_10_CatapultTest/build/ur5_camera_gripper_moveit_config -- -j32 -l32
[0.368s] DEBUG:colcon.colcon_core.event_handler.log_command:Invoking command in '/home/spaceshipecsat/ur_10_CatapultTest/build/ur5_camera_moveit_config': CMAKE_PREFIX_PATH=/home/spaceshipecsat/ur_10_CatapultTest/install/ur_yt_sim:/home/spaceshipecsat/ur_10_CatapultTest/install/ur_description:/home/spaceshipecsat/ur_10_CatapultTest/install/robotiq_description:/home/spaceshipecsat/ur_10_CatapultTest/install/ur5_camera_moveit_config:/home/spaceshipecsat/ur_10_CatapultTest/install/ur5_camera_gripper_moveit_config:/home/spaceshipecsat/ur_10_CatapultTest/install/ur10_camera_moveit_config:/home/spaceshipecsat/ur_10_CatapultTest/install/ur10_camera_gripper_moveit_config:/home/spaceshipecsat/ur_10_CatapultTest/install/ur_simulation_gazebo:/home/spaceshipecsat/ur_10_CatapultTest/install/ros2_linkattacher:/home/spaceshipecsat/ur_10_CatapultTest/install/robotiq_controllers:/home/spaceshipecsat/ur_10_CatapultTest/install/linkattacher_msgs:/opt/ros/humble /usr/bin/cmake --build /home/spaceshipecsat/ur_10_CatapultTest/build/ur5_camera_moveit_config -- -j32 -l32
[0.384s] DEBUG:colcon.colcon_core.event_handler.log_command:Invoked command in '/home/spaceshipecsat/ur_10_CatapultTest/build/ur10_camera_gripper_moveit_config' returned '0': CMAKE_PREFIX_PATH=/home/spaceshipecsat/ur_10_CatapultTest/install/ur_yt_sim:/home/spaceshipecsat/ur_10_CatapultTest/install/ur_description:/home/spaceshipecsat/ur_10_CatapultTest/install/robotiq_description:/home/spaceshipecsat/ur_10_CatapultTest/install/ur5_camera_moveit_config:/home/spaceshipecsat/ur_10_CatapultTest/install/ur5_camera_gripper_moveit_config:/home/spaceshipecsat/ur_10_CatapultTest/install/ur10_camera_moveit_config:/home/spaceshipecsat/ur_10_CatapultTest/install/ur10_camera_gripper_moveit_config:/home/spaceshipecsat/ur_10_CatapultTest/install/ur_simulation_gazebo:/home/spaceshipecsat/ur_10_CatapultTest/install/ros2_linkattacher:/home/spaceshipecsat/ur_10_CatapultTest/install/robotiq_controllers:/home/spaceshipecsat/ur_10_CatapultTest/install/linkattacher_msgs:/opt/ros/humble /usr/bin/cmake --build /home/spaceshipecsat/ur_10_CatapultTest/build/ur10_camera_gripper_moveit_config -- -j32 -l32
[0.385s] DEBUG:colcon.colcon_core.event_handler.log_command:Invoking command in '/home/spaceshipecsat/ur_10_CatapultTest/build/ur10_camera_gripper_moveit_config': CMAKE_PREFIX_PATH=/home/spaceshipecsat/ur_10_CatapultTest/install/ur_yt_sim:/home/spaceshipecsat/ur_10_CatapultTest/install/ur_description:/home/spaceshipecsat/ur_10_CatapultTest/install/robotiq_description:/home/spaceshipecsat/ur_10_CatapultTest/install/ur5_camera_moveit_config:/home/spaceshipecsat/ur_10_CatapultTest/install/ur5_camera_gripper_moveit_config:/home/spaceshipecsat/ur_10_CatapultTest/install/ur10_camera_moveit_config:/home/spaceshipecsat/ur_10_CatapultTest/install/ur10_camera_gripper_moveit_config:/home/spaceshipecsat/ur_10_CatapultTest/install/ur_simulation_gazebo:/home/spaceshipecsat/ur_10_CatapultTest/install/ros2_linkattacher:/home/spaceshipecsat/ur_10_CatapultTest/install/robotiq_controllers:/home/spaceshipecsat/ur_10_CatapultTest/install/linkattacher_msgs:/opt/ros/humble /usr/bin/cmake --install /home/spaceshipecsat/ur_10_CatapultTest/build/ur10_camera_gripper_moveit_config
[0.386s] DEBUG:colcon.colcon_core.event_handler.log_command:Invoked command in '/home/spaceshipecsat/ur_10_CatapultTest/build/ur10_camera_moveit_config' returned '0': CMAKE_PREFIX_PATH=/home/spaceshipecsat/ur_10_CatapultTest/install/ur_yt_sim:/home/spaceshipecsat/ur_10_CatapultTest/install/ur_description:/home/spaceshipecsat/ur_10_CatapultTest/install/robotiq_description:/home/spaceshipecsat/ur_10_CatapultTest/install/ur5_camera_moveit_config:/home/spaceshipecsat/ur_10_CatapultTest/install/ur5_camera_gripper_moveit_config:/home/spaceshipecsat/ur_10_CatapultTest/install/ur10_camera_moveit_config:/home/spaceshipecsat/ur_10_CatapultTest/install/ur10_camera_gripper_moveit_config:/home/spaceshipecsat/ur_10_CatapultTest/install/ur_simulation_gazebo:/home/spaceshipecsat/ur_10_CatapultTest/install/ros2_linkattacher:/home/spaceshipecsat/ur_10_CatapultTest/install/robotiq_controllers:/home/spaceshipecsat/ur_10_CatapultTest/install/linkattacher_msgs:/opt/ros/humble /usr/bin/cmake --build /home/spaceshipecsat/ur_10_CatapultTest/build/ur10_camera_moveit_config -- -j32 -l32
[0.387s] DEBUG:colcon.colcon_core.event_handler.log_command:Invoking command in '/home/spaceshipecsat/ur_10_CatapultTest/build/ur10_camera_moveit_config': CMAKE_PREFIX_PATH=/home/spaceshipecsat/ur_10_CatapultTest/install/ur_yt_sim:/home/spaceshipecsat/ur_10_CatapultTest/install/ur_description:/home/spaceshipecsat/ur_10_CatapultTest/install/robotiq_description:/home/spaceshipecsat/ur_10_CatapultTest/install/ur5_camera_moveit_config:/home/spaceshipecsat/ur_10_CatapultTest/install/ur5_camera_gripper_moveit_config:/home/spaceshipecsat/ur_10_CatapultTest/install/ur10_camera_moveit_config:/home/spaceshipecsat/ur_10_CatapultTest/install/ur10_camera_gripper_moveit_config:/home/spaceshipecsat/ur_10_CatapultTest/install/ur_simulation_gazebo:/home/spaceshipecsat/ur_10_CatapultTest/install/ros2_linkattacher:/home/spaceshipecsat/ur_10_CatapultTest/install/robotiq_controllers:/home/spaceshipecsat/ur_10_CatapultTest/install/linkattacher_msgs:/opt/ros/humble /usr/bin/cmake --install /home/spaceshipecsat/ur_10_CatapultTest/build/ur10_camera_moveit_config
[0.388s] DEBUG:colcon.colcon_core.event_handler.log_command:Invoked command in '/home/spaceshipecsat/ur_10_CatapultTest/build/ur5_camera_gripper_moveit_config' returned '0': CMAKE_PREFIX_PATH=/home/spaceshipecsat/ur_10_CatapultTest/install/ur_yt_sim:/home/spaceshipecsat/ur_10_CatapultTest/install/ur_description:/home/spaceshipecsat/ur_10_CatapultTest/install/robotiq_description:/home/spaceshipecsat/ur_10_CatapultTest/install/ur5_camera_moveit_config:/home/spaceshipecsat/ur_10_CatapultTest/install/ur5_camera_gripper_moveit_config:/home/spaceshipecsat/ur_10_CatapultTest/install/ur10_camera_moveit_config:/home/spaceshipecsat/ur_10_CatapultTest/install/ur10_camera_gripper_moveit_config:/home/spaceshipecsat/ur_10_CatapultTest/install/ur_simulation_gazebo:/home/spaceshipecsat/ur_10_CatapultTest/install/ros2_linkattacher:/home/spaceshipecsat/ur_10_CatapultTest/install/robotiq_controllers:/home/spaceshipecsat/ur_10_CatapultTest/install/linkattacher_msgs:/opt/ros/humble /usr/bin/cmake --build /home/spaceshipecsat/ur_10_CatapultTest/build/ur5_camera_gripper_moveit_config -- -j32 -l32
[0.390s] DEBUG:colcon.colcon_core.event_handler.log_command:Invoking command in '/home/spaceshipecsat/ur_10_CatapultTest/build/ur5_camera_gripper_moveit_config': CMAKE_PREFIX_PATH=/home/spaceshipecsat/ur_10_CatapultTest/install/ur_yt_sim:/home/spaceshipecsat/ur_10_CatapultTest/install/ur_description:/home/spaceshipecsat/ur_10_CatapultTest/install/robotiq_description:/home/spaceshipecsat/ur_10_CatapultTest/install/ur5_camera_moveit_config:/home/spaceshipecsat/ur_10_CatapultTest/install/ur5_camera_gripper_moveit_config:/home/spaceshipecsat/ur_10_CatapultTest/install/ur10_camera_moveit_config:/home/spaceshipecsat/ur_10_CatapultTest/install/ur10_camera_gripper_moveit_config:/home/spaceshipecsat/ur_10_CatapultTest/install/ur_simulation_gazebo:/home/spaceshipecsat/ur_10_CatapultTest/install/ros2_linkattacher:/home/spaceshipecsat/ur_10_CatapultTest/install/robotiq_controllers:/home/spaceshipecsat/ur_10_CatapultTest/install/linkattacher_msgs:/opt/ros/humble /usr/bin/cmake --install /home/spaceshipecsat/ur_10_CatapultTest/build/ur5_camera_gripper_moveit_config
[0.391s] DEBUG:colcon.colcon_core.event_handler.log_command:Invoked command in '/home/spaceshipecsat/ur_10_CatapultTest/build/ur5_camera_moveit_config' returned '0': CMAKE_PREFIX_PATH=/home/spaceshipecsat/ur_10_CatapultTest/install/ur_yt_sim:/home/spaceshipecsat/ur_10_CatapultTest/install/ur_description:/home/spaceshipecsat/ur_10_CatapultTest/install/robotiq_description:/home/spaceshipecsat/ur_10_CatapultTest/install/ur5_camera_moveit_config:/home/spaceshipecsat/ur_10_CatapultTest/install/ur5_camera_gripper_moveit_config:/home/spaceshipecsat/ur_10_CatapultTest/install/ur10_camera_moveit_config:/home/spaceshipecsat/ur_10_CatapultTest/install/ur10_camera_gripper_moveit_config:/home/spaceshipecsat/ur_10_CatapultTest/install/ur_simulation_gazebo:/home/spaceshipecsat/ur_10_CatapultTest/install/ros2_linkattacher:/home/spaceshipecsat/ur_10_CatapultTest/install/robotiq_controllers:/home/spaceshipecsat/ur_10_CatapultTest/install/linkattacher_msgs:/opt/ros/humble /usr/bin/cmake --build /home/spaceshipecsat/ur_10_CatapultTest/build/ur5_camera_moveit_config -- -j32 -l32
[0.391s] DEBUG:colcon.colcon_core.event_handler.log_command:Invoking command in '/home/spaceshipecsat/ur_10_CatapultTest/build/ur5_camera_moveit_config': CMAKE_PREFIX_PATH=/home/spaceshipecsat/ur_10_CatapultTest/install/ur_yt_sim:/home/spaceshipecsat/ur_10_CatapultTest/install/ur_description:/home/spaceshipecsat/ur_10_CatapultTest/install/robotiq_description:/home/spaceshipecsat/ur_10_CatapultTest/install/ur5_camera_moveit_config:/home/spaceshipecsat/ur_10_CatapultTest/install/ur5_camera_gripper_moveit_config:/home/spaceshipecsat/ur_10_CatapultTest/install/ur10_camera_moveit_config:/home/spaceshipecsat/ur_10_CatapultTest/install/ur10_camera_gripper_moveit_config:/home/spaceshipecsat/ur_10_CatapultTest/install/ur_simulation_gazebo:/home/spaceshipecsat/ur_10_CatapultTest/install/ros2_linkattacher:/home/spaceshipecsat/ur_10_CatapultTest/install/robotiq_controllers:/home/spaceshipecsat/ur_10_CatapultTest/install/linkattacher_msgs:/opt/ros/humble /usr/bin/cmake --install /home/spaceshipecsat/ur_10_CatapultTest/build/ur5_camera_moveit_config
[0.396s] Level 1:colcon.colcon_core.environment:create_environment_scripts_only(ur10_camera_gripper_moveit_config)
[0.397s] Level 1:colcon.colcon_core.environment:checking '/home/spaceshipecsat/ur_10_CatapultTest/install/ur10_camera_gripper_moveit_config' for CMake module files
[0.397s] DEBUG:colcon.colcon_core.event_handler.log_command:Invoked command in '/home/spaceshipecsat/ur_10_CatapultTest/build/ur10_camera_gripper_moveit_config' returned '0': CMAKE_PREFIX_PATH=/home/spaceshipecsat/ur_10_CatapultTest/install/ur_yt_sim:/home/spaceshipecsat/ur_10_CatapultTest/install/ur_description:/home/spaceshipecsat/ur_10_CatapultTest/install/robotiq_description:/home/spaceshipecsat/ur_10_CatapultTest/install/ur5_camera_moveit_config:/home/spaceshipecsat/ur_10_CatapultTest/install/ur5_camera_gripper_moveit_config:/home/spaceshipecsat/ur_10_CatapultTest/install/ur10_camera_moveit_config:/home/spaceshipecsat/ur_10_CatapultTest/install/ur10_camera_gripper_moveit_config:/home/spaceshipecsat/ur_10_CatapultTest/install/ur_simulation_gazebo:/home/spaceshipecsat/ur_10_CatapultTest/install/ros2_linkattacher:/home/spaceshipecsat/ur_10_CatapultTest/install/robotiq_controllers:/home/spaceshipecsat/ur_10_CatapultTest/install/linkattacher_msgs:/opt/ros/humble /usr/bin/cmake --install /home/spaceshipecsat/ur_10_CatapultTest/build/ur10_camera_gripper_moveit_config
[0.399s] Level 1:colcon.colcon_core.environment:checking '/home/spaceshipecsat/ur_10_CatapultTest/install/ur10_camera_gripper_moveit_config' for CMake config files
[0.400s] Level 1:colcon.colcon_core.shell:create_environment_hook('ur10_camera_gripper_moveit_config', 'cmake_prefix_path')
[0.400s] INFO:colcon.colcon_core.shell:Creating environment hook '/home/spaceshipecsat/ur_10_CatapultTest/install/ur10_camera_gripper_moveit_config/share/ur10_camera_gripper_moveit_config/hook/cmake_prefix_path.ps1'
[0.401s] INFO:colcon.colcon_core.shell:Creating environment descriptor '/home/spaceshipecsat/ur_10_CatapultTest/install/ur10_camera_gripper_moveit_config/share/ur10_camera_gripper_moveit_config/hook/cmake_prefix_path.dsv'
[0.401s] INFO:colcon.colcon_core.shell:Creating environment hook '/home/spaceshipecsat/ur_10_CatapultTest/install/ur10_camera_gripper_moveit_config/share/ur10_camera_gripper_moveit_config/hook/cmake_prefix_path.sh'
[0.404s] Level 1:colcon.colcon_core.environment:checking '/home/spaceshipecsat/ur_10_CatapultTest/install/ur10_camera_gripper_moveit_config/bin'
[0.404s] Level 1:colcon.colcon_core.environment:checking '/home/spaceshipecsat/ur_10_CatapultTest/install/ur10_camera_gripper_moveit_config/lib/pkgconfig/ur10_camera_gripper_moveit_config.pc'
[0.404s] Level 1:colcon.colcon_core.environment:checking '/home/spaceshipecsat/ur_10_CatapultTest/install/ur10_camera_gripper_moveit_config/lib/python3.10/site-packages'
[0.404s] Level 1:colcon.colcon_core.environment:checking '/home/spaceshipecsat/ur_10_CatapultTest/install/ur10_camera_gripper_moveit_config/bin'
[0.405s] INFO:colcon.colcon_core.shell:Creating package script '/home/spaceshipecsat/ur_10_CatapultTest/install/ur10_camera_gripper_moveit_config/share/ur10_camera_gripper_moveit_config/package.ps1'
[0.405s] INFO:colcon.colcon_core.shell:Creating package descriptor '/home/spaceshipecsat/ur_10_CatapultTest/install/ur10_camera_gripper_moveit_config/share/ur10_camera_gripper_moveit_config/package.dsv'
[0.406s] INFO:colcon.colcon_core.shell:Creating package script '/home/spaceshipecsat/ur_10_CatapultTest/install/ur10_camera_gripper_moveit_config/share/ur10_camera_gripper_moveit_config/package.sh'
[0.407s] INFO:colcon.colcon_core.shell:Creating package script '/home/spaceshipecsat/ur_10_CatapultTest/install/ur10_camera_gripper_moveit_config/share/ur10_camera_gripper_moveit_config/package.bash'
[0.407s] INFO:colcon.colcon_core.shell:Creating package script '/home/spaceshipecsat/ur_10_CatapultTest/install/ur10_camera_gripper_moveit_config/share/ur10_camera_gripper_moveit_config/package.zsh'
[0.408s] Level 1:colcon.colcon_core.environment:create_file_with_runtime_dependencies(/home/spaceshipecsat/ur_10_CatapultTest/install/ur10_camera_gripper_moveit_config/share/colcon-core/packages/ur10_camera_gripper_moveit_config)
[0.408s] Level 1:colcon.colcon_core.environment:create_environment_scripts_only(ur10_camera_gripper_moveit_config)
[0.408s] Level 1:colcon.colcon_core.environment:checking '/home/spaceshipecsat/ur_10_CatapultTest/install/ur10_camera_gripper_moveit_config' for CMake module files
[0.408s] Level 1:colcon.colcon_core.environment:checking '/home/spaceshipecsat/ur_10_CatapultTest/install/ur10_camera_gripper_moveit_config' for CMake config files
[0.408s] Level 1:colcon.colcon_core.shell:create_environment_hook('ur10_camera_gripper_moveit_config', 'cmake_prefix_path')
[0.408s] INFO:colcon.colcon_core.shell:Creating environment hook '/home/spaceshipecsat/ur_10_CatapultTest/install/ur10_camera_gripper_moveit_config/share/ur10_camera_gripper_moveit_config/hook/cmake_prefix_path.ps1'
[0.408s] INFO:colcon.colcon_core.shell:Creating environment descriptor '/home/spaceshipecsat/ur_10_CatapultTest/install/ur10_camera_gripper_moveit_config/share/ur10_camera_gripper_moveit_config/hook/cmake_prefix_path.dsv'
[0.409s] INFO:colcon.colcon_core.shell:Creating environment hook '/home/spaceshipecsat/ur_10_CatapultTest/install/ur10_camera_gripper_moveit_config/share/ur10_camera_gripper_moveit_config/hook/cmake_prefix_path.sh'
[0.409s] Level 1:colcon.colcon_core.environment:checking '/home/spaceshipecsat/ur_10_CatapultTest/install/ur10_camera_gripper_moveit_config/bin'
[0.409s] Level 1:colcon.colcon_core.environment:checking '/home/spaceshipecsat/ur_10_CatapultTest/install/ur10_camera_gripper_moveit_config/lib/pkgconfig/ur10_camera_gripper_moveit_config.pc'
[0.409s] Level 1:colcon.colcon_core.environment:checking '/home/spaceshipecsat/ur_10_CatapultTest/install/ur10_camera_gripper_moveit_config/lib/python3.10/site-packages'
[0.409s] Level 1:colcon.colcon_core.environment:checking '/home/spaceshipecsat/ur_10_CatapultTest/install/ur10_camera_gripper_moveit_config/bin'
[0.409s] INFO:colcon.colcon_core.shell:Creating package script '/home/spaceshipecsat/ur_10_CatapultTest/install/ur10_camera_gripper_moveit_config/share/ur10_camera_gripper_moveit_config/package.ps1'
[0.409s] INFO:colcon.colcon_core.shell:Creating package descriptor '/home/spaceshipecsat/ur_10_CatapultTest/install/ur10_camera_gripper_moveit_config/share/ur10_camera_gripper_moveit_config/package.dsv'
[0.409s] INFO:colcon.colcon_core.shell:Creating package script '/home/spaceshipecsat/ur_10_CatapultTest/install/ur10_camera_gripper_moveit_config/share/ur10_camera_gripper_moveit_config/package.sh'
[0.410s] INFO:colcon.colcon_core.shell:Creating package script '/home/spaceshipecsat/ur_10_CatapultTest/install/ur10_camera_gripper_moveit_config/share/ur10_camera_gripper_moveit_config/package.bash'
[0.410s] INFO:colcon.colcon_core.shell:Creating package script '/home/spaceshipecsat/ur_10_CatapultTest/install/ur10_camera_gripper_moveit_config/share/ur10_camera_gripper_moveit_config/package.zsh'
[0.410s] Level 1:colcon.colcon_core.environment:create_file_with_runtime_dependencies(/home/spaceshipecsat/ur_10_CatapultTest/install/ur10_camera_gripper_moveit_config/share/colcon-core/packages/ur10_camera_gripper_moveit_config)
[0.411s] Level 1:colcon.colcon_core.environment:create_environment_scripts_only(ur5_camera_gripper_moveit_config)
[0.411s] DEBUG:colcon.colcon_core.event_handler.log_command:Invoked command in '/home/spaceshipecsat/ur_10_CatapultTest/build/ur5_camera_gripper_moveit_config' returned '0': CMAKE_PREFIX_PATH=/home/spaceshipecsat/ur_10_CatapultTest/install/ur_yt_sim:/home/spaceshipecsat/ur_10_CatapultTest/install/ur_description:/home/spaceshipecsat/ur_10_CatapultTest/install/robotiq_description:/home/spaceshipecsat/ur_10_CatapultTest/install/ur5_camera_moveit_config:/home/spaceshipecsat/ur_10_CatapultTest/install/ur5_camera_gripper_moveit_config:/home/spaceshipecsat/ur_10_CatapultTest/install/ur10_camera_moveit_config:/home/spaceshipecsat/ur_10_CatapultTest/install/ur10_camera_gripper_moveit_config:/home/spaceshipecsat/ur_10_CatapultTest/install/ur_simulation_gazebo:/home/spaceshipecsat/ur_10_CatapultTest/install/ros2_linkattacher:/home/spaceshipecsat/ur_10_CatapultTest/install/robotiq_controllers:/home/spaceshipecsat/ur_10_CatapultTest/install/linkattacher_msgs:/opt/ros/humble /usr/bin/cmake --install /home/spaceshipecsat/ur_10_CatapultTest/build/ur5_camera_gripper_moveit_config
[0.411s] Level 1:colcon.colcon_core.environment:checking '/home/spaceshipecsat/ur_10_CatapultTest/install/ur5_camera_gripper_moveit_config' for CMake module files
[0.411s] Level 1:colcon.colcon_core.environment:checking '/home/spaceshipecsat/ur_10_CatapultTest/install/ur5_camera_gripper_moveit_config' for CMake config files
[0.412s] Level 1:colcon.colcon_core.shell:create_environment_hook('ur5_camera_gripper_moveit_config', 'cmake_prefix_path')
[0.412s] INFO:colcon.colcon_core.shell:Creating environment hook '/home/spaceshipecsat/ur_10_CatapultTest/install/ur5_camera_gripper_moveit_config/share/ur5_camera_gripper_moveit_config/hook/cmake_prefix_path.ps1'
[0.412s] INFO:colcon.colcon_core.shell:Creating environment descriptor '/home/spaceshipecsat/ur_10_CatapultTest/install/ur5_camera_gripper_moveit_config/share/ur5_camera_gripper_moveit_config/hook/cmake_prefix_path.dsv'
[0.412s] INFO:colcon.colcon_core.shell:Creating environment hook '/home/spaceshipecsat/ur_10_CatapultTest/install/ur5_camera_gripper_moveit_config/share/ur5_camera_gripper_moveit_config/hook/cmake_prefix_path.sh'
[0.413s] Level 1:colcon.colcon_core.environment:checking '/home/spaceshipecsat/ur_10_CatapultTest/install/ur5_camera_gripper_moveit_config/bin'
[0.413s] Level 1:colcon.colcon_core.environment:checking '/home/spaceshipecsat/ur_10_CatapultTest/install/ur5_camera_gripper_moveit_config/lib/pkgconfig/ur5_camera_gripper_moveit_config.pc'
[0.413s] Level 1:colcon.colcon_core.environment:checking '/home/spaceshipecsat/ur_10_CatapultTest/install/ur5_camera_gripper_moveit_config/lib/python3.10/site-packages'
[0.413s] Level 1:colcon.colcon_core.environment:checking '/home/spaceshipecsat/ur_10_CatapultTest/install/ur5_camera_gripper_moveit_config/bin'
[0.413s] INFO:colcon.colcon_core.shell:Creating package script '/home/spaceshipecsat/ur_10_CatapultTest/install/ur5_camera_gripper_moveit_config/share/ur5_camera_gripper_moveit_config/package.ps1'
[0.413s] INFO:colcon.colcon_core.shell:Creating package descriptor '/home/spaceshipecsat/ur_10_CatapultTest/install/ur5_camera_gripper_moveit_config/share/ur5_camera_gripper_moveit_config/package.dsv'
[0.414s] INFO:colcon.colcon_core.shell:Creating package script '/home/spaceshipecsat/ur_10_CatapultTest/install/ur5_camera_gripper_moveit_config/share/ur5_camera_gripper_moveit_config/package.sh'
[0.414s] INFO:colcon.colcon_core.shell:Creating package script '/home/spaceshipecsat/ur_10_CatapultTest/install/ur5_camera_gripper_moveit_config/share/ur5_camera_gripper_moveit_config/package.bash'
[0.414s] INFO:colcon.colcon_core.shell:Creating package script '/home/spaceshipecsat/ur_10_CatapultTest/install/ur5_camera_gripper_moveit_config/share/ur5_camera_gripper_moveit_config/package.zsh'
[0.414s] Level 1:colcon.colcon_core.environment:create_file_with_runtime_dependencies(/home/spaceshipecsat/ur_10_CatapultTest/install/ur5_camera_gripper_moveit_config/share/colcon-core/packages/ur5_camera_gripper_moveit_config)
[0.414s] Level 1:colcon.colcon_core.environment:create_environment_scripts_only(ur5_camera_gripper_moveit_config)
[0.414s] Level 1:colcon.colcon_core.environment:checking '/home/spaceshipecsat/ur_10_CatapultTest/install/ur5_camera_gripper_moveit_config' for CMake module files
[0.414s] Level 1:colcon.colcon_core.environment:checking '/home/spaceshipecsat/ur_10_CatapultTest/install/ur5_camera_gripper_moveit_config' for CMake config files
[0.414s] Level 1:colcon.colcon_core.shell:create_environment_hook('ur5_camera_gripper_moveit_config', 'cmake_prefix_path')
[0.415s] INFO:colcon.colcon_core.shell:Creating environment hook '/home/spaceshipecsat/ur_10_CatapultTest/install/ur5_camera_gripper_moveit_config/share/ur5_camera_gripper_moveit_config/hook/cmake_prefix_path.ps1'
[0.415s] INFO:colcon.colcon_core.shell:Creating environment descriptor '/home/spaceshipecsat/ur_10_CatapultTest/install/ur5_camera_gripper_moveit_config/share/ur5_camera_gripper_moveit_config/hook/cmake_prefix_path.dsv'
[0.415s] INFO:colcon.colcon_core.shell:Creating environment hook '/home/spaceshipecsat/ur_10_CatapultTest/install/ur5_camera_gripper_moveit_config/share/ur5_camera_gripper_moveit_config/hook/cmake_prefix_path.sh'
[0.415s] Level 1:colcon.colcon_core.environment:checking '/home/spaceshipecsat/ur_10_CatapultTest/install/ur5_camera_gripper_moveit_config/bin'
[0.415s] Level 1:colcon.colcon_core.environment:checking '/home/spaceshipecsat/ur_10_CatapultTest/install/ur5_camera_gripper_moveit_config/lib/pkgconfig/ur5_camera_gripper_moveit_config.pc'
[0.415s] Level 1:colcon.colcon_core.environment:checking '/home/spaceshipecsat/ur_10_CatapultTest/install/ur5_camera_gripper_moveit_config/lib/python3.10/site-packages'
[0.415s] Level 1:colcon.colcon_core.environment:checking '/home/spaceshipecsat/ur_10_CatapultTest/install/ur5_camera_gripper_moveit_config/bin'
[0.415s] INFO:colcon.colcon_core.shell:Creating package script '/home/spaceshipecsat/ur_10_CatapultTest/install/ur5_camera_gripper_moveit_config/share/ur5_camera_gripper_moveit_config/package.ps1'
[0.416s] INFO:colcon.colcon_core.shell:Creating package descriptor '/home/spaceshipecsat/ur_10_CatapultTest/install/ur5_camera_gripper_moveit_config/share/ur5_camera_gripper_moveit_config/package.dsv'
[0.416s] INFO:colcon.colcon_core.shell:Creating package script '/home/spaceshipecsat/ur_10_CatapultTest/install/ur5_camera_gripper_moveit_config/share/ur5_camera_gripper_moveit_config/package.sh'
[0.416s] INFO:colcon.colcon_core.shell:Creating package script '/home/spaceshipecsat/ur_10_CatapultTest/install/ur5_camera_gripper_moveit_config/share/ur5_camera_gripper_moveit_config/package.bash'
[0.416s] INFO:colcon.colcon_core.shell:Creating package script '/home/spaceshipecsat/ur_10_CatapultTest/install/ur5_camera_gripper_moveit_config/share/ur5_camera_gripper_moveit_config/package.zsh'
[0.416s] Level 1:colcon.colcon_core.environment:create_file_with_runtime_dependencies(/home/spaceshipecsat/ur_10_CatapultTest/install/ur5_camera_gripper_moveit_config/share/colcon-core/packages/ur5_camera_gripper_moveit_config)
[0.416s] Level 1:colcon.colcon_core.environment:create_environment_scripts_only(ur10_camera_moveit_config)
[0.416s] Level 1:colcon.colcon_core.environment:checking '/home/spaceshipecsat/ur_10_CatapultTest/install/ur10_camera_moveit_config' for CMake module files
[0.417s] DEBUG:colcon.colcon_core.event_handler.log_command:Invoked command in '/home/spaceshipecsat/ur_10_CatapultTest/build/ur10_camera_moveit_config' returned '0': CMAKE_PREFIX_PATH=/home/spaceshipecsat/ur_10_CatapultTest/install/ur_yt_sim:/home/spaceshipecsat/ur_10_CatapultTest/install/ur_description:/home/spaceshipecsat/ur_10_CatapultTest/install/robotiq_description:/home/spaceshipecsat/ur_10_CatapultTest/install/ur5_camera_moveit_config:/home/spaceshipecsat/ur_10_CatapultTest/install/ur5_camera_gripper_moveit_config:/home/spaceshipecsat/ur_10_CatapultTest/install/ur10_camera_moveit_config:/home/spaceshipecsat/ur_10_CatapultTest/install/ur10_camera_gripper_moveit_config:/home/spaceshipecsat/ur_10_CatapultTest/install/ur_simulation_gazebo:/home/spaceshipecsat/ur_10_CatapultTest/install/ros2_linkattacher:/home/spaceshipecsat/ur_10_CatapultTest/install/robotiq_controllers:/home/spaceshipecsat/ur_10_CatapultTest/install/linkattacher_msgs:/opt/ros/humble /usr/bin/cmake --install /home/spaceshipecsat/ur_10_CatapultTest/build/ur10_camera_moveit_config
[0.417s] Level 1:colcon.colcon_core.environment:checking '/home/spaceshipecsat/ur_10_CatapultTest/install/ur10_camera_moveit_config' for CMake config files
[0.417s] Level 1:colcon.colcon_core.shell:create_environment_hook('ur10_camera_moveit_config', 'cmake_prefix_path')
[0.417s] INFO:colcon.colcon_core.shell:Creating environment hook '/home/spaceshipecsat/ur_10_CatapultTest/install/ur10_camera_moveit_config/share/ur10_camera_moveit_config/hook/cmake_prefix_path.ps1'
[0.417s] INFO:colcon.colcon_core.shell:Creating environment descriptor '/home/spaceshipecsat/ur_10_CatapultTest/install/ur10_camera_moveit_config/share/ur10_camera_moveit_config/hook/cmake_prefix_path.dsv'
[0.417s] INFO:colcon.colcon_core.shell:Creating environment hook '/home/spaceshipecsat/ur_10_CatapultTest/install/ur10_camera_moveit_config/share/ur10_camera_moveit_config/hook/cmake_prefix_path.sh'
[0.417s] Level 1:colcon.colcon_core.environment:checking '/home/spaceshipecsat/ur_10_CatapultTest/install/ur10_camera_moveit_config/bin'
[0.418s] Level 1:colcon.colcon_core.environment:checking '/home/spaceshipecsat/ur_10_CatapultTest/install/ur10_camera_moveit_config/lib/pkgconfig/ur10_camera_moveit_config.pc'
[0.418s] Level 1:colcon.colcon_core.environment:checking '/home/spaceshipecsat/ur_10_CatapultTest/install/ur10_camera_moveit_config/lib/python3.10/site-packages'
[0.418s] Level 1:colcon.colcon_core.environment:checking '/home/spaceshipecsat/ur_10_CatapultTest/install/ur10_camera_moveit_config/bin'
[0.418s] INFO:colcon.colcon_core.shell:Creating package script '/home/spaceshipecsat/ur_10_CatapultTest/install/ur10_camera_moveit_config/share/ur10_camera_moveit_config/package.ps1'
[0.418s] INFO:colcon.colcon_core.shell:Creating package descriptor '/home/spaceshipecsat/ur_10_CatapultTest/install/ur10_camera_moveit_config/share/ur10_camera_moveit_config/package.dsv'
[0.418s] INFO:colcon.colcon_core.shell:Creating package script '/home/spaceshipecsat/ur_10_CatapultTest/install/ur10_camera_moveit_config/share/ur10_camera_moveit_config/package.sh'
[0.418s] INFO:colcon.colcon_core.shell:Creating package script '/home/spaceshipecsat/ur_10_CatapultTest/install/ur10_camera_moveit_config/share/ur10_camera_moveit_config/package.bash'
[0.418s] INFO:colcon.colcon_core.shell:Creating package script '/home/spaceshipecsat/ur_10_CatapultTest/install/ur10_camera_moveit_config/share/ur10_camera_moveit_config/package.zsh'
[0.418s] Level 1:colcon.colcon_core.environment:create_file_with_runtime_dependencies(/home/spaceshipecsat/ur_10_CatapultTest/install/ur10_camera_moveit_config/share/colcon-core/packages/ur10_camera_moveit_config)
[0.419s] Level 1:colcon.colcon_core.environment:create_environment_scripts_only(ur10_camera_moveit_config)
[0.419s] Level 1:colcon.colcon_core.environment:checking '/home/spaceshipecsat/ur_10_CatapultTest/install/ur10_camera_moveit_config' for CMake module files
[0.419s] Level 1:colcon.colcon_core.environment:checking '/home/spaceshipecsat/ur_10_CatapultTest/install/ur10_camera_moveit_config' for CMake config files
[0.419s] Level 1:colcon.colcon_core.shell:create_environment_hook('ur10_camera_moveit_config', 'cmake_prefix_path')
[0.419s] INFO:colcon.colcon_core.shell:Creating environment hook '/home/spaceshipecsat/ur_10_CatapultTest/install/ur10_camera_moveit_config/share/ur10_camera_moveit_config/hook/cmake_prefix_path.ps1'
[0.419s] INFO:colcon.colcon_core.shell:Creating environment descriptor '/home/spaceshipecsat/ur_10_CatapultTest/install/ur10_camera_moveit_config/share/ur10_camera_moveit_config/hook/cmake_prefix_path.dsv'
[0.419s] INFO:colcon.colcon_core.shell:Creating environment hook '/home/spaceshipecsat/ur_10_CatapultTest/install/ur10_camera_moveit_config/share/ur10_camera_moveit_config/hook/cmake_prefix_path.sh'
[0.419s] Level 1:colcon.colcon_core.environment:checking '/home/spaceshipecsat/ur_10_CatapultTest/install/ur10_camera_moveit_config/bin'
[0.420s] Level 1:colcon.colcon_core.environment:checking '/home/spaceshipecsat/ur_10_CatapultTest/install/ur10_camera_moveit_config/lib/pkgconfig/ur10_camera_moveit_config.pc'
[0.420s] Level 1:colcon.colcon_core.environment:checking '/home/spaceshipecsat/ur_10_CatapultTest/install/ur10_camera_moveit_config/lib/python3.10/site-packages'
[0.420s] Level 1:colcon.colcon_core.environment:checking '/home/spaceshipecsat/ur_10_CatapultTest/install/ur10_camera_moveit_config/bin'
[0.420s] INFO:colcon.colcon_core.shell:Creating package script '/home/spaceshipecsat/ur_10_CatapultTest/install/ur10_camera_moveit_config/share/ur10_camera_moveit_config/package.ps1'
[0.420s] INFO:colcon.colcon_core.shell:Creating package descriptor '/home/spaceshipecsat/ur_10_CatapultTest/install/ur10_camera_moveit_config/share/ur10_camera_moveit_config/package.dsv'
[0.420s] INFO:colcon.colcon_core.shell:Creating package script '/home/spaceshipecsat/ur_10_CatapultTest/install/ur10_camera_moveit_config/share/ur10_camera_moveit_config/package.sh'
[0.420s] INFO:colcon.colcon_core.shell:Creating package script '/home/spaceshipecsat/ur_10_CatapultTest/install/ur10_camera_moveit_config/share/ur10_camera_moveit_config/package.bash'
[0.420s] INFO:colcon.colcon_core.shell:Creating package script '/home/spaceshipecsat/ur_10_CatapultTest/install/ur10_camera_moveit_config/share/ur10_camera_moveit_config/package.zsh'
[0.421s] Level 1:colcon.colcon_core.environment:create_file_with_runtime_dependencies(/home/spaceshipecsat/ur_10_CatapultTest/install/ur10_camera_moveit_config/share/colcon-core/packages/ur10_camera_moveit_config)
[0.421s] Level 1:colcon.colcon_core.environment:create_environment_scripts_only(ur5_camera_moveit_config)
[0.421s] Level 1:colcon.colcon_core.environment:checking '/home/spaceshipecsat/ur_10_CatapultTest/install/ur5_camera_moveit_config' for CMake module files
[0.421s] DEBUG:colcon.colcon_core.event_handler.log_command:Invoked command in '/home/spaceshipecsat/ur_10_CatapultTest/build/ur5_camera_moveit_config' returned '0': CMAKE_PREFIX_PATH=/home/spaceshipecsat/ur_10_CatapultTest/install/ur_yt_sim:/home/spaceshipecsat/ur_10_CatapultTest/install/ur_description:/home/spaceshipecsat/ur_10_CatapultTest/install/robotiq_description:/home/spaceshipecsat/ur_10_CatapultTest/install/ur5_camera_moveit_config:/home/spaceshipecsat/ur_10_CatapultTest/install/ur5_camera_gripper_moveit_config:/home/spaceshipecsat/ur_10_CatapultTest/install/ur10_camera_moveit_config:/home/spaceshipecsat/ur_10_CatapultTest/install/ur10_camera_gripper_moveit_config:/home/spaceshipecsat/ur_10_CatapultTest/install/ur_simulation_gazebo:/home/spaceshipecsat/ur_10_CatapultTest/install/ros2_linkattacher:/home/spaceshipecsat/ur_10_CatapultTest/install/robotiq_controllers:/home/spaceshipecsat/ur_10_CatapultTest/install/linkattacher_msgs:/opt/ros/humble /usr/bin/cmake --install /home/spaceshipecsat/ur_10_CatapultTest/build/ur5_camera_moveit_config
[0.421s] Level 1:colcon.colcon_core.environment:checking '/home/spaceshipecsat/ur_10_CatapultTest/install/ur5_camera_moveit_config' for CMake config files
[0.421s] Level 1:colcon.colcon_core.shell:create_environment_hook('ur5_camera_moveit_config', 'cmake_prefix_path')
[0.421s] INFO:colcon.colcon_core.shell:Creating environment hook '/home/spaceshipecsat/ur_10_CatapultTest/install/ur5_camera_moveit_config/share/ur5_camera_moveit_config/hook/cmake_prefix_path.ps1'
[0.421s] INFO:colcon.colcon_core.shell:Creating environment descriptor '/home/spaceshipecsat/ur_10_CatapultTest/install/ur5_camera_moveit_config/share/ur5_camera_moveit_config/hook/cmake_prefix_path.dsv'
[0.422s] INFO:colcon.colcon_core.shell:Creating environment hook '/home/spaceshipecsat/ur_10_CatapultTest/install/ur5_camera_moveit_config/share/ur5_camera_moveit_config/hook/cmake_prefix_path.sh'
[0.422s] Level 1:colcon.colcon_core.environment:checking '/home/spaceshipecsat/ur_10_CatapultTest/install/ur5_camera_moveit_config/bin'
[0.422s] Level 1:colcon.colcon_core.environment:checking '/home/spaceshipecsat/ur_10_CatapultTest/install/ur5_camera_moveit_config/lib/pkgconfig/ur5_camera_moveit_config.pc'
[0.422s] Level 1:colcon.colcon_core.environment:checking '/home/spaceshipecsat/ur_10_CatapultTest/install/ur5_camera_moveit_config/lib/python3.10/site-packages'
[0.422s] Level 1:colcon.colcon_core.environment:checking '/home/spaceshipecsat/ur_10_CatapultTest/install/ur5_camera_moveit_config/bin'
[0.422s] INFO:colcon.colcon_core.shell:Creating package script '/home/spaceshipecsat/ur_10_CatapultTest/install/ur5_camera_moveit_config/share/ur5_camera_moveit_config/package.ps1'
[0.422s] INFO:colcon.colcon_core.shell:Creating package descriptor '/home/spaceshipecsat/ur_10_CatapultTest/install/ur5_camera_moveit_config/share/ur5_camera_moveit_config/package.dsv'
[0.422s] INFO:colcon.colcon_core.shell:Creating package script '/home/spaceshipecsat/ur_10_CatapultTest/install/ur5_camera_moveit_config/share/ur5_camera_moveit_config/package.sh'
[0.423s] INFO:colcon.colcon_core.shell:Creating package script '/home/spaceshipecsat/ur_10_CatapultTest/install/ur5_camera_moveit_config/share/ur5_camera_moveit_config/package.bash'
[0.423s] INFO:colcon.colcon_core.shell:Creating package script '/home/spaceshipecsat/ur_10_CatapultTest/install/ur5_camera_moveit_config/share/ur5_camera_moveit_config/package.zsh'
[0.423s] Level 1:colcon.colcon_core.environment:create_file_with_runtime_dependencies(/home/spaceshipecsat/ur_10_CatapultTest/install/ur5_camera_moveit_config/share/colcon-core/packages/ur5_camera_moveit_config)
[0.423s] Level 1:colcon.colcon_core.environment:create_environment_scripts_only(ur5_camera_moveit_config)
[0.423s] Level 1:colcon.colcon_core.environment:checking '/home/spaceshipecsat/ur_10_CatapultTest/install/ur5_camera_moveit_config' for CMake module files
[0.423s] Level 1:colcon.colcon_core.environment:checking '/home/spaceshipecsat/ur_10_CatapultTest/install/ur5_camera_moveit_config' for CMake config files
[0.423s] Level 1:colcon.colcon_core.shell:create_environment_hook('ur5_camera_moveit_config', 'cmake_prefix_path')
[0.423s] INFO:colcon.colcon_core.shell:Creating environment hook '/home/spaceshipecsat/ur_10_CatapultTest/install/ur5_camera_moveit_config/share/ur5_camera_moveit_config/hook/cmake_prefix_path.ps1'
[0.423s] INFO:colcon.colcon_core.shell:Creating environment descriptor '/home/spaceshipecsat/ur_10_CatapultTest/install/ur5_camera_moveit_config/share/ur5_camera_moveit_config/hook/cmake_prefix_path.dsv'
[0.424s] INFO:colcon.colcon_core.shell:Creating environment hook '/home/spaceshipecsat/ur_10_CatapultTest/install/ur5_camera_moveit_config/share/ur5_camera_moveit_config/hook/cmake_prefix_path.sh'
[0.424s] Level 1:colcon.colcon_core.environment:checking '/home/spaceshipecsat/ur_10_CatapultTest/install/ur5_camera_moveit_config/bin'
[0.424s] Level 1:colcon.colcon_core.environment:checking '/home/spaceshipecsat/ur_10_CatapultTest/install/ur5_camera_moveit_config/lib/pkgconfig/ur5_camera_moveit_config.pc'
[0.424s] Level 1:colcon.colcon_core.environment:checking '/home/spaceshipecsat/ur_10_CatapultTest/install/ur5_camera_moveit_config/lib/python3.10/site-packages'
[0.424s] Level 1:colcon.colcon_core.environment:checking '/home/spaceshipecsat/ur_10_CatapultTest/install/ur5_camera_moveit_config/bin'
[0.424s] INFO:colcon.colcon_core.shell:Creating package script '/home/spaceshipecsat/ur_10_CatapultTest/install/ur5_camera_moveit_config/share/ur5_camera_moveit_config/package.ps1'
[0.424s] INFO:colcon.colcon_core.shell:Creating package descriptor '/home/spaceshipecsat/ur_10_CatapultTest/install/ur5_camera_moveit_config/share/ur5_camera_moveit_config/package.dsv'
[0.424s] INFO:colcon.colcon_core.shell:Creating package script '/home/spaceshipecsat/ur_10_CatapultTest/install/ur5_camera_moveit_config/share/ur5_camera_moveit_config/package.sh'
[0.425s] INFO:colcon.colcon_core.shell:Creating package script '/home/spaceshipecsat/ur_10_CatapultTest/install/ur5_camera_moveit_config/share/ur5_camera_moveit_config/package.bash'
[0.425s] INFO:colcon.colcon_core.shell:Creating package script '/home/spaceshipecsat/ur_10_CatapultTest/install/ur5_camera_moveit_config/share/ur5_camera_moveit_config/package.zsh'
[0.425s] Level 1:colcon.colcon_core.environment:create_file_with_runtime_dependencies(/home/spaceshipecsat/ur_10_CatapultTest/install/ur5_camera_moveit_config/share/colcon-core/packages/ur5_camera_moveit_config)
[0.425s] Level 1:colcon.colcon_core.environment:create_environment_scripts_only(linkattacher_msgs)
[0.425s] Level 1:colcon.colcon_core.environment:checking '/home/spaceshipecsat/ur_10_CatapultTest/install/linkattacher_msgs' for CMake module files
[0.425s] DEBUG:colcon.colcon_core.event_handler.log_command:Invoked command in '/home/spaceshipecsat/ur_10_CatapultTest/build/linkattacher_msgs' returned '0': CMAKE_PREFIX_PATH=${CMAKE_PREFIX_PATH}:/opt/ros/humble /usr/bin/cmake --install /home/spaceshipecsat/ur_10_CatapultTest/build/linkattacher_msgs
[0.426s] Level 1:colcon.colcon_core.environment:checking '/home/spaceshipecsat/ur_10_CatapultTest/install/linkattacher_msgs' for CMake config files
[0.426s] Level 1:colcon.colcon_core.shell:create_environment_hook('linkattacher_msgs', 'cmake_prefix_path')
[0.426s] INFO:colcon.colcon_core.shell:Creating environment hook '/home/spaceshipecsat/ur_10_CatapultTest/install/linkattacher_msgs/share/linkattacher_msgs/hook/cmake_prefix_path.ps1'
[0.426s] INFO:colcon.colcon_core.shell:Creating environment descriptor '/home/spaceshipecsat/ur_10_CatapultTest/install/linkattacher_msgs/share/linkattacher_msgs/hook/cmake_prefix_path.dsv'
[0.426s] INFO:colcon.colcon_core.shell:Creating environment hook '/home/spaceshipecsat/ur_10_CatapultTest/install/linkattacher_msgs/share/linkattacher_msgs/hook/cmake_prefix_path.sh'
[0.427s] Level 1:colcon.colcon_core.environment:checking '/home/spaceshipecsat/ur_10_CatapultTest/install/linkattacher_msgs/lib'
[0.427s] Level 1:colcon.colcon_core.shell:create_environment_hook('linkattacher_msgs', 'ld_library_path_lib')
[0.427s] INFO:colcon.colcon_core.shell:Creating environment hook '/home/spaceshipecsat/ur_10_CatapultTest/install/linkattacher_msgs/share/linkattacher_msgs/hook/ld_library_path_lib.ps1'
[0.427s] INFO:colcon.colcon_core.shell:Creating environment descriptor '/home/spaceshipecsat/ur_10_CatapultTest/install/linkattacher_msgs/share/linkattacher_msgs/hook/ld_library_path_lib.dsv'
[0.427s] INFO:colcon.colcon_core.shell:Creating environment hook '/home/spaceshipecsat/ur_10_CatapultTest/install/linkattacher_msgs/share/linkattacher_msgs/hook/ld_library_path_lib.sh'
[0.427s] Level 1:colcon.colcon_core.environment:checking '/home/spaceshipecsat/ur_10_CatapultTest/install/linkattacher_msgs/bin'
[0.427s] Level 1:colcon.colcon_core.environment:checking '/home/spaceshipecsat/ur_10_CatapultTest/install/linkattacher_msgs/lib/pkgconfig/linkattacher_msgs.pc'
[0.427s] Level 1:colcon.colcon_core.environment:checking '/home/spaceshipecsat/ur_10_CatapultTest/install/linkattacher_msgs/lib/python3.10/site-packages'
[0.427s] Level 1:colcon.colcon_core.environment:checking '/home/spaceshipecsat/ur_10_CatapultTest/install/linkattacher_msgs/bin'
[0.428s] INFO:colcon.colcon_core.shell:Creating package script '/home/spaceshipecsat/ur_10_CatapultTest/install/linkattacher_msgs/share/linkattacher_msgs/package.ps1'
[0.428s] INFO:colcon.colcon_core.shell:Creating package descriptor '/home/spaceshipecsat/ur_10_CatapultTest/install/linkattacher_msgs/share/linkattacher_msgs/package.dsv'
[0.428s] INFO:colcon.colcon_core.shell:Creating package script '/home/spaceshipecsat/ur_10_CatapultTest/install/linkattacher_msgs/share/linkattacher_msgs/package.sh'
[0.428s] INFO:colcon.colcon_core.shell:Creating package script '/home/spaceshipecsat/ur_10_CatapultTest/install/linkattacher_msgs/share/linkattacher_msgs/package.bash'
[0.428s] INFO:colcon.colcon_core.shell:Creating package script '/home/spaceshipecsat/ur_10_CatapultTest/install/linkattacher_msgs/share/linkattacher_msgs/package.zsh'
[0.428s] Level 1:colcon.colcon_core.environment:create_file_with_runtime_dependencies(/home/spaceshipecsat/ur_10_CatapultTest/install/linkattacher_msgs/share/colcon-core/packages/linkattacher_msgs)
[0.429s] Level 1:colcon.colcon_core.environment:create_environment_scripts_only(linkattacher_msgs)
[0.429s] Level 1:colcon.colcon_core.environment:checking '/home/spaceshipecsat/ur_10_CatapultTest/install/linkattacher_msgs' for CMake module files
[0.429s] Level 1:colcon.colcon_core.environment:checking '/home/spaceshipecsat/ur_10_CatapultTest/install/linkattacher_msgs' for CMake config files
[0.429s] Level 1:colcon.colcon_core.shell:create_environment_hook('linkattacher_msgs', 'cmake_prefix_path')
[0.429s] INFO:colcon.colcon_core.shell:Creating environment hook '/home/spaceshipecsat/ur_10_CatapultTest/install/linkattacher_msgs/share/linkattacher_msgs/hook/cmake_prefix_path.ps1'
[0.429s] INFO:colcon.colcon_core.shell:Creating environment descriptor '/home/spaceshipecsat/ur_10_CatapultTest/install/linkattacher_msgs/share/linkattacher_msgs/hook/cmake_prefix_path.dsv'
[0.429s] INFO:colcon.colcon_core.shell:Creating environment hook '/home/spaceshipecsat/ur_10_CatapultTest/install/linkattacher_msgs/share/linkattacher_msgs/hook/cmake_prefix_path.sh'
[0.430s] Level 1:colcon.colcon_core.environment:checking '/home/spaceshipecsat/ur_10_CatapultTest/install/linkattacher_msgs/lib'
[0.430s] Level 1:colcon.colcon_core.shell:create_environment_hook('linkattacher_msgs', 'ld_library_path_lib')
[0.430s] INFO:colcon.colcon_core.shell:Creating environment hook '/home/spaceshipecsat/ur_10_CatapultTest/install/linkattacher_msgs/share/linkattacher_msgs/hook/ld_library_path_lib.ps1'
[0.430s] INFO:colcon.colcon_core.shell:Creating environment descriptor '/home/spaceshipecsat/ur_10_CatapultTest/install/linkattacher_msgs/share/linkattacher_msgs/hook/ld_library_path_lib.dsv'
[0.430s] INFO:colcon.colcon_core.shell:Creating environment hook '/home/spaceshipecsat/ur_10_CatapultTest/install/linkattacher_msgs/share/linkattacher_msgs/hook/ld_library_path_lib.sh'
[0.430s] Level 1:colcon.colcon_core.environment:checking '/home/spaceshipecsat/ur_10_CatapultTest/install/linkattacher_msgs/bin'
[0.430s] Level 1:colcon.colcon_core.environment:checking '/home/spaceshipecsat/ur_10_CatapultTest/install/linkattacher_msgs/lib/pkgconfig/linkattacher_msgs.pc'
[0.430s] Level 1:colcon.colcon_core.environment:checking '/home/spaceshipecsat/ur_10_CatapultTest/install/linkattacher_msgs/lib/python3.10/site-packages'
[0.430s] Level 1:colcon.colcon_core.environment:checking '/home/spaceshipecsat/ur_10_CatapultTest/install/linkattacher_msgs/bin'
[0.430s] INFO:colcon.colcon_core.shell:Creating package script '/home/spaceshipecsat/ur_10_CatapultTest/install/linkattacher_msgs/share/linkattacher_msgs/package.ps1'
[0.431s] INFO:colcon.colcon_core.shell:Creating package descriptor '/home/spaceshipecsat/ur_10_CatapultTest/install/linkattacher_msgs/share/linkattacher_msgs/package.dsv'
[0.431s] INFO:colcon.colcon_core.shell:Creating package script '/home/spaceshipecsat/ur_10_CatapultTest/install/linkattacher_msgs/share/linkattacher_msgs/package.sh'
[0.431s] INFO:colcon.colcon_core.shell:Creating package script '/home/spaceshipecsat/ur_10_CatapultTest/install/linkattacher_msgs/share/linkattacher_msgs/package.bash'
[0.431s] INFO:colcon.colcon_core.shell:Creating package script '/home/spaceshipecsat/ur_10_CatapultTest/install/linkattacher_msgs/share/linkattacher_msgs/package.zsh'
[0.431s] Level 1:colcon.colcon_core.environment:create_file_with_runtime_dependencies(/home/spaceshipecsat/ur_10_CatapultTest/install/linkattacher_msgs/share/colcon-core/packages/linkattacher_msgs)
[0.431s] INFO:colcon.colcon_ros.task.ament_cmake.build:Building ROS package in '/home/spaceshipecsat/ur_10_CatapultTest/src/IFRA_LinkAttacher/ros2_LinkAttacher' with build type 'ament_cmake'
[0.431s] INFO:colcon.colcon_cmake.task.cmake.build:Building CMake package in '/home/spaceshipecsat/ur_10_CatapultTest/src/IFRA_LinkAttacher/ros2_LinkAttacher'
[0.431s] INFO:colcon.colcon_core.shell:Skip shell extension 'powershell' for command environment: Not usable outside of PowerShell
[0.432s] DEBUG:colcon.colcon_core.shell:Skip shell extension 'dsv' for command environment
[0.438s] DEBUG:colcon.colcon_core.event_handler.log_command:Invoking command in '/home/spaceshipecsat/ur_10_CatapultTest/build/ros2_linkattacher': CMAKE_PREFIX_PATH=/home/spaceshipecsat/ur_10_CatapultTest/install/linkattacher_msgs:/home/spaceshipecsat/ur_10_CatapultTest/install/ur5_camera_moveit_config:/home/spaceshipecsat/ur_10_CatapultTest/install/ur5_camera_gripper_moveit_config:/home/spaceshipecsat/ur_10_CatapultTest/install/ur10_camera_moveit_config:/home/spaceshipecsat/ur_10_CatapultTest/install/ur10_camera_gripper_moveit_config:/home/spaceshipecsat/ur_10_CatapultTest/install/ur_yt_sim:/home/spaceshipecsat/ur_10_CatapultTest/install/ur_simulation_gazebo:/home/spaceshipecsat/ur_10_CatapultTest/install/ur_description:/home/spaceshipecsat/ur_10_CatapultTest/install/ros2_linkattacher:/home/spaceshipecsat/ur_10_CatapultTest/install/robotiq_description:/home/spaceshipecsat/ur_10_CatapultTest/install/robotiq_controllers:/opt/ros/humble LD_LIBRARY_PATH=/home/spaceshipecsat/ur_10_CatapultTest/install/linkattacher_msgs/lib:/home/spaceshipecsat/ur_10_CatapultTest/install/ros2_linkattacher/lib:/home/spaceshipecsat/ur_10_CatapultTest/install/robotiq_controllers/lib:/usr/lib/x86_64-linux-gnu/gazebo-11/plugins:/opt/ros/humble/opt/rviz_ogre_vendor/lib:/opt/ros/humble/lib/x86_64-linux-gnu:/opt/ros/humble/lib /usr/bin/cmake --build /home/spaceshipecsat/ur_10_CatapultTest/build/ros2_linkattacher -- -j32 -l32
[0.484s] DEBUG:colcon.colcon_core.event_handler.log_command:Invoked command in '/home/spaceshipecsat/ur_10_CatapultTest/build/ros2_linkattacher' returned '0': CMAKE_PREFIX_PATH=/home/spaceshipecsat/ur_10_CatapultTest/install/linkattacher_msgs:/home/spaceshipecsat/ur_10_CatapultTest/install/ur5_camera_moveit_config:/home/spaceshipecsat/ur_10_CatapultTest/install/ur5_camera_gripper_moveit_config:/home/spaceshipecsat/ur_10_CatapultTest/install/ur10_camera_moveit_config:/home/spaceshipecsat/ur_10_CatapultTest/install/ur10_camera_gripper_moveit_config:/home/spaceshipecsat/ur_10_CatapultTest/install/ur_yt_sim:/home/spaceshipecsat/ur_10_CatapultTest/install/ur_simulation_gazebo:/home/spaceshipecsat/ur_10_CatapultTest/install/ur_description:/home/spaceshipecsat/ur_10_CatapultTest/install/ros2_linkattacher:/home/spaceshipecsat/ur_10_CatapultTest/install/robotiq_description:/home/spaceshipecsat/ur_10_CatapultTest/install/robotiq_controllers:/opt/ros/humble LD_LIBRARY_PATH=/home/spaceshipecsat/ur_10_CatapultTest/install/linkattacher_msgs/lib:/home/spaceshipecsat/ur_10_CatapultTest/install/ros2_linkattacher/lib:/home/spaceshipecsat/ur_10_CatapultTest/install/robotiq_controllers/lib:/usr/lib/x86_64-linux-gnu/gazebo-11/plugins:/opt/ros/humble/opt/rviz_ogre_vendor/lib:/opt/ros/humble/lib/x86_64-linux-gnu:/opt/ros/humble/lib /usr/bin/cmake --build /home/spaceshipecsat/ur_10_CatapultTest/build/ros2_linkattacher -- -j32 -l32
[0.485s] DEBUG:colcon.colcon_core.event_handler.log_command:Invoking command in '/home/spaceshipecsat/ur_10_CatapultTest/build/ros2_linkattacher': CMAKE_PREFIX_PATH=/home/spaceshipecsat/ur_10_CatapultTest/install/linkattacher_msgs:/home/spaceshipecsat/ur_10_CatapultTest/install/ur5_camera_moveit_config:/home/spaceshipecsat/ur_10_CatapultTest/install/ur5_camera_gripper_moveit_config:/home/spaceshipecsat/ur_10_CatapultTest/install/ur10_camera_moveit_config:/home/spaceshipecsat/ur_10_CatapultTest/install/ur10_camera_gripper_moveit_config:/home/spaceshipecsat/ur_10_CatapultTest/install/ur_yt_sim:/home/spaceshipecsat/ur_10_CatapultTest/install/ur_simulation_gazebo:/home/spaceshipecsat/ur_10_CatapultTest/install/ur_description:/home/spaceshipecsat/ur_10_CatapultTest/install/ros2_linkattacher:/home/spaceshipecsat/ur_10_CatapultTest/install/robotiq_description:/home/spaceshipecsat/ur_10_CatapultTest/install/robotiq_controllers:/opt/ros/humble LD_LIBRARY_PATH=/home/spaceshipecsat/ur_10_CatapultTest/install/linkattacher_msgs/lib:/home/spaceshipecsat/ur_10_CatapultTest/install/ros2_linkattacher/lib:/home/spaceshipecsat/ur_10_CatapultTest/install/robotiq_controllers/lib:/usr/lib/x86_64-linux-gnu/gazebo-11/plugins:/opt/ros/humble/opt/rviz_ogre_vendor/lib:/opt/ros/humble/lib/x86_64-linux-gnu:/opt/ros/humble/lib /usr/bin/cmake --install /home/spaceshipecsat/ur_10_CatapultTest/build/ros2_linkattacher
[0.499s] Level 1:colcon.colcon_core.environment:create_environment_scripts_only(ros2_linkattacher)
[0.500s] Level 1:colcon.colcon_core.environment:checking '/home/spaceshipecsat/ur_10_CatapultTest/install/ros2_linkattacher' for CMake module files
[0.500s] DEBUG:colcon.colcon_core.event_handler.log_command:Invoked command in '/home/spaceshipecsat/ur_10_CatapultTest/build/ros2_linkattacher' returned '0': CMAKE_PREFIX_PATH=/home/spaceshipecsat/ur_10_CatapultTest/install/linkattacher_msgs:/home/spaceshipecsat/ur_10_CatapultTest/install/ur5_camera_moveit_config:/home/spaceshipecsat/ur_10_CatapultTest/install/ur5_camera_gripper_moveit_config:/home/spaceshipecsat/ur_10_CatapultTest/install/ur10_camera_moveit_config:/home/spaceshipecsat/ur_10_CatapultTest/install/ur10_camera_gripper_moveit_config:/home/spaceshipecsat/ur_10_CatapultTest/install/ur_yt_sim:/home/spaceshipecsat/ur_10_CatapultTest/install/ur_simulation_gazebo:/home/spaceshipecsat/ur_10_CatapultTest/install/ur_description:/home/spaceshipecsat/ur_10_CatapultTest/install/ros2_linkattacher:/home/spaceshipecsat/ur_10_CatapultTest/install/robotiq_description:/home/spaceshipecsat/ur_10_CatapultTest/install/robotiq_controllers:/opt/ros/humble LD_LIBRARY_PATH=/home/spaceshipecsat/ur_10_CatapultTest/install/linkattacher_msgs/lib:/home/spaceshipecsat/ur_10_CatapultTest/install/ros2_linkattacher/lib:/home/spaceshipecsat/ur_10_CatapultTest/install/robotiq_controllers/lib:/usr/lib/x86_64-linux-gnu/gazebo-11/plugins:/opt/ros/humble/opt/rviz_ogre_vendor/lib:/opt/ros/humble/lib/x86_64-linux-gnu:/opt/ros/humble/lib /usr/bin/cmake --install /home/spaceshipecsat/ur_10_CatapultTest/build/ros2_linkattacher
[0.501s] Level 1:colcon.colcon_core.environment:checking '/home/spaceshipecsat/ur_10_CatapultTest/install/ros2_linkattacher' for CMake config files
[0.501s] Level 1:colcon.colcon_core.shell:create_environment_hook('ros2_linkattacher', 'cmake_prefix_path')
[0.501s] INFO:colcon.colcon_core.shell:Creating environment hook '/home/spaceshipecsat/ur_10_CatapultTest/install/ros2_linkattacher/share/ros2_linkattacher/hook/cmake_prefix_path.ps1'
[0.502s] INFO:colcon.colcon_core.shell:Creating environment descriptor '/home/spaceshipecsat/ur_10_CatapultTest/install/ros2_linkattacher/share/ros2_linkattacher/hook/cmake_prefix_path.dsv'
[0.502s] INFO:colcon.colcon_core.shell:Creating environment hook '/home/spaceshipecsat/ur_10_CatapultTest/install/ros2_linkattacher/share/ros2_linkattacher/hook/cmake_prefix_path.sh'
[0.502s] Level 1:colcon.colcon_core.environment:checking '/home/spaceshipecsat/ur_10_CatapultTest/install/ros2_linkattacher/lib'
[0.502s] Level 1:colcon.colcon_core.shell:create_environment_hook('ros2_linkattacher', 'ld_library_path_lib')
[0.502s] INFO:colcon.colcon_core.shell:Creating environment hook '/home/spaceshipecsat/ur_10_CatapultTest/install/ros2_linkattacher/share/ros2_linkattacher/hook/ld_library_path_lib.ps1'
[0.502s] INFO:colcon.colcon_core.shell:Creating environment descriptor '/home/spaceshipecsat/ur_10_CatapultTest/install/ros2_linkattacher/share/ros2_linkattacher/hook/ld_library_path_lib.dsv'
[0.503s] INFO:colcon.colcon_core.shell:Creating environment hook '/home/spaceshipecsat/ur_10_CatapultTest/install/ros2_linkattacher/share/ros2_linkattacher/hook/ld_library_path_lib.sh'
[0.503s] Level 1:colcon.colcon_core.environment:checking '/home/spaceshipecsat/ur_10_CatapultTest/install/ros2_linkattacher/bin'
[0.503s] Level 1:colcon.colcon_core.environment:checking '/home/spaceshipecsat/ur_10_CatapultTest/install/ros2_linkattacher/lib/pkgconfig/ros2_linkattacher.pc'
[0.503s] Level 1:colcon.colcon_core.environment:checking '/home/spaceshipecsat/ur_10_CatapultTest/install/ros2_linkattacher/lib/python3.10/site-packages'
[0.503s] Level 1:colcon.colcon_core.environment:checking '/home/spaceshipecsat/ur_10_CatapultTest/install/ros2_linkattacher/bin'
[0.503s] INFO:colcon.colcon_core.shell:Creating package script '/home/spaceshipecsat/ur_10_CatapultTest/install/ros2_linkattacher/share/ros2_linkattacher/package.ps1'
[0.503s] INFO:colcon.colcon_core.shell:Creating package descriptor '/home/spaceshipecsat/ur_10_CatapultTest/install/ros2_linkattacher/share/ros2_linkattacher/package.dsv'
[0.503s] INFO:colcon.colcon_core.shell:Creating package script '/home/spaceshipecsat/ur_10_CatapultTest/install/ros2_linkattacher/share/ros2_linkattacher/package.sh'
[0.504s] INFO:colcon.colcon_core.shell:Creating package script '/home/spaceshipecsat/ur_10_CatapultTest/install/ros2_linkattacher/share/ros2_linkattacher/package.bash'
[0.504s] INFO:colcon.colcon_core.shell:Creating package script '/home/spaceshipecsat/ur_10_CatapultTest/install/ros2_linkattacher/share/ros2_linkattacher/package.zsh'
[0.504s] Level 1:colcon.colcon_core.environment:create_file_with_runtime_dependencies(/home/spaceshipecsat/ur_10_CatapultTest/install/ros2_linkattacher/share/colcon-core/packages/ros2_linkattacher)
[0.504s] Level 1:colcon.colcon_core.environment:create_environment_scripts_only(ros2_linkattacher)
[0.504s] Level 1:colcon.colcon_core.environment:checking '/home/spaceshipecsat/ur_10_CatapultTest/install/ros2_linkattacher' for CMake module files
[0.504s] Level 1:colcon.colcon_core.environment:checking '/home/spaceshipecsat/ur_10_CatapultTest/install/ros2_linkattacher' for CMake config files
[0.504s] Level 1:colcon.colcon_core.shell:create_environment_hook('ros2_linkattacher', 'cmake_prefix_path')
[0.504s] INFO:colcon.colcon_core.shell:Creating environment hook '/home/spaceshipecsat/ur_10_CatapultTest/install/ros2_linkattacher/share/ros2_linkattacher/hook/cmake_prefix_path.ps1'
[0.505s] INFO:colcon.colcon_core.shell:Creating environment descriptor '/home/spaceshipecsat/ur_10_CatapultTest/install/ros2_linkattacher/share/ros2_linkattacher/hook/cmake_prefix_path.dsv'
[0.505s] INFO:colcon.colcon_core.shell:Creating environment hook '/home/spaceshipecsat/ur_10_CatapultTest/install/ros2_linkattacher/share/ros2_linkattacher/hook/cmake_prefix_path.sh'
[0.505s] Level 1:colcon.colcon_core.environment:checking '/home/spaceshipecsat/ur_10_CatapultTest/install/ros2_linkattacher/lib'
[0.505s] Level 1:colcon.colcon_core.shell:create_environment_hook('ros2_linkattacher', 'ld_library_path_lib')
[0.505s] INFO:colcon.colcon_core.shell:Creating environment hook '/home/spaceshipecsat/ur_10_CatapultTest/install/ros2_linkattacher/share/ros2_linkattacher/hook/ld_library_path_lib.ps1'
[0.505s] INFO:colcon.colcon_core.shell:Creating environment descriptor '/home/spaceshipecsat/ur_10_CatapultTest/install/ros2_linkattacher/share/ros2_linkattacher/hook/ld_library_path_lib.dsv'
[0.505s] INFO:colcon.colcon_core.shell:Creating environment hook '/home/spaceshipecsat/ur_10_CatapultTest/install/ros2_linkattacher/share/ros2_linkattacher/hook/ld_library_path_lib.sh'
[0.505s] Level 1:colcon.colcon_core.environment:checking '/home/spaceshipecsat/ur_10_CatapultTest/install/ros2_linkattacher/bin'
[0.505s] Level 1:colcon.colcon_core.environment:checking '/home/spaceshipecsat/ur_10_CatapultTest/install/ros2_linkattacher/lib/pkgconfig/ros2_linkattacher.pc'
[0.505s] Level 1:colcon.colcon_core.environment:checking '/home/spaceshipecsat/ur_10_CatapultTest/install/ros2_linkattacher/lib/python3.10/site-packages'
[0.506s] Level 1:colcon.colcon_core.environment:checking '/home/spaceshipecsat/ur_10_CatapultTest/install/ros2_linkattacher/bin'
[0.506s] INFO:colcon.colcon_core.shell:Creating package script '/home/spaceshipecsat/ur_10_CatapultTest/install/ros2_linkattacher/share/ros2_linkattacher/package.ps1'
[0.506s] INFO:colcon.colcon_core.shell:Creating package descriptor '/home/spaceshipecsat/ur_10_CatapultTest/install/ros2_linkattacher/share/ros2_linkattacher/package.dsv'
[0.506s] INFO:colcon.colcon_core.shell:Creating package script '/home/spaceshipecsat/ur_10_CatapultTest/install/ros2_linkattacher/share/ros2_linkattacher/package.sh'
[0.506s] INFO:colcon.colcon_core.shell:Creating package script '/home/spaceshipecsat/ur_10_CatapultTest/install/ros2_linkattacher/share/ros2_linkattacher/package.bash'
[0.506s] INFO:colcon.colcon_core.shell:Creating package script '/home/spaceshipecsat/ur_10_CatapultTest/install/ros2_linkattacher/share/ros2_linkattacher/package.zsh'
[0.506s] Level 1:colcon.colcon_core.environment:create_file_with_runtime_dependencies(/home/spaceshipecsat/ur_10_CatapultTest/install/ros2_linkattacher/share/colcon-core/packages/ros2_linkattacher)
[0.506s] DEBUG:colcon.colcon_parallel_executor.executor.parallel:closing loop
[0.507s] DEBUG:colcon.colcon_parallel_executor.executor.parallel:loop closed
[0.507s] DEBUG:colcon.colcon_parallel_executor.executor.parallel:run_until_complete finished with '0'
[0.507s] DEBUG:colcon.colcon_core.event_reactor:joining thread
[0.509s] INFO:colcon.colcon_core.plugin_system:Skipping extension 'colcon_notification.desktop_notification.terminal_notifier': Not used on non-Darwin systems
[0.509s] INFO:colcon.colcon_core.plugin_system:Skipping extension 'colcon_notification.desktop_notification.win32': Not used on non-Windows systems
[0.509s] INFO:colcon.colcon_notification.desktop_notification:Sending desktop notification using 'notify2'
[0.514s] DEBUG:colcon.colcon_core.event_reactor:joined thread
[0.514s] INFO:colcon.colcon_core.shell:Creating prefix script '/home/spaceshipecsat/ur_10_CatapultTest/install/local_setup.ps1'
[0.514s] INFO:colcon.colcon_core.shell:Creating prefix util module '/home/spaceshipecsat/ur_10_CatapultTest/install/_local_setup_util_ps1.py'
[0.515s] INFO:colcon.colcon_core.shell:Creating prefix chain script '/home/spaceshipecsat/ur_10_CatapultTest/install/setup.ps1'
[0.515s] INFO:colcon.colcon_core.shell:Creating prefix script '/home/spaceshipecsat/ur_10_CatapultTest/install/local_setup.sh'
[0.515s] INFO:colcon.colcon_core.shell:Creating prefix util module '/home/spaceshipecsat/ur_10_CatapultTest/install/_local_setup_util_sh.py'
[0.516s] INFO:colcon.colcon_core.shell:Creating prefix chain script '/home/spaceshipecsat/ur_10_CatapultTest/install/setup.sh'
[0.516s] INFO:colcon.colcon_core.shell:Creating prefix script '/home/spaceshipecsat/ur_10_CatapultTest/install/local_setup.bash'
[0.516s] INFO:colcon.colcon_core.shell:Creating prefix chain script '/home/spaceshipecsat/ur_10_CatapultTest/install/setup.bash'
[0.517s] INFO:colcon.colcon_core.shell:Creating prefix script '/home/spaceshipecsat/ur_10_CatapultTest/install/local_setup.zsh'
[0.517s] INFO:colcon.colcon_core.shell:Creating prefix chain script '/home/spaceshipecsat/ur_10_CatapultTest/install/setup.zsh'
