[0.045s] DEBUG:colcon:Command line arguments: ['/usr/bin/colcon', 'build', '--symlink-install']
[0.046s] DEBUG:colcon:Parsed command line arguments: Namespace(log_base=None, log_level=None, verb_name='build', build_base='build', install_base='install', merge_install=False, symlink_install=True, test_result_base=None, continue_on_error=False, executor='parallel', parallel_workers=32, event_handlers=None, ignore_user_meta=False, metas=['./colcon.meta'], base_paths=['.'], packages_ignore=None, packages_ignore_regex=None, paths=None, packages_up_to=None, packages_up_to_regex=None, packages_above=None, packages_above_and_dependencies=None, packages_above_depth=None, packages_select_by_dep=None, packages_skip_by_dep=None, packages_skip_up_to=None, packages_select_build_failed=False, packages_skip_build_finished=False, packages_select_test_failures=False, packages_skip_test_passed=False, packages_select=None, packages_skip=None, packages_select_regex=None, packages_skip_regex=None, packages_start=None, packages_end=None, allow_overriding=[], cmake_args=None, cmake_target=None, cmake_target_skip_unavailable=False, cmake_clean_cache=False, cmake_clean_first=False, cmake_force_configure=False, ament_cmake_args=None, catkin_cmake_args=None, catkin_skip_building_tests=False, verb_parser=<colcon_defaults.argument_parser.defaults.DefaultArgumentsDecorator object at 0x73d6cad1c820>, verb_extension=<colcon_core.verb.build.BuildVerb object at 0x73d6cace7a60>, main=<bound method BuildVerb.main of <colcon_core.verb.build.BuildVerb object at 0x73d6cace7a60>>)
[0.117s] Level 1:colcon.colcon_core.package_discovery:discover_packages(colcon_meta) check parameters
[0.117s] Level 1:colcon.colcon_core.package_discovery:discover_packages(recursive) check parameters
[0.117s] Level 1:colcon.colcon_core.package_discovery:discover_packages(ignore) check parameters
[0.117s] Level 1:colcon.colcon_core.package_discovery:discover_packages(path) check parameters
[0.117s] Level 1:colcon.colcon_core.package_discovery:discover_packages(colcon_meta) discover
[0.117s] Level 1:colcon.colcon_core.package_discovery:discover_packages(recursive) discover
[0.117s] INFO:colcon.colcon_core.package_discovery:Crawling recursively for packages in '/home/spaceshipecsat/ur_10_CatapultTest'
[0.117s] Level 1:colcon.colcon_core.package_identification:_identify(.) by extensions ['ignore', 'ignore_ament_install']
[0.117s] Level 1:colcon.colcon_core.package_identification:_identify(.) by extension 'ignore'
[0.117s] Level 1:colcon.colcon_core.package_identification:_identify(.) by extension 'ignore_ament_install'
[0.117s] Level 1:colcon.colcon_core.package_identification:_identify(.) by extensions ['colcon_pkg']
[0.117s] Level 1:colcon.colcon_core.package_identification:_identify(.) by extension 'colcon_pkg'
[0.117s] Level 1:colcon.colcon_core.package_identification:_identify(.) by extensions ['colcon_meta']
[0.117s] Level 1:colcon.colcon_core.package_identification:_identify(.) by extension 'colcon_meta'
[0.117s] Level 1:colcon.colcon_core.package_identification:_identify(.) by extensions ['ros']
[0.117s] Level 1:colcon.colcon_core.package_identification:_identify(.) by extension 'ros'
[0.122s] Level 1:colcon.colcon_core.package_identification:_identify(.) by extensions ['cmake', 'python']
[0.122s] Level 1:colcon.colcon_core.package_identification:_identify(.) by extension 'cmake'
[0.122s] Level 1:colcon.colcon_core.package_identification:_identify(.) by extension 'python'
[0.122s] Level 1:colcon.colcon_core.package_identification:_identify(.) by extensions ['python_setup_py']
[0.122s] Level 1:colcon.colcon_core.package_identification:_identify(.) by extension 'python_setup_py'
[0.122s] Level 1:colcon.colcon_core.package_identification:_identify(build) by extensions ['ignore', 'ignore_ament_install']
[0.122s] Level 1:colcon.colcon_core.package_identification:_identify(build) by extension 'ignore'
[0.122s] Level 1:colcon.colcon_core.package_identification:_identify(build) ignored
[0.123s] Level 1:colcon.colcon_core.package_identification:_identify(install) by extensions ['ignore', 'ignore_ament_install']
[0.123s] Level 1:colcon.colcon_core.package_identification:_identify(install) by extension 'ignore'
[0.123s] Level 1:colcon.colcon_core.package_identification:_identify(install) ignored
[0.123s] Level 1:colcon.colcon_core.package_identification:_identify(log) by extensions ['ignore', 'ignore_ament_install']
[0.123s] Level 1:colcon.colcon_core.package_identification:_identify(log) by extension 'ignore'
[0.123s] Level 1:colcon.colcon_core.package_identification:_identify(log) ignored
[0.123s] Level 1:colcon.colcon_core.package_identification:_identify(src) by extensions ['ignore', 'ignore_ament_install']
[0.123s] Level 1:colcon.colcon_core.package_identification:_identify(src) by extension 'ignore'
[0.123s] Level 1:colcon.colcon_core.package_identification:_identify(src) by extension 'ignore_ament_install'
[0.123s] Level 1:colcon.colcon_core.package_identification:_identify(src) by extensions ['colcon_pkg']
[0.123s] Level 1:colcon.colcon_core.package_identification:_identify(src) by extension 'colcon_pkg'
[0.123s] Level 1:colcon.colcon_core.package_identification:_identify(src) by extensions ['colcon_meta']
[0.123s] Level 1:colcon.colcon_core.package_identification:_identify(src) by extension 'colcon_meta'
[0.123s] Level 1:colcon.colcon_core.package_identification:_identify(src) by extensions ['ros']
[0.123s] Level 1:colcon.colcon_core.package_identification:_identify(src) by extension 'ros'
[0.123s] Level 1:colcon.colcon_core.package_identification:_identify(src) by extensions ['cmake', 'python']
[0.123s] Level 1:colcon.colcon_core.package_identification:_identify(src) by extension 'cmake'
[0.123s] Level 1:colcon.colcon_core.package_identification:_identify(src) by extension 'python'
[0.123s] Level 1:colcon.colcon_core.package_identification:_identify(src) by extensions ['python_setup_py']
[0.123s] Level 1:colcon.colcon_core.package_identification:_identify(src) by extension 'python_setup_py'
[0.123s] Level 1:colcon.colcon_core.package_identification:_identify(src/IFRA_LinkAttacher) by extensions ['ignore', 'ignore_ament_install']
[0.123s] Level 1:colcon.colcon_core.package_identification:_identify(src/IFRA_LinkAttacher) by extension 'ignore'
[0.123s] Level 1:colcon.colcon_core.package_identification:_identify(src/IFRA_LinkAttacher) by extension 'ignore_ament_install'
[0.123s] Level 1:colcon.colcon_core.package_identification:_identify(src/IFRA_LinkAttacher) by extensions ['colcon_pkg']
[0.123s] Level 1:colcon.colcon_core.package_identification:_identify(src/IFRA_LinkAttacher) by extension 'colcon_pkg'
[0.123s] Level 1:colcon.colcon_core.package_identification:_identify(src/IFRA_LinkAttacher) by extensions ['colcon_meta']
[0.123s] Level 1:colcon.colcon_core.package_identification:_identify(src/IFRA_LinkAttacher) by extension 'colcon_meta'
[0.123s] Level 1:colcon.colcon_core.package_identification:_identify(src/IFRA_LinkAttacher) by extensions ['ros']
[0.123s] Level 1:colcon.colcon_core.package_identification:_identify(src/IFRA_LinkAttacher) by extension 'ros'
[0.123s] Level 1:colcon.colcon_core.package_identification:_identify(src/IFRA_LinkAttacher) by extensions ['cmake', 'python']
[0.123s] Level 1:colcon.colcon_core.package_identification:_identify(src/IFRA_LinkAttacher) by extension 'cmake'
[0.123s] Level 1:colcon.colcon_core.package_identification:_identify(src/IFRA_LinkAttacher) by extension 'python'
[0.123s] Level 1:colcon.colcon_core.package_identification:_identify(src/IFRA_LinkAttacher) by extensions ['python_setup_py']
[0.123s] Level 1:colcon.colcon_core.package_identification:_identify(src/IFRA_LinkAttacher) by extension 'python_setup_py'
[0.123s] Level 1:colcon.colcon_core.package_identification:_identify(src/IFRA_LinkAttacher/linkattacher_msgs) by extensions ['ignore', 'ignore_ament_install']
[0.123s] Level 1:colcon.colcon_core.package_identification:_identify(src/IFRA_LinkAttacher/linkattacher_msgs) by extension 'ignore'
[0.123s] Level 1:colcon.colcon_core.package_identification:_identify(src/IFRA_LinkAttacher/linkattacher_msgs) by extension 'ignore_ament_install'
[0.123s] Level 1:colcon.colcon_core.package_identification:_identify(src/IFRA_LinkAttacher/linkattacher_msgs) by extensions ['colcon_pkg']
[0.123s] Level 1:colcon.colcon_core.package_identification:_identify(src/IFRA_LinkAttacher/linkattacher_msgs) by extension 'colcon_pkg'
[0.123s] Level 1:colcon.colcon_core.package_identification:_identify(src/IFRA_LinkAttacher/linkattacher_msgs) by extensions ['colcon_meta']
[0.123s] Level 1:colcon.colcon_core.package_identification:_identify(src/IFRA_LinkAttacher/linkattacher_msgs) by extension 'colcon_meta'
[0.123s] Level 1:colcon.colcon_core.package_identification:_identify(src/IFRA_LinkAttacher/linkattacher_msgs) by extensions ['ros']
[0.123s] Level 1:colcon.colcon_core.package_identification:_identify(src/IFRA_LinkAttacher/linkattacher_msgs) by extension 'ros'
[0.124s] DEBUG:colcon.colcon_core.package_identification:Package 'src/IFRA_LinkAttacher/linkattacher_msgs' with type 'ros.ament_cmake' and name 'linkattacher_msgs'
[0.125s] Level 1:colcon.colcon_core.package_identification:_identify(src/IFRA_LinkAttacher/ros2_LinkAttacher) by extensions ['ignore', 'ignore_ament_install']
[0.125s] Level 1:colcon.colcon_core.package_identification:_identify(src/IFRA_LinkAttacher/ros2_LinkAttacher) by extension 'ignore'
[0.125s] Level 1:colcon.colcon_core.package_identification:_identify(src/IFRA_LinkAttacher/ros2_LinkAttacher) by extension 'ignore_ament_install'
[0.125s] Level 1:colcon.colcon_core.package_identification:_identify(src/IFRA_LinkAttacher/ros2_LinkAttacher) by extensions ['colcon_pkg']
[0.125s] Level 1:colcon.colcon_core.package_identification:_identify(src/IFRA_LinkAttacher/ros2_LinkAttacher) by extension 'colcon_pkg'
[0.125s] Level 1:colcon.colcon_core.package_identification:_identify(src/IFRA_LinkAttacher/ros2_LinkAttacher) by extensions ['colcon_meta']
[0.125s] Level 1:colcon.colcon_core.package_identification:_identify(src/IFRA_LinkAttacher/ros2_LinkAttacher) by extension 'colcon_meta'
[0.125s] Level 1:colcon.colcon_core.package_identification:_identify(src/IFRA_LinkAttacher/ros2_LinkAttacher) by extensions ['ros']
[0.125s] Level 1:colcon.colcon_core.package_identification:_identify(src/IFRA_LinkAttacher/ros2_LinkAttacher) by extension 'ros'
[0.125s] DEBUG:colcon.colcon_core.package_identification:Package 'src/IFRA_LinkAttacher/ros2_LinkAttacher' with type 'ros.ament_cmake' and name 'ros2_linkattacher'
[0.125s] Level 1:colcon.colcon_core.package_identification:_identify(src/Universal_Robots_ROS2_Description) by extensions ['ignore', 'ignore_ament_install']
[0.125s] Level 1:colcon.colcon_core.package_identification:_identify(src/Universal_Robots_ROS2_Description) by extension 'ignore'
[0.125s] Level 1:colcon.colcon_core.package_identification:_identify(src/Universal_Robots_ROS2_Description) by extension 'ignore_ament_install'
[0.125s] Level 1:colcon.colcon_core.package_identification:_identify(src/Universal_Robots_ROS2_Description) by extensions ['colcon_pkg']
[0.125s] Level 1:colcon.colcon_core.package_identification:_identify(src/Universal_Robots_ROS2_Description) by extension 'colcon_pkg'
[0.125s] Level 1:colcon.colcon_core.package_identification:_identify(src/Universal_Robots_ROS2_Description) by extensions ['colcon_meta']
[0.125s] Level 1:colcon.colcon_core.package_identification:_identify(src/Universal_Robots_ROS2_Description) by extension 'colcon_meta'
[0.125s] Level 1:colcon.colcon_core.package_identification:_identify(src/Universal_Robots_ROS2_Description) by extensions ['ros']
[0.125s] Level 1:colcon.colcon_core.package_identification:_identify(src/Universal_Robots_ROS2_Description) by extension 'ros'
[0.126s] DEBUG:colcon.colcon_core.package_identification:Package 'src/Universal_Robots_ROS2_Description' with type 'ros.ament_cmake' and name 'ur_description'
[0.126s] Level 1:colcon.colcon_core.package_identification:_identify(src/Universal_Robots_ROS2_Gazebo_Simulation) by extensions ['ignore', 'ignore_ament_install']
[0.126s] Level 1:colcon.colcon_core.package_identification:_identify(src/Universal_Robots_ROS2_Gazebo_Simulation) by extension 'ignore'
[0.126s] Level 1:colcon.colcon_core.package_identification:_identify(src/Universal_Robots_ROS2_Gazebo_Simulation) by extension 'ignore_ament_install'
[0.126s] Level 1:colcon.colcon_core.package_identification:_identify(src/Universal_Robots_ROS2_Gazebo_Simulation) by extensions ['colcon_pkg']
[0.126s] Level 1:colcon.colcon_core.package_identification:_identify(src/Universal_Robots_ROS2_Gazebo_Simulation) by extension 'colcon_pkg'
[0.126s] Level 1:colcon.colcon_core.package_identification:_identify(src/Universal_Robots_ROS2_Gazebo_Simulation) by extensions ['colcon_meta']
[0.126s] Level 1:colcon.colcon_core.package_identification:_identify(src/Universal_Robots_ROS2_Gazebo_Simulation) by extension 'colcon_meta'
[0.126s] Level 1:colcon.colcon_core.package_identification:_identify(src/Universal_Robots_ROS2_Gazebo_Simulation) by extensions ['ros']
[0.126s] Level 1:colcon.colcon_core.package_identification:_identify(src/Universal_Robots_ROS2_Gazebo_Simulation) by extension 'ros'
[0.126s] Level 1:colcon.colcon_core.package_identification:_identify(src/Universal_Robots_ROS2_Gazebo_Simulation) by extensions ['cmake', 'python']
[0.126s] Level 1:colcon.colcon_core.package_identification:_identify(src/Universal_Robots_ROS2_Gazebo_Simulation) by extension 'cmake'
[0.126s] Level 1:colcon.colcon_core.package_identification:_identify(src/Universal_Robots_ROS2_Gazebo_Simulation) by extension 'python'
[0.126s] Level 1:colcon.colcon_core.package_identification:_identify(src/Universal_Robots_ROS2_Gazebo_Simulation) by extensions ['python_setup_py']
[0.126s] Level 1:colcon.colcon_core.package_identification:_identify(src/Universal_Robots_ROS2_Gazebo_Simulation) by extension 'python_setup_py'
[0.126s] Level 1:colcon.colcon_core.package_identification:_identify(src/Universal_Robots_ROS2_Gazebo_Simulation/ur_simulation_gazebo) by extensions ['ignore', 'ignore_ament_install']
[0.126s] Level 1:colcon.colcon_core.package_identification:_identify(src/Universal_Robots_ROS2_Gazebo_Simulation/ur_simulation_gazebo) by extension 'ignore'
[0.126s] Level 1:colcon.colcon_core.package_identification:_identify(src/Universal_Robots_ROS2_Gazebo_Simulation/ur_simulation_gazebo) by extension 'ignore_ament_install'
[0.126s] Level 1:colcon.colcon_core.package_identification:_identify(src/Universal_Robots_ROS2_Gazebo_Simulation/ur_simulation_gazebo) by extensions ['colcon_pkg']
[0.126s] Level 1:colcon.colcon_core.package_identification:_identify(src/Universal_Robots_ROS2_Gazebo_Simulation/ur_simulation_gazebo) by extension 'colcon_pkg'
[0.126s] Level 1:colcon.colcon_core.package_identification:_identify(src/Universal_Robots_ROS2_Gazebo_Simulation/ur_simulation_gazebo) by extensions ['colcon_meta']
[0.127s] Level 1:colcon.colcon_core.package_identification:_identify(src/Universal_Robots_ROS2_Gazebo_Simulation/ur_simulation_gazebo) by extension 'colcon_meta'
[0.127s] Level 1:colcon.colcon_core.package_identification:_identify(src/Universal_Robots_ROS2_Gazebo_Simulation/ur_simulation_gazebo) by extensions ['ros']
[0.127s] Level 1:colcon.colcon_core.package_identification:_identify(src/Universal_Robots_ROS2_Gazebo_Simulation/ur_simulation_gazebo) by extension 'ros'
[0.127s] DEBUG:colcon.colcon_core.package_identification:Package 'src/Universal_Robots_ROS2_Gazebo_Simulation/ur_simulation_gazebo' with type 'ros.ament_cmake' and name 'ur_simulation_gazebo'
[0.127s] Level 1:colcon.colcon_core.package_identification:_identify(src/aruco_markers) by extensions ['ignore', 'ignore_ament_install']
[0.127s] Level 1:colcon.colcon_core.package_identification:_identify(src/aruco_markers) by extension 'ignore'
[0.127s] Level 1:colcon.colcon_core.package_identification:_identify(src/aruco_markers) by extension 'ignore_ament_install'
[0.127s] Level 1:colcon.colcon_core.package_identification:_identify(src/aruco_markers) by extensions ['colcon_pkg']
[0.127s] Level 1:colcon.colcon_core.package_identification:_identify(src/aruco_markers) by extension 'colcon_pkg'
[0.127s] Level 1:colcon.colcon_core.package_identification:_identify(src/aruco_markers) by extensions ['colcon_meta']
[0.127s] Level 1:colcon.colcon_core.package_identification:_identify(src/aruco_markers) by extension 'colcon_meta'
[0.127s] Level 1:colcon.colcon_core.package_identification:_identify(src/aruco_markers) by extensions ['ros']
[0.127s] Level 1:colcon.colcon_core.package_identification:_identify(src/aruco_markers) by extension 'ros'
[0.127s] Level 1:colcon.colcon_core.package_identification:_identify(src/aruco_markers) by extensions ['cmake', 'python']
[0.127s] Level 1:colcon.colcon_core.package_identification:_identify(src/aruco_markers) by extension 'cmake'
[0.127s] Level 1:colcon.colcon_core.package_identification:_identify(src/aruco_markers) by extension 'python'
[0.127s] Level 1:colcon.colcon_core.package_identification:_identify(src/aruco_markers) by extensions ['python_setup_py']
[0.127s] Level 1:colcon.colcon_core.package_identification:_identify(src/aruco_markers) by extension 'python_setup_py'
[0.127s] Level 1:colcon.colcon_core.package_identification:_identify(src/build_local) by extensions ['ignore', 'ignore_ament_install']
[0.127s] Level 1:colcon.colcon_core.package_identification:_identify(src/build_local) by extension 'ignore'
[0.127s] Level 1:colcon.colcon_core.package_identification:_identify(src/build_local) ignored
[0.127s] Level 1:colcon.colcon_core.package_identification:_identify(src/build_tmp) by extensions ['ignore', 'ignore_ament_install']
[0.127s] Level 1:colcon.colcon_core.package_identification:_identify(src/build_tmp) by extension 'ignore'
[0.127s] Level 1:colcon.colcon_core.package_identification:_identify(src/build_tmp) ignored
[0.127s] Level 1:colcon.colcon_core.package_identification:_identify(src/build_tmp2) by extensions ['ignore', 'ignore_ament_install']
[0.127s] Level 1:colcon.colcon_core.package_identification:_identify(src/build_tmp2) by extension 'ignore'
[0.127s] Level 1:colcon.colcon_core.package_identification:_identify(src/build_tmp2) ignored
[0.127s] Level 1:colcon.colcon_core.package_identification:_identify(src/install_local) by extensions ['ignore', 'ignore_ament_install']
[0.127s] Level 1:colcon.colcon_core.package_identification:_identify(src/install_local) by extension 'ignore'
[0.127s] Level 1:colcon.colcon_core.package_identification:_identify(src/install_local) ignored
[0.127s] Level 1:colcon.colcon_core.package_identification:_identify(src/install_tmp) by extensions ['ignore', 'ignore_ament_install']
[0.127s] Level 1:colcon.colcon_core.package_identification:_identify(src/install_tmp) by extension 'ignore'
[0.127s] Level 1:colcon.colcon_core.package_identification:_identify(src/install_tmp) ignored
[0.127s] Level 1:colcon.colcon_core.package_identification:_identify(src/install_tmp2) by extensions ['ignore', 'ignore_ament_install']
[0.128s] Level 1:colcon.colcon_core.package_identification:_identify(src/install_tmp2) by extension 'ignore'
[0.128s] Level 1:colcon.colcon_core.package_identification:_identify(src/install_tmp2) ignored
[0.128s] Level 1:colcon.colcon_core.package_identification:_identify(src/log_local) by extensions ['ignore', 'ignore_ament_install']
[0.128s] Level 1:colcon.colcon_core.package_identification:_identify(src/log_local) by extension 'ignore'
[0.128s] Level 1:colcon.colcon_core.package_identification:_identify(src/log_local) ignored
[0.128s] Level 1:colcon.colcon_core.package_identification:_identify(src/log_tmp) by extensions ['ignore', 'ignore_ament_install']
[0.128s] Level 1:colcon.colcon_core.package_identification:_identify(src/log_tmp) by extension 'ignore'
[0.128s] Level 1:colcon.colcon_core.package_identification:_identify(src/log_tmp) ignored
[0.128s] Level 1:colcon.colcon_core.package_identification:_identify(src/log_tmp2) by extensions ['ignore', 'ignore_ament_install']
[0.128s] Level 1:colcon.colcon_core.package_identification:_identify(src/log_tmp2) by extension 'ignore'
[0.128s] Level 1:colcon.colcon_core.package_identification:_identify(src/log_tmp2) ignored
[0.128s] Level 1:colcon.colcon_core.package_identification:_identify(src/ros2_robotiq_gripper) by extensions ['ignore', 'ignore_ament_install']
[0.128s] Level 1:colcon.colcon_core.package_identification:_identify(src/ros2_robotiq_gripper) by extension 'ignore'
[0.128s] Level 1:colcon.colcon_core.package_identification:_identify(src/ros2_robotiq_gripper) by extension 'ignore_ament_install'
[0.128s] Level 1:colcon.colcon_core.package_identification:_identify(src/ros2_robotiq_gripper) by extensions ['colcon_pkg']
[0.128s] Level 1:colcon.colcon_core.package_identification:_identify(src/ros2_robotiq_gripper) by extension 'colcon_pkg'
[0.128s] Level 1:colcon.colcon_core.package_identification:_identify(src/ros2_robotiq_gripper) by extensions ['colcon_meta']
[0.128s] Level 1:colcon.colcon_core.package_identification:_identify(src/ros2_robotiq_gripper) by extension 'colcon_meta'
[0.128s] Level 1:colcon.colcon_core.package_identification:_identify(src/ros2_robotiq_gripper) by extensions ['ros']
[0.128s] Level 1:colcon.colcon_core.package_identification:_identify(src/ros2_robotiq_gripper) by extension 'ros'
[0.128s] Level 1:colcon.colcon_core.package_identification:_identify(src/ros2_robotiq_gripper) by extensions ['cmake', 'python']
[0.128s] Level 1:colcon.colcon_core.package_identification:_identify(src/ros2_robotiq_gripper) by extension 'cmake'
[0.128s] Level 1:colcon.colcon_core.package_identification:_identify(src/ros2_robotiq_gripper) by extension 'python'
[0.128s] Level 1:colcon.colcon_core.package_identification:_identify(src/ros2_robotiq_gripper) by extensions ['python_setup_py']
[0.128s] Level 1:colcon.colcon_core.package_identification:_identify(src/ros2_robotiq_gripper) by extension 'python_setup_py'
[0.128s] Level 1:colcon.colcon_core.package_identification:_identify(src/ros2_robotiq_gripper/robotiq_controllers) by extensions ['ignore', 'ignore_ament_install']
[0.128s] Level 1:colcon.colcon_core.package_identification:_identify(src/ros2_robotiq_gripper/robotiq_controllers) by extension 'ignore'
[0.128s] Level 1:colcon.colcon_core.package_identification:_identify(src/ros2_robotiq_gripper/robotiq_controllers) by extension 'ignore_ament_install'
[0.128s] Level 1:colcon.colcon_core.package_identification:_identify(src/ros2_robotiq_gripper/robotiq_controllers) by extensions ['colcon_pkg']
[0.128s] Level 1:colcon.colcon_core.package_identification:_identify(src/ros2_robotiq_gripper/robotiq_controllers) by extension 'colcon_pkg'
[0.128s] Level 1:colcon.colcon_core.package_identification:_identify(src/ros2_robotiq_gripper/robotiq_controllers) by extensions ['colcon_meta']
[0.128s] Level 1:colcon.colcon_core.package_identification:_identify(src/ros2_robotiq_gripper/robotiq_controllers) by extension 'colcon_meta'
[0.128s] Level 1:colcon.colcon_core.package_identification:_identify(src/ros2_robotiq_gripper/robotiq_controllers) by extensions ['ros']
[0.128s] Level 1:colcon.colcon_core.package_identification:_identify(src/ros2_robotiq_gripper/robotiq_controllers) by extension 'ros'
[0.128s] DEBUG:colcon.colcon_core.package_identification:Package 'src/ros2_robotiq_gripper/robotiq_controllers' with type 'ros.ament_cmake' and name 'robotiq_controllers'
[0.128s] Level 1:colcon.colcon_core.package_identification:_identify(src/ros2_robotiq_gripper/robotiq_description) by extensions ['ignore', 'ignore_ament_install']
[0.128s] Level 1:colcon.colcon_core.package_identification:_identify(src/ros2_robotiq_gripper/robotiq_description) by extension 'ignore'
[0.129s] Level 1:colcon.colcon_core.package_identification:_identify(src/ros2_robotiq_gripper/robotiq_description) by extension 'ignore_ament_install'
[0.129s] Level 1:colcon.colcon_core.package_identification:_identify(src/ros2_robotiq_gripper/robotiq_description) by extensions ['colcon_pkg']
[0.129s] Level 1:colcon.colcon_core.package_identification:_identify(src/ros2_robotiq_gripper/robotiq_description) by extension 'colcon_pkg'
[0.129s] Level 1:colcon.colcon_core.package_identification:_identify(src/ros2_robotiq_gripper/robotiq_description) by extensions ['colcon_meta']
[0.129s] Level 1:colcon.colcon_core.package_identification:_identify(src/ros2_robotiq_gripper/robotiq_description) by extension 'colcon_meta'
[0.129s] Level 1:colcon.colcon_core.package_identification:_identify(src/ros2_robotiq_gripper/robotiq_description) by extensions ['ros']
[0.129s] Level 1:colcon.colcon_core.package_identification:_identify(src/ros2_robotiq_gripper/robotiq_description) by extension 'ros'
[0.129s] DEBUG:colcon.colcon_core.package_identification:Package 'src/ros2_robotiq_gripper/robotiq_description' with type 'ros.ament_cmake' and name 'robotiq_description'
[0.129s] Level 1:colcon.colcon_core.package_identification:_identify(src/ros2_robotiq_gripper/robotiq_driver) by extensions ['ignore', 'ignore_ament_install']
[0.129s] Level 1:colcon.colcon_core.package_identification:_identify(src/ros2_robotiq_gripper/robotiq_driver) by extension 'ignore'
[0.129s] Level 1:colcon.colcon_core.package_identification:_identify(src/ros2_robotiq_gripper/robotiq_driver) by extension 'ignore_ament_install'
[0.129s] Level 1:colcon.colcon_core.package_identification:_identify(src/ros2_robotiq_gripper/robotiq_driver) by extensions ['colcon_pkg']
[0.129s] Level 1:colcon.colcon_core.package_identification:_identify(src/ros2_robotiq_gripper/robotiq_driver) by extension 'colcon_pkg'
[0.129s] Level 1:colcon.colcon_core.package_identification:_identify(src/ros2_robotiq_gripper/robotiq_driver) by extensions ['colcon_meta']
[0.129s] Level 1:colcon.colcon_core.package_identification:_identify(src/ros2_robotiq_gripper/robotiq_driver) by extension 'colcon_meta'
[0.129s] Level 1:colcon.colcon_core.package_identification:_identify(src/ros2_robotiq_gripper/robotiq_driver) by extensions ['ros']
[0.129s] Level 1:colcon.colcon_core.package_identification:_identify(src/ros2_robotiq_gripper/robotiq_driver) by extension 'ros'
[0.129s] Level 1:colcon.colcon_core.package_identification:_identify(src/ros2_robotiq_gripper/robotiq_driver) by extensions ['cmake', 'python']
[0.129s] Level 1:colcon.colcon_core.package_identification:_identify(src/ros2_robotiq_gripper/robotiq_driver) by extension 'cmake'
[0.129s] Level 1:colcon.colcon_core.package_identification:_identify(src/ros2_robotiq_gripper/robotiq_driver) by extension 'python'
[0.129s] Level 1:colcon.colcon_core.package_identification:_identify(src/ros2_robotiq_gripper/robotiq_driver) by extensions ['python_setup_py']
[0.129s] Level 1:colcon.colcon_core.package_identification:_identify(src/ros2_robotiq_gripper/robotiq_driver) by extension 'python_setup_py'
[0.129s] Level 1:colcon.colcon_core.package_identification:_identify(src/ros2_robotiq_gripper/robotiq_hardware_tests) by extensions ['ignore', 'ignore_ament_install']
[0.129s] Level 1:colcon.colcon_core.package_identification:_identify(src/ros2_robotiq_gripper/robotiq_hardware_tests) by extension 'ignore'
[0.129s] Level 1:colcon.colcon_core.package_identification:_identify(src/ros2_robotiq_gripper/robotiq_hardware_tests) by extension 'ignore_ament_install'
[0.129s] Level 1:colcon.colcon_core.package_identification:_identify(src/ros2_robotiq_gripper/robotiq_hardware_tests) by extensions ['colcon_pkg']
[0.129s] Level 1:colcon.colcon_core.package_identification:_identify(src/ros2_robotiq_gripper/robotiq_hardware_tests) by extension 'colcon_pkg'
[0.129s] Level 1:colcon.colcon_core.package_identification:_identify(src/ros2_robotiq_gripper/robotiq_hardware_tests) by extensions ['colcon_meta']
[0.129s] Level 1:colcon.colcon_core.package_identification:_identify(src/ros2_robotiq_gripper/robotiq_hardware_tests) by extension 'colcon_meta'
[0.129s] Level 1:colcon.colcon_core.package_identification:_identify(src/ros2_robotiq_gripper/robotiq_hardware_tests) by extensions ['ros']
[0.129s] Level 1:colcon.colcon_core.package_identification:_identify(src/ros2_robotiq_gripper/robotiq_hardware_tests) by extension 'ros'
[0.129s] Level 1:colcon.colcon_core.package_identification:_identify(src/ros2_robotiq_gripper/robotiq_hardware_tests) by extensions ['cmake', 'python']
[0.129s] Level 1:colcon.colcon_core.package_identification:_identify(src/ros2_robotiq_gripper/robotiq_hardware_tests) by extension 'cmake'
[0.129s] Level 1:colcon.colcon_core.package_identification:_identify(src/ros2_robotiq_gripper/robotiq_hardware_tests) by extension 'python'
[0.129s] Level 1:colcon.colcon_core.package_identification:_identify(src/ros2_robotiq_gripper/robotiq_hardware_tests) by extensions ['python_setup_py']
[0.129s] Level 1:colcon.colcon_core.package_identification:_identify(src/ros2_robotiq_gripper/robotiq_hardware_tests) by extension 'python_setup_py'
[0.129s] Level 1:colcon.colcon_core.package_identification:_identify(src/ur10_camera_gripper_moveit_config) by extensions ['ignore', 'ignore_ament_install']
[0.129s] Level 1:colcon.colcon_core.package_identification:_identify(src/ur10_camera_gripper_moveit_config) by extension 'ignore'
[0.129s] Level 1:colcon.colcon_core.package_identification:_identify(src/ur10_camera_gripper_moveit_config) by extension 'ignore_ament_install'
[0.129s] Level 1:colcon.colcon_core.package_identification:_identify(src/ur10_camera_gripper_moveit_config) by extensions ['colcon_pkg']
[0.129s] Level 1:colcon.colcon_core.package_identification:_identify(src/ur10_camera_gripper_moveit_config) by extension 'colcon_pkg'
[0.129s] Level 1:colcon.colcon_core.package_identification:_identify(src/ur10_camera_gripper_moveit_config) by extensions ['colcon_meta']
[0.129s] Level 1:colcon.colcon_core.package_identification:_identify(src/ur10_camera_gripper_moveit_config) by extension 'colcon_meta'
[0.130s] Level 1:colcon.colcon_core.package_identification:_identify(src/ur10_camera_gripper_moveit_config) by extensions ['ros']
[0.130s] Level 1:colcon.colcon_core.package_identification:_identify(src/ur10_camera_gripper_moveit_config) by extension 'ros'
[0.133s] DEBUG:colcon.colcon_core.package_identification:Package 'src/ur10_camera_gripper_moveit_config' with type 'ros.ament_cmake' and name 'ur10_camera_gripper_moveit_config'
[0.133s] Level 1:colcon.colcon_core.package_identification:_identify(src/ur10_camera_moveit_config) by extensions ['ignore', 'ignore_ament_install']
[0.133s] Level 1:colcon.colcon_core.package_identification:_identify(src/ur10_camera_moveit_config) by extension 'ignore'
[0.133s] Level 1:colcon.colcon_core.package_identification:_identify(src/ur10_camera_moveit_config) by extension 'ignore_ament_install'
[0.133s] Level 1:colcon.colcon_core.package_identification:_identify(src/ur10_camera_moveit_config) by extensions ['colcon_pkg']
[0.133s] Level 1:colcon.colcon_core.package_identification:_identify(src/ur10_camera_moveit_config) by extension 'colcon_pkg'
[0.133s] Level 1:colcon.colcon_core.package_identification:_identify(src/ur10_camera_moveit_config) by extensions ['colcon_meta']
[0.133s] Level 1:colcon.colcon_core.package_identification:_identify(src/ur10_camera_moveit_config) by extension 'colcon_meta'
[0.133s] Level 1:colcon.colcon_core.package_identification:_identify(src/ur10_camera_moveit_config) by extensions ['ros']
[0.133s] Level 1:colcon.colcon_core.package_identification:_identify(src/ur10_camera_moveit_config) by extension 'ros'
[0.134s] DEBUG:colcon.colcon_core.package_identification:Package 'src/ur10_camera_moveit_config' with type 'ros.ament_cmake' and name 'ur10_camera_moveit_config'
[0.134s] Level 1:colcon.colcon_core.package_identification:_identify(src/ur5_camera_gripper_moveit_config) by extensions ['ignore', 'ignore_ament_install']
[0.134s] Level 1:colcon.colcon_core.package_identification:_identify(src/ur5_camera_gripper_moveit_config) by extension 'ignore'
[0.134s] Level 1:colcon.colcon_core.package_identification:_identify(src/ur5_camera_gripper_moveit_config) by extension 'ignore_ament_install'
[0.134s] Level 1:colcon.colcon_core.package_identification:_identify(src/ur5_camera_gripper_moveit_config) by extensions ['colcon_pkg']
[0.134s] Level 1:colcon.colcon_core.package_identification:_identify(src/ur5_camera_gripper_moveit_config) by extension 'colcon_pkg'
[0.134s] Level 1:colcon.colcon_core.package_identification:_identify(src/ur5_camera_gripper_moveit_config) by extensions ['colcon_meta']
[0.134s] Level 1:colcon.colcon_core.package_identification:_identify(src/ur5_camera_gripper_moveit_config) by extension 'colcon_meta'
[0.134s] Level 1:colcon.colcon_core.package_identification:_identify(src/ur5_camera_gripper_moveit_config) by extensions ['ros']
[0.134s] Level 1:colcon.colcon_core.package_identification:_identify(src/ur5_camera_gripper_moveit_config) by extension 'ros'
[0.134s] DEBUG:colcon.colcon_core.package_identification:Package 'src/ur5_camera_gripper_moveit_config' with type 'ros.ament_cmake' and name 'ur5_camera_gripper_moveit_config'
[0.134s] Level 1:colcon.colcon_core.package_identification:_identify(src/ur5_camera_moveit_config) by extensions ['ignore', 'ignore_ament_install']
[0.134s] Level 1:colcon.colcon_core.package_identification:_identify(src/ur5_camera_moveit_config) by extension 'ignore'
[0.134s] Level 1:colcon.colcon_core.package_identification:_identify(src/ur5_camera_moveit_config) by extension 'ignore_ament_install'
[0.134s] Level 1:colcon.colcon_core.package_identification:_identify(src/ur5_camera_moveit_config) by extensions ['colcon_pkg']
[0.134s] Level 1:colcon.colcon_core.package_identification:_identify(src/ur5_camera_moveit_config) by extension 'colcon_pkg'
[0.134s] Level 1:colcon.colcon_core.package_identification:_identify(src/ur5_camera_moveit_config) by extensions ['colcon_meta']
[0.134s] Level 1:colcon.colcon_core.package_identification:_identify(src/ur5_camera_moveit_config) by extension 'colcon_meta'
[0.134s] Level 1:colcon.colcon_core.package_identification:_identify(src/ur5_camera_moveit_config) by extensions ['ros']
[0.135s] Level 1:colcon.colcon_core.package_identification:_identify(src/ur5_camera_moveit_config) by extension 'ros'
[0.135s] DEBUG:colcon.colcon_core.package_identification:Package 'src/ur5_camera_moveit_config' with type 'ros.ament_cmake' and name 'ur5_camera_moveit_config'
[0.135s] Level 1:colcon.colcon_core.package_identification:_identify(src/ur_yt_sim) by extensions ['ignore', 'ignore_ament_install']
[0.135s] Level 1:colcon.colcon_core.package_identification:_identify(src/ur_yt_sim) by extension 'ignore'
[0.135s] Level 1:colcon.colcon_core.package_identification:_identify(src/ur_yt_sim) by extension 'ignore_ament_install'
[0.135s] Level 1:colcon.colcon_core.package_identification:_identify(src/ur_yt_sim) by extensions ['colcon_pkg']
[0.135s] Level 1:colcon.colcon_core.package_identification:_identify(src/ur_yt_sim) by extension 'colcon_pkg'
[0.135s] Level 1:colcon.colcon_core.package_identification:_identify(src/ur_yt_sim) by extensions ['colcon_meta']
[0.135s] Level 1:colcon.colcon_core.package_identification:_identify(src/ur_yt_sim) by extension 'colcon_meta'
[0.135s] Level 1:colcon.colcon_core.package_identification:_identify(src/ur_yt_sim) by extensions ['ros']
[0.135s] Level 1:colcon.colcon_core.package_identification:_identify(src/ur_yt_sim) by extension 'ros'
[0.136s] DEBUG:colcon.colcon_core.package_identification:Package 'src/ur_yt_sim' with type 'ros.ament_cmake' and name 'ur_yt_sim'
[0.136s] Level 1:colcon.colcon_core.package_discovery:discover_packages(recursive) using defaults
[0.136s] Level 1:colcon.colcon_core.package_discovery:discover_packages(ignore) discover
[0.136s] Level 1:colcon.colcon_core.package_discovery:discover_packages(ignore) using defaults
[0.136s] Level 1:colcon.colcon_core.package_discovery:discover_packages(path) discover
[0.136s] Level 1:colcon.colcon_core.package_discovery:discover_packages(path) using defaults
[0.146s] Level 1:colcon.colcon_core.package_discovery:discover_packages(prefix_path) check parameters
[0.146s] Level 1:colcon.colcon_core.package_discovery:discover_packages(prefix_path) discover
[0.147s] DEBUG:colcon.colcon_installed_package_information.package_discovery:Found 11 installed packages in /home/spaceshipecsat/ur_10_CatapultTest/install
[0.147s] DEBUG:colcon.colcon_installed_package_information.package_discovery:Found 413 installed packages in /opt/ros/humble
[0.148s] Level 1:colcon.colcon_core.package_discovery:discover_packages(prefix_path) using defaults
[0.168s] WARNING:colcon.colcon_core.package_selection:Some selected packages are already built in one or more underlay workspaces:
	'ur_description' is in: /home/spaceshipecsat/ur_10_CatapultTest/install/ur_description, /opt/ros/humble
If a package in a merged underlay workspace is overridden and it installs headers, then all packages in the overlay must sort their include directories by workspace order. Failure to do so may result in build failures or undefined behavior at run time.
If the overridden package is used by another package in any underlay, then the overriding package in the overlay must be API and ABI compatible or undefined behavior at run time may occur.

If you understand the risks and want to override a package anyways, add the following to the command line:
	--allow-overriding ur_description

This may be promoted to an error in a future release of colcon-override-check.
[0.169s] Level 5:colcon.colcon_core.verb:set package 'linkattacher_msgs' build argument 'cmake_args' from command line to 'None'
[0.169s] Level 5:colcon.colcon_core.verb:set package 'linkattacher_msgs' build argument 'cmake_target' from command line to 'None'
[0.169s] Level 5:colcon.colcon_core.verb:set package 'linkattacher_msgs' build argument 'cmake_target_skip_unavailable' from command line to 'False'
[0.169s] Level 5:colcon.colcon_core.verb:set package 'linkattacher_msgs' build argument 'cmake_clean_cache' from command line to 'False'
[0.169s] Level 5:colcon.colcon_core.verb:set package 'linkattacher_msgs' build argument 'cmake_clean_first' from command line to 'False'
[0.169s] Level 5:colcon.colcon_core.verb:set package 'linkattacher_msgs' build argument 'cmake_force_configure' from command line to 'False'
[0.169s] Level 5:colcon.colcon_core.verb:set package 'linkattacher_msgs' build argument 'ament_cmake_args' from command line to 'None'
[0.169s] Level 5:colcon.colcon_core.verb:set package 'linkattacher_msgs' build argument 'catkin_cmake_args' from command line to 'None'
[0.169s] Level 5:colcon.colcon_core.verb:set package 'linkattacher_msgs' build argument 'catkin_skip_building_tests' from command line to 'False'
[0.169s] DEBUG:colcon.colcon_core.verb:Building package 'linkattacher_msgs' with the following arguments: {'ament_cmake_args': None, 'build_base': '/home/spaceshipecsat/ur_10_CatapultTest/build/linkattacher_msgs', 'catkin_cmake_args': None, 'catkin_skip_building_tests': False, 'cmake_args': None, 'cmake_clean_cache': False, 'cmake_clean_first': False, 'cmake_force_configure': False, 'cmake_target': None, 'cmake_target_skip_unavailable': False, 'install_base': '/home/spaceshipecsat/ur_10_CatapultTest/install/linkattacher_msgs', 'merge_install': False, 'path': '/home/spaceshipecsat/ur_10_CatapultTest/src/IFRA_LinkAttacher/linkattacher_msgs', 'symlink_install': True, 'test_result_base': None}
[0.169s] Level 5:colcon.colcon_core.verb:set package 'robotiq_controllers' build argument 'cmake_args' from command line to 'None'
[0.169s] Level 5:colcon.colcon_core.verb:set package 'robotiq_controllers' build argument 'cmake_target' from command line to 'None'
[0.169s] Level 5:colcon.colcon_core.verb:set package 'robotiq_controllers' build argument 'cmake_target_skip_unavailable' from command line to 'False'
[0.169s] Level 5:colcon.colcon_core.verb:set package 'robotiq_controllers' build argument 'cmake_clean_cache' from command line to 'False'
[0.169s] Level 5:colcon.colcon_core.verb:set package 'robotiq_controllers' build argument 'cmake_clean_first' from command line to 'False'
[0.169s] Level 5:colcon.colcon_core.verb:set package 'robotiq_controllers' build argument 'cmake_force_configure' from command line to 'False'
[0.169s] Level 5:colcon.colcon_core.verb:set package 'robotiq_controllers' build argument 'ament_cmake_args' from command line to 'None'
[0.169s] Level 5:colcon.colcon_core.verb:set package 'robotiq_controllers' build argument 'catkin_cmake_args' from command line to 'None'
[0.169s] Level 5:colcon.colcon_core.verb:set package 'robotiq_controllers' build argument 'catkin_skip_building_tests' from command line to 'False'
[0.169s] DEBUG:colcon.colcon_core.verb:Building package 'robotiq_controllers' with the following arguments: {'ament_cmake_args': None, 'build_base': '/home/spaceshipecsat/ur_10_CatapultTest/build/robotiq_controllers', 'catkin_cmake_args': None, 'catkin_skip_building_tests': False, 'cmake_args': None, 'cmake_clean_cache': False, 'cmake_clean_first': False, 'cmake_force_configure': False, 'cmake_target': None, 'cmake_target_skip_unavailable': False, 'install_base': '/home/spaceshipecsat/ur_10_CatapultTest/install/robotiq_controllers', 'merge_install': False, 'path': '/home/spaceshipecsat/ur_10_CatapultTest/src/ros2_robotiq_gripper/robotiq_controllers', 'symlink_install': True, 'test_result_base': None}
[0.169s] Level 5:colcon.colcon_core.verb:set package 'robotiq_description' build argument 'cmake_args' from command line to 'None'
[0.169s] Level 5:colcon.colcon_core.verb:set package 'robotiq_description' build argument 'cmake_target' from command line to 'None'
[0.169s] Level 5:colcon.colcon_core.verb:set package 'robotiq_description' build argument 'cmake_target_skip_unavailable' from command line to 'False'
[0.169s] Level 5:colcon.colcon_core.verb:set package 'robotiq_description' build argument 'cmake_clean_cache' from command line to 'False'
[0.169s] Level 5:colcon.colcon_core.verb:set package 'robotiq_description' build argument 'cmake_clean_first' from command line to 'False'
[0.169s] Level 5:colcon.colcon_core.verb:set package 'robotiq_description' build argument 'cmake_force_configure' from command line to 'False'
[0.169s] Level 5:colcon.colcon_core.verb:set package 'robotiq_description' build argument 'ament_cmake_args' from command line to 'None'
[0.169s] Level 5:colcon.colcon_core.verb:set package 'robotiq_description' build argument 'catkin_cmake_args' from command line to 'None'
[0.169s] Level 5:colcon.colcon_core.verb:set package 'robotiq_description' build argument 'catkin_skip_building_tests' from command line to 'False'
[0.169s] DEBUG:colcon.colcon_core.verb:Building package 'robotiq_description' with the following arguments: {'ament_cmake_args': None, 'build_base': '/home/spaceshipecsat/ur_10_CatapultTest/build/robotiq_description', 'catkin_cmake_args': None, 'catkin_skip_building_tests': False, 'cmake_args': None, 'cmake_clean_cache': False, 'cmake_clean_first': False, 'cmake_force_configure': False, 'cmake_target': None, 'cmake_target_skip_unavailable': False, 'install_base': '/home/spaceshipecsat/ur_10_CatapultTest/install/robotiq_description', 'merge_install': False, 'path': '/home/spaceshipecsat/ur_10_CatapultTest/src/ros2_robotiq_gripper/robotiq_description', 'symlink_install': True, 'test_result_base': None}
[0.169s] Level 5:colcon.colcon_core.verb:set package 'ur_description' build argument 'cmake_args' from command line to 'None'
[0.169s] Level 5:colcon.colcon_core.verb:set package 'ur_description' build argument 'cmake_target' from command line to 'None'
[0.169s] Level 5:colcon.colcon_core.verb:set package 'ur_description' build argument 'cmake_target_skip_unavailable' from command line to 'False'
[0.169s] Level 5:colcon.colcon_core.verb:set package 'ur_description' build argument 'cmake_clean_cache' from command line to 'False'
[0.169s] Level 5:colcon.colcon_core.verb:set package 'ur_description' build argument 'cmake_clean_first' from command line to 'False'
[0.169s] Level 5:colcon.colcon_core.verb:set package 'ur_description' build argument 'cmake_force_configure' from command line to 'False'
[0.169s] Level 5:colcon.colcon_core.verb:set package 'ur_description' build argument 'ament_cmake_args' from command line to 'None'
[0.169s] Level 5:colcon.colcon_core.verb:set package 'ur_description' build argument 'catkin_cmake_args' from command line to 'None'
[0.169s] Level 5:colcon.colcon_core.verb:set package 'ur_description' build argument 'catkin_skip_building_tests' from command line to 'False'
[0.169s] DEBUG:colcon.colcon_core.verb:Building package 'ur_description' with the following arguments: {'ament_cmake_args': None, 'build_base': '/home/spaceshipecsat/ur_10_CatapultTest/build/ur_description', 'catkin_cmake_args': None, 'catkin_skip_building_tests': False, 'cmake_args': None, 'cmake_clean_cache': False, 'cmake_clean_first': False, 'cmake_force_configure': False, 'cmake_target': None, 'cmake_target_skip_unavailable': False, 'install_base': '/home/spaceshipecsat/ur_10_CatapultTest/install/ur_description', 'merge_install': False, 'path': '/home/spaceshipecsat/ur_10_CatapultTest/src/Universal_Robots_ROS2_Description', 'symlink_install': True, 'test_result_base': None}
[0.169s] Level 5:colcon.colcon_core.verb:set package 'ros2_linkattacher' build argument 'cmake_args' from command line to 'None'
[0.169s] Level 5:colcon.colcon_core.verb:set package 'ros2_linkattacher' build argument 'cmake_target' from command line to 'None'
[0.169s] Level 5:colcon.colcon_core.verb:set package 'ros2_linkattacher' build argument 'cmake_target_skip_unavailable' from command line to 'False'
[0.169s] Level 5:colcon.colcon_core.verb:set package 'ros2_linkattacher' build argument 'cmake_clean_cache' from command line to 'False'
[0.169s] Level 5:colcon.colcon_core.verb:set package 'ros2_linkattacher' build argument 'cmake_clean_first' from command line to 'False'
[0.169s] Level 5:colcon.colcon_core.verb:set package 'ros2_linkattacher' build argument 'cmake_force_configure' from command line to 'False'
[0.170s] Level 5:colcon.colcon_core.verb:set package 'ros2_linkattacher' build argument 'ament_cmake_args' from command line to 'None'
[0.170s] Level 5:colcon.colcon_core.verb:set package 'ros2_linkattacher' build argument 'catkin_cmake_args' from command line to 'None'
[0.170s] Level 5:colcon.colcon_core.verb:set package 'ros2_linkattacher' build argument 'catkin_skip_building_tests' from command line to 'False'
[0.170s] DEBUG:colcon.colcon_core.verb:Building package 'ros2_linkattacher' with the following arguments: {'ament_cmake_args': None, 'build_base': '/home/spaceshipecsat/ur_10_CatapultTest/build/ros2_linkattacher', 'catkin_cmake_args': None, 'catkin_skip_building_tests': False, 'cmake_args': None, 'cmake_clean_cache': False, 'cmake_clean_first': False, 'cmake_force_configure': False, 'cmake_target': None, 'cmake_target_skip_unavailable': False, 'install_base': '/home/spaceshipecsat/ur_10_CatapultTest/install/ros2_linkattacher', 'merge_install': False, 'path': '/home/spaceshipecsat/ur_10_CatapultTest/src/IFRA_LinkAttacher/ros2_LinkAttacher', 'symlink_install': True, 'test_result_base': None}
[0.170s] Level 5:colcon.colcon_core.verb:set package 'ur_simulation_gazebo' build argument 'cmake_args' from command line to 'None'
[0.170s] Level 5:colcon.colcon_core.verb:set package 'ur_simulation_gazebo' build argument 'cmake_target' from command line to 'None'
[0.170s] Level 5:colcon.colcon_core.verb:set package 'ur_simulation_gazebo' build argument 'cmake_target_skip_unavailable' from command line to 'False'
[0.170s] Level 5:colcon.colcon_core.verb:set package 'ur_simulation_gazebo' build argument 'cmake_clean_cache' from command line to 'False'
[0.170s] Level 5:colcon.colcon_core.verb:set package 'ur_simulation_gazebo' build argument 'cmake_clean_first' from command line to 'False'
[0.170s] Level 5:colcon.colcon_core.verb:set package 'ur_simulation_gazebo' build argument 'cmake_force_configure' from command line to 'False'
[0.170s] Level 5:colcon.colcon_core.verb:set package 'ur_simulation_gazebo' build argument 'ament_cmake_args' from command line to 'None'
[0.170s] Level 5:colcon.colcon_core.verb:set package 'ur_simulation_gazebo' build argument 'catkin_cmake_args' from command line to 'None'
[0.170s] Level 5:colcon.colcon_core.verb:set package 'ur_simulation_gazebo' build argument 'catkin_skip_building_tests' from command line to 'False'
[0.170s] DEBUG:colcon.colcon_core.verb:Building package 'ur_simulation_gazebo' with the following arguments: {'ament_cmake_args': None, 'build_base': '/home/spaceshipecsat/ur_10_CatapultTest/build/ur_simulation_gazebo', 'catkin_cmake_args': None, 'catkin_skip_building_tests': False, 'cmake_args': None, 'cmake_clean_cache': False, 'cmake_clean_first': False, 'cmake_force_configure': False, 'cmake_target': None, 'cmake_target_skip_unavailable': False, 'install_base': '/home/spaceshipecsat/ur_10_CatapultTest/install/ur_simulation_gazebo', 'merge_install': False, 'path': '/home/spaceshipecsat/ur_10_CatapultTest/src/Universal_Robots_ROS2_Gazebo_Simulation/ur_simulation_gazebo', 'symlink_install': True, 'test_result_base': None}
[0.170s] Level 5:colcon.colcon_core.verb:set package 'ur_yt_sim' build argument 'cmake_args' from command line to 'None'
[0.170s] Level 5:colcon.colcon_core.verb:set package 'ur_yt_sim' build argument 'cmake_target' from command line to 'None'
[0.170s] Level 5:colcon.colcon_core.verb:set package 'ur_yt_sim' build argument 'cmake_target_skip_unavailable' from command line to 'False'
[0.170s] Level 5:colcon.colcon_core.verb:set package 'ur_yt_sim' build argument 'cmake_clean_cache' from command line to 'False'
[0.170s] Level 5:colcon.colcon_core.verb:set package 'ur_yt_sim' build argument 'cmake_clean_first' from command line to 'False'
[0.170s] Level 5:colcon.colcon_core.verb:set package 'ur_yt_sim' build argument 'cmake_force_configure' from command line to 'False'
[0.170s] Level 5:colcon.colcon_core.verb:set package 'ur_yt_sim' build argument 'ament_cmake_args' from command line to 'None'
[0.170s] Level 5:colcon.colcon_core.verb:set package 'ur_yt_sim' build argument 'catkin_cmake_args' from command line to 'None'
[0.170s] Level 5:colcon.colcon_core.verb:set package 'ur_yt_sim' build argument 'catkin_skip_building_tests' from command line to 'False'
[0.170s] DEBUG:colcon.colcon_core.verb:Building package 'ur_yt_sim' with the following arguments: {'ament_cmake_args': None, 'build_base': '/home/spaceshipecsat/ur_10_CatapultTest/build/ur_yt_sim', 'catkin_cmake_args': None, 'catkin_skip_building_tests': False, 'cmake_args': None, 'cmake_clean_cache': False, 'cmake_clean_first': False, 'cmake_force_configure': False, 'cmake_target': None, 'cmake_target_skip_unavailable': False, 'install_base': '/home/spaceshipecsat/ur_10_CatapultTest/install/ur_yt_sim', 'merge_install': False, 'path': '/home/spaceshipecsat/ur_10_CatapultTest/src/ur_yt_sim', 'symlink_install': True, 'test_result_base': None}
[0.170s] Level 5:colcon.colcon_core.verb:set package 'ur10_camera_gripper_moveit_config' build argument 'cmake_args' from command line to 'None'
[0.170s] Level 5:colcon.colcon_core.verb:set package 'ur10_camera_gripper_moveit_config' build argument 'cmake_target' from command line to 'None'
[0.170s] Level 5:colcon.colcon_core.verb:set package 'ur10_camera_gripper_moveit_config' build argument 'cmake_target_skip_unavailable' from command line to 'False'
[0.170s] Level 5:colcon.colcon_core.verb:set package 'ur10_camera_gripper_moveit_config' build argument 'cmake_clean_cache' from command line to 'False'
[0.170s] Level 5:colcon.colcon_core.verb:set package 'ur10_camera_gripper_moveit_config' build argument 'cmake_clean_first' from command line to 'False'
[0.170s] Level 5:colcon.colcon_core.verb:set package 'ur10_camera_gripper_moveit_config' build argument 'cmake_force_configure' from command line to 'False'
[0.170s] Level 5:colcon.colcon_core.verb:set package 'ur10_camera_gripper_moveit_config' build argument 'ament_cmake_args' from command line to 'None'
[0.170s] Level 5:colcon.colcon_core.verb:set package 'ur10_camera_gripper_moveit_config' build argument 'catkin_cmake_args' from command line to 'None'
[0.170s] Level 5:colcon.colcon_core.verb:set package 'ur10_camera_gripper_moveit_config' build argument 'catkin_skip_building_tests' from command line to 'False'
[0.170s] DEBUG:colcon.colcon_core.verb:Building package 'ur10_camera_gripper_moveit_config' with the following arguments: {'ament_cmake_args': None, 'build_base': '/home/spaceshipecsat/ur_10_CatapultTest/build/ur10_camera_gripper_moveit_config', 'catkin_cmake_args': None, 'catkin_skip_building_tests': False, 'cmake_args': None, 'cmake_clean_cache': False, 'cmake_clean_first': False, 'cmake_force_configure': False, 'cmake_target': None, 'cmake_target_skip_unavailable': False, 'install_base': '/home/spaceshipecsat/ur_10_CatapultTest/install/ur10_camera_gripper_moveit_config', 'merge_install': False, 'path': '/home/spaceshipecsat/ur_10_CatapultTest/src/ur10_camera_gripper_moveit_config', 'symlink_install': True, 'test_result_base': None}
[0.170s] Level 5:colcon.colcon_core.verb:set package 'ur10_camera_moveit_config' build argument 'cmake_args' from command line to 'None'
[0.170s] Level 5:colcon.colcon_core.verb:set package 'ur10_camera_moveit_config' build argument 'cmake_target' from command line to 'None'
[0.170s] Level 5:colcon.colcon_core.verb:set package 'ur10_camera_moveit_config' build argument 'cmake_target_skip_unavailable' from command line to 'False'
[0.170s] Level 5:colcon.colcon_core.verb:set package 'ur10_camera_moveit_config' build argument 'cmake_clean_cache' from command line to 'False'
[0.170s] Level 5:colcon.colcon_core.verb:set package 'ur10_camera_moveit_config' build argument 'cmake_clean_first' from command line to 'False'
[0.170s] Level 5:colcon.colcon_core.verb:set package 'ur10_camera_moveit_config' build argument 'cmake_force_configure' from command line to 'False'
[0.170s] Level 5:colcon.colcon_core.verb:set package 'ur10_camera_moveit_config' build argument 'ament_cmake_args' from command line to 'None'
[0.170s] Level 5:colcon.colcon_core.verb:set package 'ur10_camera_moveit_config' build argument 'catkin_cmake_args' from command line to 'None'
[0.170s] Level 5:colcon.colcon_core.verb:set package 'ur10_camera_moveit_config' build argument 'catkin_skip_building_tests' from command line to 'False'
[0.170s] DEBUG:colcon.colcon_core.verb:Building package 'ur10_camera_moveit_config' with the following arguments: {'ament_cmake_args': None, 'build_base': '/home/spaceshipecsat/ur_10_CatapultTest/build/ur10_camera_moveit_config', 'catkin_cmake_args': None, 'catkin_skip_building_tests': False, 'cmake_args': None, 'cmake_clean_cache': False, 'cmake_clean_first': False, 'cmake_force_configure': False, 'cmake_target': None, 'cmake_target_skip_unavailable': False, 'install_base': '/home/spaceshipecsat/ur_10_CatapultTest/install/ur10_camera_moveit_config', 'merge_install': False, 'path': '/home/spaceshipecsat/ur_10_CatapultTest/src/ur10_camera_moveit_config', 'symlink_install': True, 'test_result_base': None}
[0.171s] Level 5:colcon.colcon_core.verb:set package 'ur5_camera_gripper_moveit_config' build argument 'cmake_args' from command line to 'None'
[0.171s] Level 5:colcon.colcon_core.verb:set package 'ur5_camera_gripper_moveit_config' build argument 'cmake_target' from command line to 'None'
[0.171s] Level 5:colcon.colcon_core.verb:set package 'ur5_camera_gripper_moveit_config' build argument 'cmake_target_skip_unavailable' from command line to 'False'
[0.171s] Level 5:colcon.colcon_core.verb:set package 'ur5_camera_gripper_moveit_config' build argument 'cmake_clean_cache' from command line to 'False'
[0.171s] Level 5:colcon.colcon_core.verb:set package 'ur5_camera_gripper_moveit_config' build argument 'cmake_clean_first' from command line to 'False'
[0.171s] Level 5:colcon.colcon_core.verb:set package 'ur5_camera_gripper_moveit_config' build argument 'cmake_force_configure' from command line to 'False'
[0.171s] Level 5:colcon.colcon_core.verb:set package 'ur5_camera_gripper_moveit_config' build argument 'ament_cmake_args' from command line to 'None'
[0.171s] Level 5:colcon.colcon_core.verb:set package 'ur5_camera_gripper_moveit_config' build argument 'catkin_cmake_args' from command line to 'None'
[0.171s] Level 5:colcon.colcon_core.verb:set package 'ur5_camera_gripper_moveit_config' build argument 'catkin_skip_building_tests' from command line to 'False'
[0.171s] DEBUG:colcon.colcon_core.verb:Building package 'ur5_camera_gripper_moveit_config' with the following arguments: {'ament_cmake_args': None, 'build_base': '/home/spaceshipecsat/ur_10_CatapultTest/build/ur5_camera_gripper_moveit_config', 'catkin_cmake_args': None, 'catkin_skip_building_tests': False, 'cmake_args': None, 'cmake_clean_cache': False, 'cmake_clean_first': False, 'cmake_force_configure': False, 'cmake_target': None, 'cmake_target_skip_unavailable': False, 'install_base': '/home/spaceshipecsat/ur_10_CatapultTest/install/ur5_camera_gripper_moveit_config', 'merge_install': False, 'path': '/home/spaceshipecsat/ur_10_CatapultTest/src/ur5_camera_gripper_moveit_config', 'symlink_install': True, 'test_result_base': None}
[0.171s] Level 5:colcon.colcon_core.verb:set package 'ur5_camera_moveit_config' build argument 'cmake_args' from command line to 'None'
[0.171s] Level 5:colcon.colcon_core.verb:set package 'ur5_camera_moveit_config' build argument 'cmake_target' from command line to 'None'
[0.171s] Level 5:colcon.colcon_core.verb:set package 'ur5_camera_moveit_config' build argument 'cmake_target_skip_unavailable' from command line to 'False'
[0.171s] Level 5:colcon.colcon_core.verb:set package 'ur5_camera_moveit_config' build argument 'cmake_clean_cache' from command line to 'False'
[0.171s] Level 5:colcon.colcon_core.verb:set package 'ur5_camera_moveit_config' build argument 'cmake_clean_first' from command line to 'False'
[0.171s] Level 5:colcon.colcon_core.verb:set package 'ur5_camera_moveit_config' build argument 'cmake_force_configure' from command line to 'False'
[0.171s] Level 5:colcon.colcon_core.verb:set package 'ur5_camera_moveit_config' build argument 'ament_cmake_args' from command line to 'None'
[0.171s] Level 5:colcon.colcon_core.verb:set package 'ur5_camera_moveit_config' build argument 'catkin_cmake_args' from command line to 'None'
[0.171s] Level 5:colcon.colcon_core.verb:set package 'ur5_camera_moveit_config' build argument 'catkin_skip_building_tests' from command line to 'False'
[0.171s] DEBUG:colcon.colcon_core.verb:Building package 'ur5_camera_moveit_config' with the following arguments: {'ament_cmake_args': None, 'build_base': '/home/spaceshipecsat/ur_10_CatapultTest/build/ur5_camera_moveit_config', 'catkin_cmake_args': None, 'catkin_skip_building_tests': False, 'cmake_args': None, 'cmake_clean_cache': False, 'cmake_clean_first': False, 'cmake_force_configure': False, 'cmake_target': None, 'cmake_target_skip_unavailable': False, 'install_base': '/home/spaceshipecsat/ur_10_CatapultTest/install/ur5_camera_moveit_config', 'merge_install': False, 'path': '/home/spaceshipecsat/ur_10_CatapultTest/src/ur5_camera_moveit_config', 'symlink_install': True, 'test_result_base': None}
[0.171s] INFO:colcon.colcon_core.executor:Executing jobs using 'parallel' executor
[0.171s] DEBUG:colcon.colcon_parallel_executor.executor.parallel:run_until_complete
[0.172s] INFO:colcon.colcon_ros.task.ament_cmake.build:Building ROS package in '/home/spaceshipecsat/ur_10_CatapultTest/src/Universal_Robots_ROS2_Description' with build type 'ament_cmake'
[0.172s] INFO:colcon.colcon_cmake.task.cmake.build:Building CMake package in '/home/spaceshipecsat/ur_10_CatapultTest/src/Universal_Robots_ROS2_Description'
[0.173s] INFO:colcon.colcon_core.plugin_system:Skipping extension 'colcon_core.shell.bat': Not used on non-Windows systems
[0.173s] INFO:colcon.colcon_core.shell:Skip shell extension 'powershell' for command environment: Not usable outside of PowerShell
[0.173s] DEBUG:colcon.colcon_core.shell:Skip shell extension 'dsv' for command environment
[0.175s] INFO:colcon.colcon_ros.task.ament_cmake.build:Building ROS package in '/home/spaceshipecsat/ur_10_CatapultTest/src/ros2_robotiq_gripper/robotiq_description' with build type 'ament_cmake'
[0.175s] INFO:colcon.colcon_cmake.task.cmake.build:Building CMake package in '/home/spaceshipecsat/ur_10_CatapultTest/src/ros2_robotiq_gripper/robotiq_description'
[0.175s] INFO:colcon.colcon_core.shell:Skip shell extension 'powershell' for command environment: Not usable outside of PowerShell
[0.175s] DEBUG:colcon.colcon_core.shell:Skip shell extension 'dsv' for command environment
[0.176s] INFO:colcon.colcon_ros.task.ament_cmake.build:Building ROS package in '/home/spaceshipecsat/ur_10_CatapultTest/src/IFRA_LinkAttacher/linkattacher_msgs' with build type 'ament_cmake'
[0.176s] INFO:colcon.colcon_cmake.task.cmake.build:Building CMake package in '/home/spaceshipecsat/ur_10_CatapultTest/src/IFRA_LinkAttacher/linkattacher_msgs'
[0.177s] INFO:colcon.colcon_core.shell:Skip shell extension 'powershell' for command environment: Not usable outside of PowerShell
[0.177s] DEBUG:colcon.colcon_core.shell:Skip shell extension 'dsv' for command environment
[0.178s] INFO:colcon.colcon_ros.task.ament_cmake.build:Building ROS package in '/home/spaceshipecsat/ur_10_CatapultTest/src/ros2_robotiq_gripper/robotiq_controllers' with build type 'ament_cmake'
[0.178s] INFO:colcon.colcon_cmake.task.cmake.build:Building CMake package in '/home/spaceshipecsat/ur_10_CatapultTest/src/ros2_robotiq_gripper/robotiq_controllers'
[0.178s] INFO:colcon.colcon_core.shell:Skip shell extension 'powershell' for command environment: Not usable outside of PowerShell
[0.178s] DEBUG:colcon.colcon_core.shell:Skip shell extension 'dsv' for command environment
[0.182s] DEBUG:colcon.colcon_core.event_handler.log_command:Invoking command in '/home/spaceshipecsat/ur_10_CatapultTest/build/ur_description': CMAKE_PREFIX_PATH=${CMAKE_PREFIX_PATH}:/opt/ros/humble /usr/bin/cmake --build /home/spaceshipecsat/ur_10_CatapultTest/build/ur_description -- -j32 -l32
[0.183s] DEBUG:colcon.colcon_core.event_handler.log_command:Invoking command in '/home/spaceshipecsat/ur_10_CatapultTest/build/robotiq_description': CMAKE_PREFIX_PATH=${CMAKE_PREFIX_PATH}:/opt/ros/humble /usr/bin/cmake --build /home/spaceshipecsat/ur_10_CatapultTest/build/robotiq_description -- -j32 -l32
[0.185s] DEBUG:colcon.colcon_core.event_handler.log_command:Invoking command in '/home/spaceshipecsat/ur_10_CatapultTest/build/linkattacher_msgs': CMAKE_PREFIX_PATH=${CMAKE_PREFIX_PATH}:/opt/ros/humble /usr/bin/cmake --build /home/spaceshipecsat/ur_10_CatapultTest/build/linkattacher_msgs -- -j32 -l32
[0.187s] DEBUG:colcon.colcon_core.event_handler.log_command:Invoking command in '/home/spaceshipecsat/ur_10_CatapultTest/build/robotiq_controllers': CMAKE_PREFIX_PATH=${CMAKE_PREFIX_PATH}:/opt/ros/humble /usr/bin/cmake --build /home/spaceshipecsat/ur_10_CatapultTest/build/robotiq_controllers -- -j32 -l32
[0.205s] DEBUG:colcon.colcon_core.event_handler.log_command:Invoked command in '/home/spaceshipecsat/ur_10_CatapultTest/build/ur_description' returned '0': CMAKE_PREFIX_PATH=${CMAKE_PREFIX_PATH}:/opt/ros/humble /usr/bin/cmake --build /home/spaceshipecsat/ur_10_CatapultTest/build/ur_description -- -j32 -l32
[0.211s] DEBUG:colcon.colcon_core.event_handler.log_command:Invoking command in '/home/spaceshipecsat/ur_10_CatapultTest/build/ur_description': CMAKE_PREFIX_PATH=${CMAKE_PREFIX_PATH}:/opt/ros/humble /usr/bin/cmake --install /home/spaceshipecsat/ur_10_CatapultTest/build/ur_description
[0.212s] DEBUG:colcon.colcon_core.event_handler.log_command:Invoked command in '/home/spaceshipecsat/ur_10_CatapultTest/build/robotiq_description' returned '0': CMAKE_PREFIX_PATH=${CMAKE_PREFIX_PATH}:/opt/ros/humble /usr/bin/cmake --build /home/spaceshipecsat/ur_10_CatapultTest/build/robotiq_description -- -j32 -l32
[0.212s] DEBUG:colcon.colcon_core.event_handler.log_command:Invoking command in '/home/spaceshipecsat/ur_10_CatapultTest/build/robotiq_description': CMAKE_PREFIX_PATH=${CMAKE_PREFIX_PATH}:/opt/ros/humble /usr/bin/cmake --install /home/spaceshipecsat/ur_10_CatapultTest/build/robotiq_description
[0.227s] Level 1:colcon.colcon_core.environment:create_environment_scripts_only(robotiq_description)
[0.228s] DEBUG:colcon.colcon_core.event_handler.log_command:Invoked command in '/home/spaceshipecsat/ur_10_CatapultTest/build/robotiq_description' returned '0': CMAKE_PREFIX_PATH=${CMAKE_PREFIX_PATH}:/opt/ros/humble /usr/bin/cmake --install /home/spaceshipecsat/ur_10_CatapultTest/build/robotiq_description
[0.229s] Level 1:colcon.colcon_core.environment:checking '/home/spaceshipecsat/ur_10_CatapultTest/install/robotiq_description' for CMake module files
[0.229s] Level 1:colcon.colcon_core.environment:checking '/home/spaceshipecsat/ur_10_CatapultTest/install/robotiq_description' for CMake config files
[0.229s] Level 1:colcon.colcon_core.shell:create_environment_hook('robotiq_description', 'cmake_prefix_path')
[0.229s] INFO:colcon.colcon_core.shell:Creating environment hook '/home/spaceshipecsat/ur_10_CatapultTest/install/robotiq_description/share/robotiq_description/hook/cmake_prefix_path.ps1'
[0.230s] INFO:colcon.colcon_core.shell:Creating environment descriptor '/home/spaceshipecsat/ur_10_CatapultTest/install/robotiq_description/share/robotiq_description/hook/cmake_prefix_path.dsv'
[0.230s] INFO:colcon.colcon_core.shell:Creating environment hook '/home/spaceshipecsat/ur_10_CatapultTest/install/robotiq_description/share/robotiq_description/hook/cmake_prefix_path.sh'
[0.230s] Level 1:colcon.colcon_core.environment:checking '/home/spaceshipecsat/ur_10_CatapultTest/install/robotiq_description/bin'
[0.230s] Level 1:colcon.colcon_core.environment:checking '/home/spaceshipecsat/ur_10_CatapultTest/install/robotiq_description/lib/pkgconfig/robotiq_description.pc'
[0.230s] Level 1:colcon.colcon_core.environment:checking '/home/spaceshipecsat/ur_10_CatapultTest/install/robotiq_description/lib/python3.10/site-packages'
[0.230s] Level 1:colcon.colcon_core.environment:checking '/home/spaceshipecsat/ur_10_CatapultTest/install/robotiq_description/bin'
[0.231s] INFO:colcon.colcon_core.shell:Creating package script '/home/spaceshipecsat/ur_10_CatapultTest/install/robotiq_description/share/robotiq_description/package.ps1'
[0.231s] INFO:colcon.colcon_core.shell:Creating package descriptor '/home/spaceshipecsat/ur_10_CatapultTest/install/robotiq_description/share/robotiq_description/package.dsv'
[0.231s] INFO:colcon.colcon_core.shell:Creating package script '/home/spaceshipecsat/ur_10_CatapultTest/install/robotiq_description/share/robotiq_description/package.sh'
[0.232s] INFO:colcon.colcon_core.shell:Creating package script '/home/spaceshipecsat/ur_10_CatapultTest/install/robotiq_description/share/robotiq_description/package.bash'
[0.232s] INFO:colcon.colcon_core.shell:Creating package script '/home/spaceshipecsat/ur_10_CatapultTest/install/robotiq_description/share/robotiq_description/package.zsh'
[0.232s] Level 1:colcon.colcon_core.environment:create_file_with_runtime_dependencies(/home/spaceshipecsat/ur_10_CatapultTest/install/robotiq_description/share/colcon-core/packages/robotiq_description)
[0.232s] Level 1:colcon.colcon_core.environment:create_environment_scripts_only(robotiq_description)
[0.233s] Level 1:colcon.colcon_core.environment:checking '/home/spaceshipecsat/ur_10_CatapultTest/install/robotiq_description' for CMake module files
[0.233s] Level 1:colcon.colcon_core.environment:checking '/home/spaceshipecsat/ur_10_CatapultTest/install/robotiq_description' for CMake config files
[0.233s] Level 1:colcon.colcon_core.shell:create_environment_hook('robotiq_description', 'cmake_prefix_path')
[0.233s] INFO:colcon.colcon_core.shell:Creating environment hook '/home/spaceshipecsat/ur_10_CatapultTest/install/robotiq_description/share/robotiq_description/hook/cmake_prefix_path.ps1'
[0.233s] INFO:colcon.colcon_core.shell:Creating environment descriptor '/home/spaceshipecsat/ur_10_CatapultTest/install/robotiq_description/share/robotiq_description/hook/cmake_prefix_path.dsv'
[0.233s] INFO:colcon.colcon_core.shell:Creating environment hook '/home/spaceshipecsat/ur_10_CatapultTest/install/robotiq_description/share/robotiq_description/hook/cmake_prefix_path.sh'
[0.233s] Level 1:colcon.colcon_core.environment:checking '/home/spaceshipecsat/ur_10_CatapultTest/install/robotiq_description/bin'
[0.233s] Level 1:colcon.colcon_core.environment:checking '/home/spaceshipecsat/ur_10_CatapultTest/install/robotiq_description/lib/pkgconfig/robotiq_description.pc'
[0.233s] Level 1:colcon.colcon_core.environment:checking '/home/spaceshipecsat/ur_10_CatapultTest/install/robotiq_description/lib/python3.10/site-packages'
[0.233s] Level 1:colcon.colcon_core.environment:checking '/home/spaceshipecsat/ur_10_CatapultTest/install/robotiq_description/bin'
[0.234s] INFO:colcon.colcon_core.shell:Creating package script '/home/spaceshipecsat/ur_10_CatapultTest/install/robotiq_description/share/robotiq_description/package.ps1'
[0.234s] INFO:colcon.colcon_core.shell:Creating package descriptor '/home/spaceshipecsat/ur_10_CatapultTest/install/robotiq_description/share/robotiq_description/package.dsv'
[0.234s] INFO:colcon.colcon_core.shell:Creating package script '/home/spaceshipecsat/ur_10_CatapultTest/install/robotiq_description/share/robotiq_description/package.sh'
[0.234s] INFO:colcon.colcon_core.shell:Creating package script '/home/spaceshipecsat/ur_10_CatapultTest/install/robotiq_description/share/robotiq_description/package.bash'
[0.234s] INFO:colcon.colcon_core.shell:Creating package script '/home/spaceshipecsat/ur_10_CatapultTest/install/robotiq_description/share/robotiq_description/package.zsh'
[0.234s] Level 1:colcon.colcon_core.environment:create_file_with_runtime_dependencies(/home/spaceshipecsat/ur_10_CatapultTest/install/robotiq_description/share/colcon-core/packages/robotiq_description)
[0.235s] DEBUG:colcon.colcon_core.event_handler.log_command:Invoked command in '/home/spaceshipecsat/ur_10_CatapultTest/build/robotiq_controllers' returned '0': CMAKE_PREFIX_PATH=${CMAKE_PREFIX_PATH}:/opt/ros/humble /usr/bin/cmake --build /home/spaceshipecsat/ur_10_CatapultTest/build/robotiq_controllers -- -j32 -l32
[0.236s] DEBUG:colcon.colcon_core.event_handler.log_command:Invoking command in '/home/spaceshipecsat/ur_10_CatapultTest/build/robotiq_controllers': CMAKE_PREFIX_PATH=${CMAKE_PREFIX_PATH}:/opt/ros/humble /usr/bin/cmake --install /home/spaceshipecsat/ur_10_CatapultTest/build/robotiq_controllers
[0.236s] Level 1:colcon.colcon_core.environment:create_environment_scripts_only(ur_description)
[0.236s] DEBUG:colcon.colcon_core.event_handler.log_command:Invoked command in '/home/spaceshipecsat/ur_10_CatapultTest/build/ur_description' returned '0': CMAKE_PREFIX_PATH=${CMAKE_PREFIX_PATH}:/opt/ros/humble /usr/bin/cmake --install /home/spaceshipecsat/ur_10_CatapultTest/build/ur_description
[0.236s] Level 1:colcon.colcon_core.environment:checking '/home/spaceshipecsat/ur_10_CatapultTest/install/ur_description' for CMake module files
[0.236s] Level 1:colcon.colcon_core.environment:checking '/home/spaceshipecsat/ur_10_CatapultTest/install/ur_description' for CMake config files
[0.236s] Level 1:colcon.colcon_core.shell:create_environment_hook('ur_description', 'cmake_prefix_path')
[0.236s] INFO:colcon.colcon_core.shell:Creating environment hook '/home/spaceshipecsat/ur_10_CatapultTest/install/ur_description/share/ur_description/hook/cmake_prefix_path.ps1'
[0.237s] INFO:colcon.colcon_core.shell:Creating environment descriptor '/home/spaceshipecsat/ur_10_CatapultTest/install/ur_description/share/ur_description/hook/cmake_prefix_path.dsv'
[0.237s] INFO:colcon.colcon_core.shell:Creating environment hook '/home/spaceshipecsat/ur_10_CatapultTest/install/ur_description/share/ur_description/hook/cmake_prefix_path.sh'
[0.237s] Level 1:colcon.colcon_core.environment:checking '/home/spaceshipecsat/ur_10_CatapultTest/install/ur_description/bin'
[0.237s] Level 1:colcon.colcon_core.environment:checking '/home/spaceshipecsat/ur_10_CatapultTest/install/ur_description/lib/pkgconfig/ur_description.pc'
[0.237s] Level 1:colcon.colcon_core.environment:checking '/home/spaceshipecsat/ur_10_CatapultTest/install/ur_description/lib/python3.10/site-packages'
[0.237s] Level 1:colcon.colcon_core.environment:checking '/home/spaceshipecsat/ur_10_CatapultTest/install/ur_description/bin'
[0.237s] INFO:colcon.colcon_core.shell:Creating package script '/home/spaceshipecsat/ur_10_CatapultTest/install/ur_description/share/ur_description/package.ps1'
[0.237s] INFO:colcon.colcon_core.shell:Creating package descriptor '/home/spaceshipecsat/ur_10_CatapultTest/install/ur_description/share/ur_description/package.dsv'
[0.238s] INFO:colcon.colcon_core.shell:Creating package script '/home/spaceshipecsat/ur_10_CatapultTest/install/ur_description/share/ur_description/package.sh'
[0.238s] INFO:colcon.colcon_core.shell:Creating package script '/home/spaceshipecsat/ur_10_CatapultTest/install/ur_description/share/ur_description/package.bash'
[0.238s] INFO:colcon.colcon_core.shell:Creating package script '/home/spaceshipecsat/ur_10_CatapultTest/install/ur_description/share/ur_description/package.zsh'
[0.238s] Level 1:colcon.colcon_core.environment:create_file_with_runtime_dependencies(/home/spaceshipecsat/ur_10_CatapultTest/install/ur_description/share/colcon-core/packages/ur_description)
[0.238s] Level 1:colcon.colcon_core.environment:create_environment_scripts_only(ur_description)
[0.238s] Level 1:colcon.colcon_core.environment:checking '/home/spaceshipecsat/ur_10_CatapultTest/install/ur_description' for CMake module files
[0.238s] Level 1:colcon.colcon_core.environment:checking '/home/spaceshipecsat/ur_10_CatapultTest/install/ur_description' for CMake config files
[0.238s] Level 1:colcon.colcon_core.shell:create_environment_hook('ur_description', 'cmake_prefix_path')
[0.239s] INFO:colcon.colcon_core.shell:Creating environment hook '/home/spaceshipecsat/ur_10_CatapultTest/install/ur_description/share/ur_description/hook/cmake_prefix_path.ps1'
[0.239s] INFO:colcon.colcon_core.shell:Creating environment descriptor '/home/spaceshipecsat/ur_10_CatapultTest/install/ur_description/share/ur_description/hook/cmake_prefix_path.dsv'
[0.239s] INFO:colcon.colcon_core.shell:Creating environment hook '/home/spaceshipecsat/ur_10_CatapultTest/install/ur_description/share/ur_description/hook/cmake_prefix_path.sh'
[0.239s] Level 1:colcon.colcon_core.environment:checking '/home/spaceshipecsat/ur_10_CatapultTest/install/ur_description/bin'
[0.239s] Level 1:colcon.colcon_core.environment:checking '/home/spaceshipecsat/ur_10_CatapultTest/install/ur_description/lib/pkgconfig/ur_description.pc'
[0.239s] Level 1:colcon.colcon_core.environment:checking '/home/spaceshipecsat/ur_10_CatapultTest/install/ur_description/lib/python3.10/site-packages'
[0.239s] Level 1:colcon.colcon_core.environment:checking '/home/spaceshipecsat/ur_10_CatapultTest/install/ur_description/bin'
[0.240s] INFO:colcon.colcon_core.shell:Creating package script '/home/spaceshipecsat/ur_10_CatapultTest/install/ur_description/share/ur_description/package.ps1'
[0.240s] INFO:colcon.colcon_core.shell:Creating package descriptor '/home/spaceshipecsat/ur_10_CatapultTest/install/ur_description/share/ur_description/package.dsv'
[0.240s] INFO:colcon.colcon_core.shell:Creating package script '/home/spaceshipecsat/ur_10_CatapultTest/install/ur_description/share/ur_description/package.sh'
[0.240s] INFO:colcon.colcon_core.shell:Creating package script '/home/spaceshipecsat/ur_10_CatapultTest/install/ur_description/share/ur_description/package.bash'
[0.240s] INFO:colcon.colcon_core.shell:Creating package script '/home/spaceshipecsat/ur_10_CatapultTest/install/ur_description/share/ur_description/package.zsh'
[0.240s] Level 1:colcon.colcon_core.environment:create_file_with_runtime_dependencies(/home/spaceshipecsat/ur_10_CatapultTest/install/ur_description/share/colcon-core/packages/ur_description)
[0.240s] INFO:colcon.colcon_ros.task.ament_cmake.build:Building ROS package in '/home/spaceshipecsat/ur_10_CatapultTest/src/ur_yt_sim' with build type 'ament_cmake'
[0.241s] INFO:colcon.colcon_cmake.task.cmake.build:Building CMake package in '/home/spaceshipecsat/ur_10_CatapultTest/src/ur_yt_sim'
[0.241s] INFO:colcon.colcon_core.shell:Skip shell extension 'powershell' for command environment: Not usable outside of PowerShell
[0.241s] DEBUG:colcon.colcon_core.shell:Skip shell extension 'dsv' for command environment
[0.244s] INFO:colcon.colcon_ros.task.ament_cmake.build:Building ROS package in '/home/spaceshipecsat/ur_10_CatapultTest/src/Universal_Robots_ROS2_Gazebo_Simulation/ur_simulation_gazebo' with build type 'ament_cmake'
[0.244s] INFO:colcon.colcon_cmake.task.cmake.build:Building CMake package in '/home/spaceshipecsat/ur_10_CatapultTest/src/Universal_Robots_ROS2_Gazebo_Simulation/ur_simulation_gazebo'
[0.244s] INFO:colcon.colcon_core.shell:Skip shell extension 'powershell' for command environment: Not usable outside of PowerShell
[0.244s] DEBUG:colcon.colcon_core.shell:Skip shell extension 'dsv' for command environment
[0.249s] DEBUG:colcon.colcon_core.event_handler.log_command:Invoking command in '/home/spaceshipecsat/ur_10_CatapultTest/build/ur_yt_sim': CMAKE_PREFIX_PATH=/home/spaceshipecsat/ur_10_CatapultTest/install/ur_description:/home/spaceshipecsat/ur_10_CatapultTest/install/robotiq_description:/home/spaceshipecsat/ur_10_CatapultTest/install/ur5_camera_moveit_config:/home/spaceshipecsat/ur_10_CatapultTest/install/ur5_camera_gripper_moveit_config:/home/spaceshipecsat/ur_10_CatapultTest/install/ur10_camera_moveit_config:/home/spaceshipecsat/ur_10_CatapultTest/install/ur10_camera_gripper_moveit_config:/home/spaceshipecsat/ur_10_CatapultTest/install/ur_yt_sim:/home/spaceshipecsat/ur_10_CatapultTest/install/ur_simulation_gazebo:/home/spaceshipecsat/ur_10_CatapultTest/install/ros2_linkattacher:/home/spaceshipecsat/ur_10_CatapultTest/install/robotiq_controllers:/home/spaceshipecsat/ur_10_CatapultTest/install/linkattacher_msgs:/opt/ros/humble /usr/bin/cmake --build /home/spaceshipecsat/ur_10_CatapultTest/build/ur_yt_sim -- -j32 -l32
[0.250s] Level 1:colcon.colcon_core.environment:create_environment_scripts_only(robotiq_controllers)
[0.250s] Level 1:colcon.colcon_core.environment:checking '/home/spaceshipecsat/ur_10_CatapultTest/install/robotiq_controllers' for CMake module files
[0.250s] DEBUG:colcon.colcon_core.event_handler.log_command:Invoking command in '/home/spaceshipecsat/ur_10_CatapultTest/build/ur_simulation_gazebo': CMAKE_PREFIX_PATH=/home/spaceshipecsat/ur_10_CatapultTest/install/ur_description:/home/spaceshipecsat/ur_10_CatapultTest/install/ur5_camera_moveit_config:/home/spaceshipecsat/ur_10_CatapultTest/install/ur5_camera_gripper_moveit_config:/home/spaceshipecsat/ur_10_CatapultTest/install/ur10_camera_moveit_config:/home/spaceshipecsat/ur_10_CatapultTest/install/ur10_camera_gripper_moveit_config:/home/spaceshipecsat/ur_10_CatapultTest/install/ur_yt_sim:/home/spaceshipecsat/ur_10_CatapultTest/install/ur_simulation_gazebo:/home/spaceshipecsat/ur_10_CatapultTest/install/ros2_linkattacher:/home/spaceshipecsat/ur_10_CatapultTest/install/robotiq_description:/home/spaceshipecsat/ur_10_CatapultTest/install/robotiq_controllers:/home/spaceshipecsat/ur_10_CatapultTest/install/linkattacher_msgs:/opt/ros/humble /usr/bin/cmake --build /home/spaceshipecsat/ur_10_CatapultTest/build/ur_simulation_gazebo -- -j32 -l32
[0.250s] DEBUG:colcon.colcon_core.event_handler.log_command:Invoked command in '/home/spaceshipecsat/ur_10_CatapultTest/build/robotiq_controllers' returned '0': CMAKE_PREFIX_PATH=${CMAKE_PREFIX_PATH}:/opt/ros/humble /usr/bin/cmake --install /home/spaceshipecsat/ur_10_CatapultTest/build/robotiq_controllers
[0.250s] Level 1:colcon.colcon_core.environment:checking '/home/spaceshipecsat/ur_10_CatapultTest/install/robotiq_controllers' for CMake config files
[0.251s] Level 1:colcon.colcon_core.shell:create_environment_hook('robotiq_controllers', 'cmake_prefix_path')
[0.251s] INFO:colcon.colcon_core.shell:Creating environment hook '/home/spaceshipecsat/ur_10_CatapultTest/install/robotiq_controllers/share/robotiq_controllers/hook/cmake_prefix_path.ps1'
[0.251s] INFO:colcon.colcon_core.shell:Creating environment descriptor '/home/spaceshipecsat/ur_10_CatapultTest/install/robotiq_controllers/share/robotiq_controllers/hook/cmake_prefix_path.dsv'
[0.251s] INFO:colcon.colcon_core.shell:Creating environment hook '/home/spaceshipecsat/ur_10_CatapultTest/install/robotiq_controllers/share/robotiq_controllers/hook/cmake_prefix_path.sh'
[0.251s] Level 1:colcon.colcon_core.environment:checking '/home/spaceshipecsat/ur_10_CatapultTest/install/robotiq_controllers/lib'
[0.251s] Level 1:colcon.colcon_core.shell:create_environment_hook('robotiq_controllers', 'ld_library_path_lib')
[0.251s] INFO:colcon.colcon_core.shell:Creating environment hook '/home/spaceshipecsat/ur_10_CatapultTest/install/robotiq_controllers/share/robotiq_controllers/hook/ld_library_path_lib.ps1'
[0.252s] INFO:colcon.colcon_core.shell:Creating environment descriptor '/home/spaceshipecsat/ur_10_CatapultTest/install/robotiq_controllers/share/robotiq_controllers/hook/ld_library_path_lib.dsv'
[0.252s] INFO:colcon.colcon_core.shell:Creating environment hook '/home/spaceshipecsat/ur_10_CatapultTest/install/robotiq_controllers/share/robotiq_controllers/hook/ld_library_path_lib.sh'
[0.252s] Level 1:colcon.colcon_core.environment:checking '/home/spaceshipecsat/ur_10_CatapultTest/install/robotiq_controllers/bin'
[0.252s] Level 1:colcon.colcon_core.environment:checking '/home/spaceshipecsat/ur_10_CatapultTest/install/robotiq_controllers/lib/pkgconfig/robotiq_controllers.pc'
[0.252s] Level 1:colcon.colcon_core.environment:checking '/home/spaceshipecsat/ur_10_CatapultTest/install/robotiq_controllers/lib/python3.10/site-packages'
[0.252s] Level 1:colcon.colcon_core.environment:checking '/home/spaceshipecsat/ur_10_CatapultTest/install/robotiq_controllers/bin'
[0.252s] INFO:colcon.colcon_core.shell:Creating package script '/home/spaceshipecsat/ur_10_CatapultTest/install/robotiq_controllers/share/robotiq_controllers/package.ps1'
[0.252s] INFO:colcon.colcon_core.shell:Creating package descriptor '/home/spaceshipecsat/ur_10_CatapultTest/install/robotiq_controllers/share/robotiq_controllers/package.dsv'
[0.252s] INFO:colcon.colcon_core.shell:Creating package script '/home/spaceshipecsat/ur_10_CatapultTest/install/robotiq_controllers/share/robotiq_controllers/package.sh'
[0.253s] INFO:colcon.colcon_core.shell:Creating package script '/home/spaceshipecsat/ur_10_CatapultTest/install/robotiq_controllers/share/robotiq_controllers/package.bash'
[0.253s] INFO:colcon.colcon_core.shell:Creating package script '/home/spaceshipecsat/ur_10_CatapultTest/install/robotiq_controllers/share/robotiq_controllers/package.zsh'
[0.253s] Level 1:colcon.colcon_core.environment:create_file_with_runtime_dependencies(/home/spaceshipecsat/ur_10_CatapultTest/install/robotiq_controllers/share/colcon-core/packages/robotiq_controllers)
[0.253s] Level 1:colcon.colcon_core.environment:create_environment_scripts_only(robotiq_controllers)
[0.253s] Level 1:colcon.colcon_core.environment:checking '/home/spaceshipecsat/ur_10_CatapultTest/install/robotiq_controllers' for CMake module files
[0.253s] Level 1:colcon.colcon_core.environment:checking '/home/spaceshipecsat/ur_10_CatapultTest/install/robotiq_controllers' for CMake config files
[0.254s] Level 1:colcon.colcon_core.shell:create_environment_hook('robotiq_controllers', 'cmake_prefix_path')
[0.254s] INFO:colcon.colcon_core.shell:Creating environment hook '/home/spaceshipecsat/ur_10_CatapultTest/install/robotiq_controllers/share/robotiq_controllers/hook/cmake_prefix_path.ps1'
[0.254s] INFO:colcon.colcon_core.shell:Creating environment descriptor '/home/spaceshipecsat/ur_10_CatapultTest/install/robotiq_controllers/share/robotiq_controllers/hook/cmake_prefix_path.dsv'
[0.254s] INFO:colcon.colcon_core.shell:Creating environment hook '/home/spaceshipecsat/ur_10_CatapultTest/install/robotiq_controllers/share/robotiq_controllers/hook/cmake_prefix_path.sh'
[0.254s] Level 1:colcon.colcon_core.environment:checking '/home/spaceshipecsat/ur_10_CatapultTest/install/robotiq_controllers/lib'
[0.254s] Level 1:colcon.colcon_core.shell:create_environment_hook('robotiq_controllers', 'ld_library_path_lib')
[0.254s] INFO:colcon.colcon_core.shell:Creating environment hook '/home/spaceshipecsat/ur_10_CatapultTest/install/robotiq_controllers/share/robotiq_controllers/hook/ld_library_path_lib.ps1'
[0.254s] INFO:colcon.colcon_core.shell:Creating environment descriptor '/home/spaceshipecsat/ur_10_CatapultTest/install/robotiq_controllers/share/robotiq_controllers/hook/ld_library_path_lib.dsv'
[0.254s] INFO:colcon.colcon_core.shell:Creating environment hook '/home/spaceshipecsat/ur_10_CatapultTest/install/robotiq_controllers/share/robotiq_controllers/hook/ld_library_path_lib.sh'
[0.255s] Level 1:colcon.colcon_core.environment:checking '/home/spaceshipecsat/ur_10_CatapultTest/install/robotiq_controllers/bin'
[0.255s] Level 1:colcon.colcon_core.environment:checking '/home/spaceshipecsat/ur_10_CatapultTest/install/robotiq_controllers/lib/pkgconfig/robotiq_controllers.pc'
[0.255s] Level 1:colcon.colcon_core.environment:checking '/home/spaceshipecsat/ur_10_CatapultTest/install/robotiq_controllers/lib/python3.10/site-packages'
[0.255s] Level 1:colcon.colcon_core.environment:checking '/home/spaceshipecsat/ur_10_CatapultTest/install/robotiq_controllers/bin'
[0.255s] INFO:colcon.colcon_core.shell:Creating package script '/home/spaceshipecsat/ur_10_CatapultTest/install/robotiq_controllers/share/robotiq_controllers/package.ps1'
[0.255s] INFO:colcon.colcon_core.shell:Creating package descriptor '/home/spaceshipecsat/ur_10_CatapultTest/install/robotiq_controllers/share/robotiq_controllers/package.dsv'
[0.255s] INFO:colcon.colcon_core.shell:Creating package script '/home/spaceshipecsat/ur_10_CatapultTest/install/robotiq_controllers/share/robotiq_controllers/package.sh'
[0.255s] INFO:colcon.colcon_core.shell:Creating package script '/home/spaceshipecsat/ur_10_CatapultTest/install/robotiq_controllers/share/robotiq_controllers/package.bash'
[0.256s] INFO:colcon.colcon_core.shell:Creating package script '/home/spaceshipecsat/ur_10_CatapultTest/install/robotiq_controllers/share/robotiq_controllers/package.zsh'
[0.256s] Level 1:colcon.colcon_core.environment:create_file_with_runtime_dependencies(/home/spaceshipecsat/ur_10_CatapultTest/install/robotiq_controllers/share/colcon-core/packages/robotiq_controllers)
[0.272s] DEBUG:colcon.colcon_core.event_handler.log_command:Invoked command in '/home/spaceshipecsat/ur_10_CatapultTest/build/ur_simulation_gazebo' returned '0': CMAKE_PREFIX_PATH=/home/spaceshipecsat/ur_10_CatapultTest/install/ur_description:/home/spaceshipecsat/ur_10_CatapultTest/install/ur5_camera_moveit_config:/home/spaceshipecsat/ur_10_CatapultTest/install/ur5_camera_gripper_moveit_config:/home/spaceshipecsat/ur_10_CatapultTest/install/ur10_camera_moveit_config:/home/spaceshipecsat/ur_10_CatapultTest/install/ur10_camera_gripper_moveit_config:/home/spaceshipecsat/ur_10_CatapultTest/install/ur_yt_sim:/home/spaceshipecsat/ur_10_CatapultTest/install/ur_simulation_gazebo:/home/spaceshipecsat/ur_10_CatapultTest/install/ros2_linkattacher:/home/spaceshipecsat/ur_10_CatapultTest/install/robotiq_description:/home/spaceshipecsat/ur_10_CatapultTest/install/robotiq_controllers:/home/spaceshipecsat/ur_10_CatapultTest/install/linkattacher_msgs:/opt/ros/humble /usr/bin/cmake --build /home/spaceshipecsat/ur_10_CatapultTest/build/ur_simulation_gazebo -- -j32 -l32
[0.273s] DEBUG:colcon.colcon_core.event_handler.log_command:Invoking command in '/home/spaceshipecsat/ur_10_CatapultTest/build/ur_simulation_gazebo': CMAKE_PREFIX_PATH=/home/spaceshipecsat/ur_10_CatapultTest/install/ur_description:/home/spaceshipecsat/ur_10_CatapultTest/install/ur5_camera_moveit_config:/home/spaceshipecsat/ur_10_CatapultTest/install/ur5_camera_gripper_moveit_config:/home/spaceshipecsat/ur_10_CatapultTest/install/ur10_camera_moveit_config:/home/spaceshipecsat/ur_10_CatapultTest/install/ur10_camera_gripper_moveit_config:/home/spaceshipecsat/ur_10_CatapultTest/install/ur_yt_sim:/home/spaceshipecsat/ur_10_CatapultTest/install/ur_simulation_gazebo:/home/spaceshipecsat/ur_10_CatapultTest/install/ros2_linkattacher:/home/spaceshipecsat/ur_10_CatapultTest/install/robotiq_description:/home/spaceshipecsat/ur_10_CatapultTest/install/robotiq_controllers:/home/spaceshipecsat/ur_10_CatapultTest/install/linkattacher_msgs:/opt/ros/humble /usr/bin/cmake --install /home/spaceshipecsat/ur_10_CatapultTest/build/ur_simulation_gazebo
[0.286s] Level 1:colcon.colcon_core.environment:create_environment_scripts_only(ur_simulation_gazebo)
[0.286s] Level 1:colcon.colcon_core.environment:checking '/home/spaceshipecsat/ur_10_CatapultTest/install/ur_simulation_gazebo' for CMake module files
[0.287s] DEBUG:colcon.colcon_core.event_handler.log_command:Invoked command in '/home/spaceshipecsat/ur_10_CatapultTest/build/ur_simulation_gazebo' returned '0': CMAKE_PREFIX_PATH=/home/spaceshipecsat/ur_10_CatapultTest/install/ur_description:/home/spaceshipecsat/ur_10_CatapultTest/install/ur5_camera_moveit_config:/home/spaceshipecsat/ur_10_CatapultTest/install/ur5_camera_gripper_moveit_config:/home/spaceshipecsat/ur_10_CatapultTest/install/ur10_camera_moveit_config:/home/spaceshipecsat/ur_10_CatapultTest/install/ur10_camera_gripper_moveit_config:/home/spaceshipecsat/ur_10_CatapultTest/install/ur_yt_sim:/home/spaceshipecsat/ur_10_CatapultTest/install/ur_simulation_gazebo:/home/spaceshipecsat/ur_10_CatapultTest/install/ros2_linkattacher:/home/spaceshipecsat/ur_10_CatapultTest/install/robotiq_description:/home/spaceshipecsat/ur_10_CatapultTest/install/robotiq_controllers:/home/spaceshipecsat/ur_10_CatapultTest/install/linkattacher_msgs:/opt/ros/humble /usr/bin/cmake --install /home/spaceshipecsat/ur_10_CatapultTest/build/ur_simulation_gazebo
[0.287s] Level 1:colcon.colcon_core.environment:checking '/home/spaceshipecsat/ur_10_CatapultTest/install/ur_simulation_gazebo' for CMake config files
[0.287s] Level 1:colcon.colcon_core.shell:create_environment_hook('ur_simulation_gazebo', 'cmake_prefix_path')
[0.287s] INFO:colcon.colcon_core.shell:Creating environment hook '/home/spaceshipecsat/ur_10_CatapultTest/install/ur_simulation_gazebo/share/ur_simulation_gazebo/hook/cmake_prefix_path.ps1'
[0.288s] INFO:colcon.colcon_core.shell:Creating environment descriptor '/home/spaceshipecsat/ur_10_CatapultTest/install/ur_simulation_gazebo/share/ur_simulation_gazebo/hook/cmake_prefix_path.dsv'
[0.288s] INFO:colcon.colcon_core.shell:Creating environment hook '/home/spaceshipecsat/ur_10_CatapultTest/install/ur_simulation_gazebo/share/ur_simulation_gazebo/hook/cmake_prefix_path.sh'
[0.288s] Level 1:colcon.colcon_core.environment:checking '/home/spaceshipecsat/ur_10_CatapultTest/install/ur_simulation_gazebo/bin'
[0.288s] Level 1:colcon.colcon_core.environment:checking '/home/spaceshipecsat/ur_10_CatapultTest/install/ur_simulation_gazebo/lib/pkgconfig/ur_simulation_gazebo.pc'
[0.288s] Level 1:colcon.colcon_core.environment:checking '/home/spaceshipecsat/ur_10_CatapultTest/install/ur_simulation_gazebo/lib/python3.10/site-packages'
[0.288s] Level 1:colcon.colcon_core.environment:checking '/home/spaceshipecsat/ur_10_CatapultTest/install/ur_simulation_gazebo/bin'
[0.289s] INFO:colcon.colcon_core.shell:Creating package script '/home/spaceshipecsat/ur_10_CatapultTest/install/ur_simulation_gazebo/share/ur_simulation_gazebo/package.ps1'
[0.289s] INFO:colcon.colcon_core.shell:Creating package descriptor '/home/spaceshipecsat/ur_10_CatapultTest/install/ur_simulation_gazebo/share/ur_simulation_gazebo/package.dsv'
[0.289s] INFO:colcon.colcon_core.shell:Creating package script '/home/spaceshipecsat/ur_10_CatapultTest/install/ur_simulation_gazebo/share/ur_simulation_gazebo/package.sh'
[0.289s] INFO:colcon.colcon_core.shell:Creating package script '/home/spaceshipecsat/ur_10_CatapultTest/install/ur_simulation_gazebo/share/ur_simulation_gazebo/package.bash'
[0.289s] INFO:colcon.colcon_core.shell:Creating package script '/home/spaceshipecsat/ur_10_CatapultTest/install/ur_simulation_gazebo/share/ur_simulation_gazebo/package.zsh'
[0.289s] Level 1:colcon.colcon_core.environment:create_file_with_runtime_dependencies(/home/spaceshipecsat/ur_10_CatapultTest/install/ur_simulation_gazebo/share/colcon-core/packages/ur_simulation_gazebo)
[0.290s] Level 1:colcon.colcon_core.environment:create_environment_scripts_only(ur_simulation_gazebo)
[0.290s] Level 1:colcon.colcon_core.environment:checking '/home/spaceshipecsat/ur_10_CatapultTest/install/ur_simulation_gazebo' for CMake module files
[0.290s] Level 1:colcon.colcon_core.environment:checking '/home/spaceshipecsat/ur_10_CatapultTest/install/ur_simulation_gazebo' for CMake config files
[0.290s] Level 1:colcon.colcon_core.shell:create_environment_hook('ur_simulation_gazebo', 'cmake_prefix_path')
[0.290s] INFO:colcon.colcon_core.shell:Creating environment hook '/home/spaceshipecsat/ur_10_CatapultTest/install/ur_simulation_gazebo/share/ur_simulation_gazebo/hook/cmake_prefix_path.ps1'
[0.290s] INFO:colcon.colcon_core.shell:Creating environment descriptor '/home/spaceshipecsat/ur_10_CatapultTest/install/ur_simulation_gazebo/share/ur_simulation_gazebo/hook/cmake_prefix_path.dsv'
[0.290s] INFO:colcon.colcon_core.shell:Creating environment hook '/home/spaceshipecsat/ur_10_CatapultTest/install/ur_simulation_gazebo/share/ur_simulation_gazebo/hook/cmake_prefix_path.sh'
[0.291s] Level 1:colcon.colcon_core.environment:checking '/home/spaceshipecsat/ur_10_CatapultTest/install/ur_simulation_gazebo/bin'
[0.291s] Level 1:colcon.colcon_core.environment:checking '/home/spaceshipecsat/ur_10_CatapultTest/install/ur_simulation_gazebo/lib/pkgconfig/ur_simulation_gazebo.pc'
[0.291s] Level 1:colcon.colcon_core.environment:checking '/home/spaceshipecsat/ur_10_CatapultTest/install/ur_simulation_gazebo/lib/python3.10/site-packages'
[0.291s] Level 1:colcon.colcon_core.environment:checking '/home/spaceshipecsat/ur_10_CatapultTest/install/ur_simulation_gazebo/bin'
[0.291s] INFO:colcon.colcon_core.shell:Creating package script '/home/spaceshipecsat/ur_10_CatapultTest/install/ur_simulation_gazebo/share/ur_simulation_gazebo/package.ps1'
[0.291s] INFO:colcon.colcon_core.shell:Creating package descriptor '/home/spaceshipecsat/ur_10_CatapultTest/install/ur_simulation_gazebo/share/ur_simulation_gazebo/package.dsv'
[0.291s] INFO:colcon.colcon_core.shell:Creating package script '/home/spaceshipecsat/ur_10_CatapultTest/install/ur_simulation_gazebo/share/ur_simulation_gazebo/package.sh'
[0.291s] INFO:colcon.colcon_core.shell:Creating package script '/home/spaceshipecsat/ur_10_CatapultTest/install/ur_simulation_gazebo/share/ur_simulation_gazebo/package.bash'
[0.291s] INFO:colcon.colcon_core.shell:Creating package script '/home/spaceshipecsat/ur_10_CatapultTest/install/ur_simulation_gazebo/share/ur_simulation_gazebo/package.zsh'
[0.292s] Level 1:colcon.colcon_core.environment:create_file_with_runtime_dependencies(/home/spaceshipecsat/ur_10_CatapultTest/install/ur_simulation_gazebo/share/colcon-core/packages/ur_simulation_gazebo)
[0.351s] DEBUG:colcon.colcon_core.event_handler.log_command:Invoked command in '/home/spaceshipecsat/ur_10_CatapultTest/build/linkattacher_msgs' returned '0': CMAKE_PREFIX_PATH=${CMAKE_PREFIX_PATH}:/opt/ros/humble /usr/bin/cmake --build /home/spaceshipecsat/ur_10_CatapultTest/build/linkattacher_msgs -- -j32 -l32
[0.351s] DEBUG:colcon.colcon_core.event_handler.log_command:Invoking command in '/home/spaceshipecsat/ur_10_CatapultTest/build/linkattacher_msgs': CMAKE_PREFIX_PATH=${CMAKE_PREFIX_PATH}:/opt/ros/humble /usr/bin/cmake --install /home/spaceshipecsat/ur_10_CatapultTest/build/linkattacher_msgs
[0.393s] Level 1:colcon.colcon_core.environment:create_environment_scripts_only(linkattacher_msgs)
[0.394s] Level 1:colcon.colcon_core.environment:checking '/home/spaceshipecsat/ur_10_CatapultTest/install/linkattacher_msgs' for CMake module files
[0.394s] DEBUG:colcon.colcon_core.event_handler.log_command:Invoked command in '/home/spaceshipecsat/ur_10_CatapultTest/build/linkattacher_msgs' returned '0': CMAKE_PREFIX_PATH=${CMAKE_PREFIX_PATH}:/opt/ros/humble /usr/bin/cmake --install /home/spaceshipecsat/ur_10_CatapultTest/build/linkattacher_msgs
[0.395s] Level 1:colcon.colcon_core.environment:checking '/home/spaceshipecsat/ur_10_CatapultTest/install/linkattacher_msgs' for CMake config files
[0.395s] Level 1:colcon.colcon_core.shell:create_environment_hook('linkattacher_msgs', 'cmake_prefix_path')
[0.395s] INFO:colcon.colcon_core.shell:Creating environment hook '/home/spaceshipecsat/ur_10_CatapultTest/install/linkattacher_msgs/share/linkattacher_msgs/hook/cmake_prefix_path.ps1'
[0.396s] INFO:colcon.colcon_core.shell:Creating environment descriptor '/home/spaceshipecsat/ur_10_CatapultTest/install/linkattacher_msgs/share/linkattacher_msgs/hook/cmake_prefix_path.dsv'
[0.396s] INFO:colcon.colcon_core.shell:Creating environment hook '/home/spaceshipecsat/ur_10_CatapultTest/install/linkattacher_msgs/share/linkattacher_msgs/hook/cmake_prefix_path.sh'
[0.396s] Level 1:colcon.colcon_core.environment:checking '/home/spaceshipecsat/ur_10_CatapultTest/install/linkattacher_msgs/lib'
[0.396s] Level 1:colcon.colcon_core.shell:create_environment_hook('linkattacher_msgs', 'ld_library_path_lib')
[0.396s] INFO:colcon.colcon_core.shell:Creating environment hook '/home/spaceshipecsat/ur_10_CatapultTest/install/linkattacher_msgs/share/linkattacher_msgs/hook/ld_library_path_lib.ps1'
[0.396s] INFO:colcon.colcon_core.shell:Creating environment descriptor '/home/spaceshipecsat/ur_10_CatapultTest/install/linkattacher_msgs/share/linkattacher_msgs/hook/ld_library_path_lib.dsv'
[0.396s] INFO:colcon.colcon_core.shell:Creating environment hook '/home/spaceshipecsat/ur_10_CatapultTest/install/linkattacher_msgs/share/linkattacher_msgs/hook/ld_library_path_lib.sh'
[0.397s] Level 1:colcon.colcon_core.environment:checking '/home/spaceshipecsat/ur_10_CatapultTest/install/linkattacher_msgs/bin'
[0.397s] Level 1:colcon.colcon_core.environment:checking '/home/spaceshipecsat/ur_10_CatapultTest/install/linkattacher_msgs/lib/pkgconfig/linkattacher_msgs.pc'
[0.397s] Level 1:colcon.colcon_core.environment:checking '/home/spaceshipecsat/ur_10_CatapultTest/install/linkattacher_msgs/lib/python3.10/site-packages'
[0.397s] Level 1:colcon.colcon_core.environment:checking '/home/spaceshipecsat/ur_10_CatapultTest/install/linkattacher_msgs/bin'
[0.397s] INFO:colcon.colcon_core.shell:Creating package script '/home/spaceshipecsat/ur_10_CatapultTest/install/linkattacher_msgs/share/linkattacher_msgs/package.ps1'
[0.397s] INFO:colcon.colcon_core.shell:Creating package descriptor '/home/spaceshipecsat/ur_10_CatapultTest/install/linkattacher_msgs/share/linkattacher_msgs/package.dsv'
[0.397s] INFO:colcon.colcon_core.shell:Creating package script '/home/spaceshipecsat/ur_10_CatapultTest/install/linkattacher_msgs/share/linkattacher_msgs/package.sh'
[0.397s] INFO:colcon.colcon_core.shell:Creating package script '/home/spaceshipecsat/ur_10_CatapultTest/install/linkattacher_msgs/share/linkattacher_msgs/package.bash'
[0.397s] INFO:colcon.colcon_core.shell:Creating package script '/home/spaceshipecsat/ur_10_CatapultTest/install/linkattacher_msgs/share/linkattacher_msgs/package.zsh'
[0.398s] Level 1:colcon.colcon_core.environment:create_file_with_runtime_dependencies(/home/spaceshipecsat/ur_10_CatapultTest/install/linkattacher_msgs/share/colcon-core/packages/linkattacher_msgs)
[0.398s] Level 1:colcon.colcon_core.environment:create_environment_scripts_only(linkattacher_msgs)
[0.398s] Level 1:colcon.colcon_core.environment:checking '/home/spaceshipecsat/ur_10_CatapultTest/install/linkattacher_msgs' for CMake module files
[0.398s] Level 1:colcon.colcon_core.environment:checking '/home/spaceshipecsat/ur_10_CatapultTest/install/linkattacher_msgs' for CMake config files
[0.398s] Level 1:colcon.colcon_core.shell:create_environment_hook('linkattacher_msgs', 'cmake_prefix_path')
[0.398s] INFO:colcon.colcon_core.shell:Creating environment hook '/home/spaceshipecsat/ur_10_CatapultTest/install/linkattacher_msgs/share/linkattacher_msgs/hook/cmake_prefix_path.ps1'
[0.398s] INFO:colcon.colcon_core.shell:Creating environment descriptor '/home/spaceshipecsat/ur_10_CatapultTest/install/linkattacher_msgs/share/linkattacher_msgs/hook/cmake_prefix_path.dsv'
[0.399s] INFO:colcon.colcon_core.shell:Creating environment hook '/home/spaceshipecsat/ur_10_CatapultTest/install/linkattacher_msgs/share/linkattacher_msgs/hook/cmake_prefix_path.sh'
[0.399s] Level 1:colcon.colcon_core.environment:checking '/home/spaceshipecsat/ur_10_CatapultTest/install/linkattacher_msgs/lib'
[0.399s] Level 1:colcon.colcon_core.shell:create_environment_hook('linkattacher_msgs', 'ld_library_path_lib')
[0.399s] INFO:colcon.colcon_core.shell:Creating environment hook '/home/spaceshipecsat/ur_10_CatapultTest/install/linkattacher_msgs/share/linkattacher_msgs/hook/ld_library_path_lib.ps1'
[0.399s] INFO:colcon.colcon_core.shell:Creating environment descriptor '/home/spaceshipecsat/ur_10_CatapultTest/install/linkattacher_msgs/share/linkattacher_msgs/hook/ld_library_path_lib.dsv'
[0.399s] INFO:colcon.colcon_core.shell:Creating environment hook '/home/spaceshipecsat/ur_10_CatapultTest/install/linkattacher_msgs/share/linkattacher_msgs/hook/ld_library_path_lib.sh'
[0.399s] Level 1:colcon.colcon_core.environment:checking '/home/spaceshipecsat/ur_10_CatapultTest/install/linkattacher_msgs/bin'
[0.399s] Level 1:colcon.colcon_core.environment:checking '/home/spaceshipecsat/ur_10_CatapultTest/install/linkattacher_msgs/lib/pkgconfig/linkattacher_msgs.pc'
[0.400s] Level 1:colcon.colcon_core.environment:checking '/home/spaceshipecsat/ur_10_CatapultTest/install/linkattacher_msgs/lib/python3.10/site-packages'
[0.400s] Level 1:colcon.colcon_core.environment:checking '/home/spaceshipecsat/ur_10_CatapultTest/install/linkattacher_msgs/bin'
[0.400s] INFO:colcon.colcon_core.shell:Creating package script '/home/spaceshipecsat/ur_10_CatapultTest/install/linkattacher_msgs/share/linkattacher_msgs/package.ps1'
[0.400s] INFO:colcon.colcon_core.shell:Creating package descriptor '/home/spaceshipecsat/ur_10_CatapultTest/install/linkattacher_msgs/share/linkattacher_msgs/package.dsv'
[0.400s] INFO:colcon.colcon_core.shell:Creating package script '/home/spaceshipecsat/ur_10_CatapultTest/install/linkattacher_msgs/share/linkattacher_msgs/package.sh'
[0.400s] INFO:colcon.colcon_core.shell:Creating package script '/home/spaceshipecsat/ur_10_CatapultTest/install/linkattacher_msgs/share/linkattacher_msgs/package.bash'
[0.400s] INFO:colcon.colcon_core.shell:Creating package script '/home/spaceshipecsat/ur_10_CatapultTest/install/linkattacher_msgs/share/linkattacher_msgs/package.zsh'
[0.401s] Level 1:colcon.colcon_core.environment:create_file_with_runtime_dependencies(/home/spaceshipecsat/ur_10_CatapultTest/install/linkattacher_msgs/share/colcon-core/packages/linkattacher_msgs)
[0.401s] INFO:colcon.colcon_ros.task.ament_cmake.build:Building ROS package in '/home/spaceshipecsat/ur_10_CatapultTest/src/IFRA_LinkAttacher/ros2_LinkAttacher' with build type 'ament_cmake'
[0.401s] INFO:colcon.colcon_cmake.task.cmake.build:Building CMake package in '/home/spaceshipecsat/ur_10_CatapultTest/src/IFRA_LinkAttacher/ros2_LinkAttacher'
[0.401s] INFO:colcon.colcon_core.shell:Skip shell extension 'powershell' for command environment: Not usable outside of PowerShell
[0.401s] DEBUG:colcon.colcon_core.shell:Skip shell extension 'dsv' for command environment
[0.408s] DEBUG:colcon.colcon_core.event_handler.log_command:Invoking command in '/home/spaceshipecsat/ur_10_CatapultTest/build/ros2_linkattacher': CMAKE_PREFIX_PATH=/home/spaceshipecsat/ur_10_CatapultTest/install/linkattacher_msgs:/home/spaceshipecsat/ur_10_CatapultTest/install/ur5_camera_moveit_config:/home/spaceshipecsat/ur_10_CatapultTest/install/ur5_camera_gripper_moveit_config:/home/spaceshipecsat/ur_10_CatapultTest/install/ur10_camera_moveit_config:/home/spaceshipecsat/ur_10_CatapultTest/install/ur10_camera_gripper_moveit_config:/home/spaceshipecsat/ur_10_CatapultTest/install/ur_yt_sim:/home/spaceshipecsat/ur_10_CatapultTest/install/ur_simulation_gazebo:/home/spaceshipecsat/ur_10_CatapultTest/install/ur_description:/home/spaceshipecsat/ur_10_CatapultTest/install/ros2_linkattacher:/home/spaceshipecsat/ur_10_CatapultTest/install/robotiq_description:/home/spaceshipecsat/ur_10_CatapultTest/install/robotiq_controllers:/opt/ros/humble LD_LIBRARY_PATH=/home/spaceshipecsat/ur_10_CatapultTest/install/linkattacher_msgs/lib:/home/spaceshipecsat/ur_10_CatapultTest/install/ros2_linkattacher/lib:/home/spaceshipecsat/ur_10_CatapultTest/install/robotiq_controllers/lib:/usr/lib/x86_64-linux-gnu/gazebo-11/plugins:/opt/ros/humble/opt/rviz_ogre_vendor/lib:/opt/ros/humble/lib/x86_64-linux-gnu:/opt/ros/humble/lib /usr/bin/cmake --build /home/spaceshipecsat/ur_10_CatapultTest/build/ros2_linkattacher -- -j32 -l32
[0.459s] DEBUG:colcon.colcon_core.event_handler.log_command:Invoked command in '/home/spaceshipecsat/ur_10_CatapultTest/build/ros2_linkattacher' returned '0': CMAKE_PREFIX_PATH=/home/spaceshipecsat/ur_10_CatapultTest/install/linkattacher_msgs:/home/spaceshipecsat/ur_10_CatapultTest/install/ur5_camera_moveit_config:/home/spaceshipecsat/ur_10_CatapultTest/install/ur5_camera_gripper_moveit_config:/home/spaceshipecsat/ur_10_CatapultTest/install/ur10_camera_moveit_config:/home/spaceshipecsat/ur_10_CatapultTest/install/ur10_camera_gripper_moveit_config:/home/spaceshipecsat/ur_10_CatapultTest/install/ur_yt_sim:/home/spaceshipecsat/ur_10_CatapultTest/install/ur_simulation_gazebo:/home/spaceshipecsat/ur_10_CatapultTest/install/ur_description:/home/spaceshipecsat/ur_10_CatapultTest/install/ros2_linkattacher:/home/spaceshipecsat/ur_10_CatapultTest/install/robotiq_description:/home/spaceshipecsat/ur_10_CatapultTest/install/robotiq_controllers:/opt/ros/humble LD_LIBRARY_PATH=/home/spaceshipecsat/ur_10_CatapultTest/install/linkattacher_msgs/lib:/home/spaceshipecsat/ur_10_CatapultTest/install/ros2_linkattacher/lib:/home/spaceshipecsat/ur_10_CatapultTest/install/robotiq_controllers/lib:/usr/lib/x86_64-linux-gnu/gazebo-11/plugins:/opt/ros/humble/opt/rviz_ogre_vendor/lib:/opt/ros/humble/lib/x86_64-linux-gnu:/opt/ros/humble/lib /usr/bin/cmake --build /home/spaceshipecsat/ur_10_CatapultTest/build/ros2_linkattacher -- -j32 -l32
[0.460s] DEBUG:colcon.colcon_core.event_handler.log_command:Invoking command in '/home/spaceshipecsat/ur_10_CatapultTest/build/ros2_linkattacher': CMAKE_PREFIX_PATH=/home/spaceshipecsat/ur_10_CatapultTest/install/linkattacher_msgs:/home/spaceshipecsat/ur_10_CatapultTest/install/ur5_camera_moveit_config:/home/spaceshipecsat/ur_10_CatapultTest/install/ur5_camera_gripper_moveit_config:/home/spaceshipecsat/ur_10_CatapultTest/install/ur10_camera_moveit_config:/home/spaceshipecsat/ur_10_CatapultTest/install/ur10_camera_gripper_moveit_config:/home/spaceshipecsat/ur_10_CatapultTest/install/ur_yt_sim:/home/spaceshipecsat/ur_10_CatapultTest/install/ur_simulation_gazebo:/home/spaceshipecsat/ur_10_CatapultTest/install/ur_description:/home/spaceshipecsat/ur_10_CatapultTest/install/ros2_linkattacher:/home/spaceshipecsat/ur_10_CatapultTest/install/robotiq_description:/home/spaceshipecsat/ur_10_CatapultTest/install/robotiq_controllers:/opt/ros/humble LD_LIBRARY_PATH=/home/spaceshipecsat/ur_10_CatapultTest/install/linkattacher_msgs/lib:/home/spaceshipecsat/ur_10_CatapultTest/install/ros2_linkattacher/lib:/home/spaceshipecsat/ur_10_CatapultTest/install/robotiq_controllers/lib:/usr/lib/x86_64-linux-gnu/gazebo-11/plugins:/opt/ros/humble/opt/rviz_ogre_vendor/lib:/opt/ros/humble/lib/x86_64-linux-gnu:/opt/ros/humble/lib /usr/bin/cmake --install /home/spaceshipecsat/ur_10_CatapultTest/build/ros2_linkattacher
[0.469s] Level 1:colcon.colcon_core.environment:create_environment_scripts_only(ros2_linkattacher)
[0.469s] Level 1:colcon.colcon_core.environment:checking '/home/spaceshipecsat/ur_10_CatapultTest/install/ros2_linkattacher' for CMake module files
[0.470s] DEBUG:colcon.colcon_core.event_handler.log_command:Invoked command in '/home/spaceshipecsat/ur_10_CatapultTest/build/ros2_linkattacher' returned '0': CMAKE_PREFIX_PATH=/home/spaceshipecsat/ur_10_CatapultTest/install/linkattacher_msgs:/home/spaceshipecsat/ur_10_CatapultTest/install/ur5_camera_moveit_config:/home/spaceshipecsat/ur_10_CatapultTest/install/ur5_camera_gripper_moveit_config:/home/spaceshipecsat/ur_10_CatapultTest/install/ur10_camera_moveit_config:/home/spaceshipecsat/ur_10_CatapultTest/install/ur10_camera_gripper_moveit_config:/home/spaceshipecsat/ur_10_CatapultTest/install/ur_yt_sim:/home/spaceshipecsat/ur_10_CatapultTest/install/ur_simulation_gazebo:/home/spaceshipecsat/ur_10_CatapultTest/install/ur_description:/home/spaceshipecsat/ur_10_CatapultTest/install/ros2_linkattacher:/home/spaceshipecsat/ur_10_CatapultTest/install/robotiq_description:/home/spaceshipecsat/ur_10_CatapultTest/install/robotiq_controllers:/opt/ros/humble LD_LIBRARY_PATH=/home/spaceshipecsat/ur_10_CatapultTest/install/linkattacher_msgs/lib:/home/spaceshipecsat/ur_10_CatapultTest/install/ros2_linkattacher/lib:/home/spaceshipecsat/ur_10_CatapultTest/install/robotiq_controllers/lib:/usr/lib/x86_64-linux-gnu/gazebo-11/plugins:/opt/ros/humble/opt/rviz_ogre_vendor/lib:/opt/ros/humble/lib/x86_64-linux-gnu:/opt/ros/humble/lib /usr/bin/cmake --install /home/spaceshipecsat/ur_10_CatapultTest/build/ros2_linkattacher
[0.470s] Level 1:colcon.colcon_core.environment:checking '/home/spaceshipecsat/ur_10_CatapultTest/install/ros2_linkattacher' for CMake config files
[0.470s] Level 1:colcon.colcon_core.shell:create_environment_hook('ros2_linkattacher', 'cmake_prefix_path')
[0.470s] INFO:colcon.colcon_core.shell:Creating environment hook '/home/spaceshipecsat/ur_10_CatapultTest/install/ros2_linkattacher/share/ros2_linkattacher/hook/cmake_prefix_path.ps1'
[0.471s] INFO:colcon.colcon_core.shell:Creating environment descriptor '/home/spaceshipecsat/ur_10_CatapultTest/install/ros2_linkattacher/share/ros2_linkattacher/hook/cmake_prefix_path.dsv'
[0.471s] INFO:colcon.colcon_core.shell:Creating environment hook '/home/spaceshipecsat/ur_10_CatapultTest/install/ros2_linkattacher/share/ros2_linkattacher/hook/cmake_prefix_path.sh'
[0.471s] Level 1:colcon.colcon_core.environment:checking '/home/spaceshipecsat/ur_10_CatapultTest/install/ros2_linkattacher/lib'
[0.471s] Level 1:colcon.colcon_core.shell:create_environment_hook('ros2_linkattacher', 'ld_library_path_lib')
[0.471s] INFO:colcon.colcon_core.shell:Creating environment hook '/home/spaceshipecsat/ur_10_CatapultTest/install/ros2_linkattacher/share/ros2_linkattacher/hook/ld_library_path_lib.ps1'
[0.472s] INFO:colcon.colcon_core.shell:Creating environment descriptor '/home/spaceshipecsat/ur_10_CatapultTest/install/ros2_linkattacher/share/ros2_linkattacher/hook/ld_library_path_lib.dsv'
[0.472s] INFO:colcon.colcon_core.shell:Creating environment hook '/home/spaceshipecsat/ur_10_CatapultTest/install/ros2_linkattacher/share/ros2_linkattacher/hook/ld_library_path_lib.sh'
[0.472s] Level 1:colcon.colcon_core.environment:checking '/home/spaceshipecsat/ur_10_CatapultTest/install/ros2_linkattacher/bin'
[0.472s] Level 1:colcon.colcon_core.environment:checking '/home/spaceshipecsat/ur_10_CatapultTest/install/ros2_linkattacher/lib/pkgconfig/ros2_linkattacher.pc'
[0.472s] Level 1:colcon.colcon_core.environment:checking '/home/spaceshipecsat/ur_10_CatapultTest/install/ros2_linkattacher/lib/python3.10/site-packages'
[0.473s] Level 1:colcon.colcon_core.environment:checking '/home/spaceshipecsat/ur_10_CatapultTest/install/ros2_linkattacher/bin'
[0.473s] INFO:colcon.colcon_core.shell:Creating package script '/home/spaceshipecsat/ur_10_CatapultTest/install/ros2_linkattacher/share/ros2_linkattacher/package.ps1'
[0.473s] INFO:colcon.colcon_core.shell:Creating package descriptor '/home/spaceshipecsat/ur_10_CatapultTest/install/ros2_linkattacher/share/ros2_linkattacher/package.dsv'
[0.474s] INFO:colcon.colcon_core.shell:Creating package script '/home/spaceshipecsat/ur_10_CatapultTest/install/ros2_linkattacher/share/ros2_linkattacher/package.sh'
[0.474s] INFO:colcon.colcon_core.shell:Creating package script '/home/spaceshipecsat/ur_10_CatapultTest/install/ros2_linkattacher/share/ros2_linkattacher/package.bash'
[0.474s] INFO:colcon.colcon_core.shell:Creating package script '/home/spaceshipecsat/ur_10_CatapultTest/install/ros2_linkattacher/share/ros2_linkattacher/package.zsh'
[0.474s] Level 1:colcon.colcon_core.environment:create_file_with_runtime_dependencies(/home/spaceshipecsat/ur_10_CatapultTest/install/ros2_linkattacher/share/colcon-core/packages/ros2_linkattacher)
[0.475s] Level 1:colcon.colcon_core.environment:create_environment_scripts_only(ros2_linkattacher)
[0.475s] Level 1:colcon.colcon_core.environment:checking '/home/spaceshipecsat/ur_10_CatapultTest/install/ros2_linkattacher' for CMake module files
[0.475s] Level 1:colcon.colcon_core.environment:checking '/home/spaceshipecsat/ur_10_CatapultTest/install/ros2_linkattacher' for CMake config files
[0.475s] Level 1:colcon.colcon_core.shell:create_environment_hook('ros2_linkattacher', 'cmake_prefix_path')
[0.475s] INFO:colcon.colcon_core.shell:Creating environment hook '/home/spaceshipecsat/ur_10_CatapultTest/install/ros2_linkattacher/share/ros2_linkattacher/hook/cmake_prefix_path.ps1'
[0.476s] INFO:colcon.colcon_core.shell:Creating environment descriptor '/home/spaceshipecsat/ur_10_CatapultTest/install/ros2_linkattacher/share/ros2_linkattacher/hook/cmake_prefix_path.dsv'
[0.476s] INFO:colcon.colcon_core.shell:Creating environment hook '/home/spaceshipecsat/ur_10_CatapultTest/install/ros2_linkattacher/share/ros2_linkattacher/hook/cmake_prefix_path.sh'
[0.476s] Level 1:colcon.colcon_core.environment:checking '/home/spaceshipecsat/ur_10_CatapultTest/install/ros2_linkattacher/lib'
[0.476s] Level 1:colcon.colcon_core.shell:create_environment_hook('ros2_linkattacher', 'ld_library_path_lib')
[0.476s] INFO:colcon.colcon_core.shell:Creating environment hook '/home/spaceshipecsat/ur_10_CatapultTest/install/ros2_linkattacher/share/ros2_linkattacher/hook/ld_library_path_lib.ps1'
[0.476s] INFO:colcon.colcon_core.shell:Creating environment descriptor '/home/spaceshipecsat/ur_10_CatapultTest/install/ros2_linkattacher/share/ros2_linkattacher/hook/ld_library_path_lib.dsv'
[0.476s] INFO:colcon.colcon_core.shell:Creating environment hook '/home/spaceshipecsat/ur_10_CatapultTest/install/ros2_linkattacher/share/ros2_linkattacher/hook/ld_library_path_lib.sh'
[0.477s] Level 1:colcon.colcon_core.environment:checking '/home/spaceshipecsat/ur_10_CatapultTest/install/ros2_linkattacher/bin'
[0.477s] Level 1:colcon.colcon_core.environment:checking '/home/spaceshipecsat/ur_10_CatapultTest/install/ros2_linkattacher/lib/pkgconfig/ros2_linkattacher.pc'
[0.477s] Level 1:colcon.colcon_core.environment:checking '/home/spaceshipecsat/ur_10_CatapultTest/install/ros2_linkattacher/lib/python3.10/site-packages'
[0.477s] Level 1:colcon.colcon_core.environment:checking '/home/spaceshipecsat/ur_10_CatapultTest/install/ros2_linkattacher/bin'
[0.477s] INFO:colcon.colcon_core.shell:Creating package script '/home/spaceshipecsat/ur_10_CatapultTest/install/ros2_linkattacher/share/ros2_linkattacher/package.ps1'
[0.477s] INFO:colcon.colcon_core.shell:Creating package descriptor '/home/spaceshipecsat/ur_10_CatapultTest/install/ros2_linkattacher/share/ros2_linkattacher/package.dsv'
[0.477s] INFO:colcon.colcon_core.shell:Creating package script '/home/spaceshipecsat/ur_10_CatapultTest/install/ros2_linkattacher/share/ros2_linkattacher/package.sh'
[0.477s] INFO:colcon.colcon_core.shell:Creating package script '/home/spaceshipecsat/ur_10_CatapultTest/install/ros2_linkattacher/share/ros2_linkattacher/package.bash'
[0.478s] INFO:colcon.colcon_core.shell:Creating package script '/home/spaceshipecsat/ur_10_CatapultTest/install/ros2_linkattacher/share/ros2_linkattacher/package.zsh'
[0.478s] Level 1:colcon.colcon_core.environment:create_file_with_runtime_dependencies(/home/spaceshipecsat/ur_10_CatapultTest/install/ros2_linkattacher/share/colcon-core/packages/ros2_linkattacher)
[3.744s] DEBUG:colcon.colcon_core.event_handler.log_command:Invoked command in '/home/spaceshipecsat/ur_10_CatapultTest/build/ur_yt_sim' returned '0': CMAKE_PREFIX_PATH=/home/spaceshipecsat/ur_10_CatapultTest/install/ur_description:/home/spaceshipecsat/ur_10_CatapultTest/install/robotiq_description:/home/spaceshipecsat/ur_10_CatapultTest/install/ur5_camera_moveit_config:/home/spaceshipecsat/ur_10_CatapultTest/install/ur5_camera_gripper_moveit_config:/home/spaceshipecsat/ur_10_CatapultTest/install/ur10_camera_moveit_config:/home/spaceshipecsat/ur_10_CatapultTest/install/ur10_camera_gripper_moveit_config:/home/spaceshipecsat/ur_10_CatapultTest/install/ur_yt_sim:/home/spaceshipecsat/ur_10_CatapultTest/install/ur_simulation_gazebo:/home/spaceshipecsat/ur_10_CatapultTest/install/ros2_linkattacher:/home/spaceshipecsat/ur_10_CatapultTest/install/robotiq_controllers:/home/spaceshipecsat/ur_10_CatapultTest/install/linkattacher_msgs:/opt/ros/humble /usr/bin/cmake --build /home/spaceshipecsat/ur_10_CatapultTest/build/ur_yt_sim -- -j32 -l32
[3.744s] DEBUG:colcon.colcon_core.event_handler.log_command:Invoking command in '/home/spaceshipecsat/ur_10_CatapultTest/build/ur_yt_sim': CMAKE_PREFIX_PATH=/home/spaceshipecsat/ur_10_CatapultTest/install/ur_description:/home/spaceshipecsat/ur_10_CatapultTest/install/robotiq_description:/home/spaceshipecsat/ur_10_CatapultTest/install/ur5_camera_moveit_config:/home/spaceshipecsat/ur_10_CatapultTest/install/ur5_camera_gripper_moveit_config:/home/spaceshipecsat/ur_10_CatapultTest/install/ur10_camera_moveit_config:/home/spaceshipecsat/ur_10_CatapultTest/install/ur10_camera_gripper_moveit_config:/home/spaceshipecsat/ur_10_CatapultTest/install/ur_yt_sim:/home/spaceshipecsat/ur_10_CatapultTest/install/ur_simulation_gazebo:/home/spaceshipecsat/ur_10_CatapultTest/install/ros2_linkattacher:/home/spaceshipecsat/ur_10_CatapultTest/install/robotiq_controllers:/home/spaceshipecsat/ur_10_CatapultTest/install/linkattacher_msgs:/opt/ros/humble /usr/bin/cmake --install /home/spaceshipecsat/ur_10_CatapultTest/build/ur_yt_sim
[3.762s] Level 1:colcon.colcon_core.environment:create_environment_scripts_only(ur_yt_sim)
[3.762s] DEBUG:colcon.colcon_core.event_handler.log_command:Invoked command in '/home/spaceshipecsat/ur_10_CatapultTest/build/ur_yt_sim' returned '0': CMAKE_PREFIX_PATH=/home/spaceshipecsat/ur_10_CatapultTest/install/ur_description:/home/spaceshipecsat/ur_10_CatapultTest/install/robotiq_description:/home/spaceshipecsat/ur_10_CatapultTest/install/ur5_camera_moveit_config:/home/spaceshipecsat/ur_10_CatapultTest/install/ur5_camera_gripper_moveit_config:/home/spaceshipecsat/ur_10_CatapultTest/install/ur10_camera_moveit_config:/home/spaceshipecsat/ur_10_CatapultTest/install/ur10_camera_gripper_moveit_config:/home/spaceshipecsat/ur_10_CatapultTest/install/ur_yt_sim:/home/spaceshipecsat/ur_10_CatapultTest/install/ur_simulation_gazebo:/home/spaceshipecsat/ur_10_CatapultTest/install/ros2_linkattacher:/home/spaceshipecsat/ur_10_CatapultTest/install/robotiq_controllers:/home/spaceshipecsat/ur_10_CatapultTest/install/linkattacher_msgs:/opt/ros/humble /usr/bin/cmake --install /home/spaceshipecsat/ur_10_CatapultTest/build/ur_yt_sim
[3.763s] Level 1:colcon.colcon_core.environment:checking '/home/spaceshipecsat/ur_10_CatapultTest/install/ur_yt_sim' for CMake module files
[3.763s] Level 1:colcon.colcon_core.environment:checking '/home/spaceshipecsat/ur_10_CatapultTest/install/ur_yt_sim' for CMake config files
[3.763s] Level 1:colcon.colcon_core.shell:create_environment_hook('ur_yt_sim', 'cmake_prefix_path')
[3.763s] INFO:colcon.colcon_core.shell:Creating environment hook '/home/spaceshipecsat/ur_10_CatapultTest/install/ur_yt_sim/share/ur_yt_sim/hook/cmake_prefix_path.ps1'
[3.763s] INFO:colcon.colcon_core.shell:Creating environment descriptor '/home/spaceshipecsat/ur_10_CatapultTest/install/ur_yt_sim/share/ur_yt_sim/hook/cmake_prefix_path.dsv'
[3.763s] INFO:colcon.colcon_core.shell:Creating environment hook '/home/spaceshipecsat/ur_10_CatapultTest/install/ur_yt_sim/share/ur_yt_sim/hook/cmake_prefix_path.sh'
[3.764s] Level 1:colcon.colcon_core.environment:checking '/home/spaceshipecsat/ur_10_CatapultTest/install/ur_yt_sim/lib'
[3.764s] Level 1:colcon.colcon_core.environment:checking '/home/spaceshipecsat/ur_10_CatapultTest/install/ur_yt_sim/bin'
[3.764s] Level 1:colcon.colcon_core.environment:checking '/home/spaceshipecsat/ur_10_CatapultTest/install/ur_yt_sim/lib/pkgconfig/ur_yt_sim.pc'
[3.764s] Level 1:colcon.colcon_core.environment:checking '/home/spaceshipecsat/ur_10_CatapultTest/install/ur_yt_sim/lib/python3.10/site-packages'
[3.764s] Level 1:colcon.colcon_core.environment:checking '/home/spaceshipecsat/ur_10_CatapultTest/install/ur_yt_sim/bin'
[3.764s] INFO:colcon.colcon_core.shell:Creating package script '/home/spaceshipecsat/ur_10_CatapultTest/install/ur_yt_sim/share/ur_yt_sim/package.ps1'
[3.764s] INFO:colcon.colcon_core.shell:Creating package descriptor '/home/spaceshipecsat/ur_10_CatapultTest/install/ur_yt_sim/share/ur_yt_sim/package.dsv'
[3.764s] INFO:colcon.colcon_core.shell:Creating package script '/home/spaceshipecsat/ur_10_CatapultTest/install/ur_yt_sim/share/ur_yt_sim/package.sh'
[3.764s] INFO:colcon.colcon_core.shell:Creating package script '/home/spaceshipecsat/ur_10_CatapultTest/install/ur_yt_sim/share/ur_yt_sim/package.bash'
[3.764s] INFO:colcon.colcon_core.shell:Creating package script '/home/spaceshipecsat/ur_10_CatapultTest/install/ur_yt_sim/share/ur_yt_sim/package.zsh'
[3.765s] Level 1:colcon.colcon_core.environment:create_file_with_runtime_dependencies(/home/spaceshipecsat/ur_10_CatapultTest/install/ur_yt_sim/share/colcon-core/packages/ur_yt_sim)
[3.765s] Level 1:colcon.colcon_core.environment:create_environment_scripts_only(ur_yt_sim)
[3.765s] Level 1:colcon.colcon_core.environment:checking '/home/spaceshipecsat/ur_10_CatapultTest/install/ur_yt_sim' for CMake module files
[3.765s] Level 1:colcon.colcon_core.environment:checking '/home/spaceshipecsat/ur_10_CatapultTest/install/ur_yt_sim' for CMake config files
[3.765s] Level 1:colcon.colcon_core.shell:create_environment_hook('ur_yt_sim', 'cmake_prefix_path')
[3.765s] INFO:colcon.colcon_core.shell:Creating environment hook '/home/spaceshipecsat/ur_10_CatapultTest/install/ur_yt_sim/share/ur_yt_sim/hook/cmake_prefix_path.ps1'
[3.765s] INFO:colcon.colcon_core.shell:Creating environment descriptor '/home/spaceshipecsat/ur_10_CatapultTest/install/ur_yt_sim/share/ur_yt_sim/hook/cmake_prefix_path.dsv'
[3.766s] INFO:colcon.colcon_core.shell:Creating environment hook '/home/spaceshipecsat/ur_10_CatapultTest/install/ur_yt_sim/share/ur_yt_sim/hook/cmake_prefix_path.sh'
[3.766s] Level 1:colcon.colcon_core.environment:checking '/home/spaceshipecsat/ur_10_CatapultTest/install/ur_yt_sim/lib'
[3.766s] Level 1:colcon.colcon_core.environment:checking '/home/spaceshipecsat/ur_10_CatapultTest/install/ur_yt_sim/bin'
[3.766s] Level 1:colcon.colcon_core.environment:checking '/home/spaceshipecsat/ur_10_CatapultTest/install/ur_yt_sim/lib/pkgconfig/ur_yt_sim.pc'
[3.766s] Level 1:colcon.colcon_core.environment:checking '/home/spaceshipecsat/ur_10_CatapultTest/install/ur_yt_sim/lib/python3.10/site-packages'
[3.766s] Level 1:colcon.colcon_core.environment:checking '/home/spaceshipecsat/ur_10_CatapultTest/install/ur_yt_sim/bin'
[3.766s] INFO:colcon.colcon_core.shell:Creating package script '/home/spaceshipecsat/ur_10_CatapultTest/install/ur_yt_sim/share/ur_yt_sim/package.ps1'
[3.766s] INFO:colcon.colcon_core.shell:Creating package descriptor '/home/spaceshipecsat/ur_10_CatapultTest/install/ur_yt_sim/share/ur_yt_sim/package.dsv'
[3.766s] INFO:colcon.colcon_core.shell:Creating package script '/home/spaceshipecsat/ur_10_CatapultTest/install/ur_yt_sim/share/ur_yt_sim/package.sh'
[3.767s] INFO:colcon.colcon_core.shell:Creating package script '/home/spaceshipecsat/ur_10_CatapultTest/install/ur_yt_sim/share/ur_yt_sim/package.bash'
[3.767s] INFO:colcon.colcon_core.shell:Creating package script '/home/spaceshipecsat/ur_10_CatapultTest/install/ur_yt_sim/share/ur_yt_sim/package.zsh'
[3.767s] Level 1:colcon.colcon_core.environment:create_file_with_runtime_dependencies(/home/spaceshipecsat/ur_10_CatapultTest/install/ur_yt_sim/share/colcon-core/packages/ur_yt_sim)
[3.767s] INFO:colcon.colcon_ros.task.ament_cmake.build:Building ROS package in '/home/spaceshipecsat/ur_10_CatapultTest/src/ur10_camera_gripper_moveit_config' with build type 'ament_cmake'
[3.767s] INFO:colcon.colcon_cmake.task.cmake.build:Building CMake package in '/home/spaceshipecsat/ur_10_CatapultTest/src/ur10_camera_gripper_moveit_config'
[3.767s] INFO:colcon.colcon_core.shell:Skip shell extension 'powershell' for command environment: Not usable outside of PowerShell
[3.767s] DEBUG:colcon.colcon_core.shell:Skip shell extension 'dsv' for command environment
[3.769s] INFO:colcon.colcon_ros.task.ament_cmake.build:Building ROS package in '/home/spaceshipecsat/ur_10_CatapultTest/src/ur10_camera_moveit_config' with build type 'ament_cmake'
[3.769s] INFO:colcon.colcon_cmake.task.cmake.build:Building CMake package in '/home/spaceshipecsat/ur_10_CatapultTest/src/ur10_camera_moveit_config'
[3.769s] INFO:colcon.colcon_core.shell:Skip shell extension 'powershell' for command environment: Not usable outside of PowerShell
[3.769s] DEBUG:colcon.colcon_core.shell:Skip shell extension 'dsv' for command environment
[3.771s] INFO:colcon.colcon_ros.task.ament_cmake.build:Building ROS package in '/home/spaceshipecsat/ur_10_CatapultTest/src/ur5_camera_gripper_moveit_config' with build type 'ament_cmake'
[3.771s] INFO:colcon.colcon_cmake.task.cmake.build:Building CMake package in '/home/spaceshipecsat/ur_10_CatapultTest/src/ur5_camera_gripper_moveit_config'
[3.771s] INFO:colcon.colcon_core.shell:Skip shell extension 'powershell' for command environment: Not usable outside of PowerShell
[3.771s] DEBUG:colcon.colcon_core.shell:Skip shell extension 'dsv' for command environment
[3.773s] INFO:colcon.colcon_ros.task.ament_cmake.build:Building ROS package in '/home/spaceshipecsat/ur_10_CatapultTest/src/ur5_camera_moveit_config' with build type 'ament_cmake'
[3.773s] INFO:colcon.colcon_cmake.task.cmake.build:Building CMake package in '/home/spaceshipecsat/ur_10_CatapultTest/src/ur5_camera_moveit_config'
[3.773s] INFO:colcon.colcon_core.shell:Skip shell extension 'powershell' for command environment: Not usable outside of PowerShell
[3.773s] DEBUG:colcon.colcon_core.shell:Skip shell extension 'dsv' for command environment
[3.776s] DEBUG:colcon.colcon_core.event_handler.log_command:Invoking command in '/home/spaceshipecsat/ur_10_CatapultTest/build/ur10_camera_gripper_moveit_config': CMAKE_PREFIX_PATH=/home/spaceshipecsat/ur_10_CatapultTest/install/ur_yt_sim:/home/spaceshipecsat/ur_10_CatapultTest/install/ur_description:/home/spaceshipecsat/ur_10_CatapultTest/install/robotiq_description:/home/spaceshipecsat/ur_10_CatapultTest/install/ur5_camera_moveit_config:/home/spaceshipecsat/ur_10_CatapultTest/install/ur5_camera_gripper_moveit_config:/home/spaceshipecsat/ur_10_CatapultTest/install/ur10_camera_moveit_config:/home/spaceshipecsat/ur_10_CatapultTest/install/ur10_camera_gripper_moveit_config:/home/spaceshipecsat/ur_10_CatapultTest/install/ur_simulation_gazebo:/home/spaceshipecsat/ur_10_CatapultTest/install/ros2_linkattacher:/home/spaceshipecsat/ur_10_CatapultTest/install/robotiq_controllers:/home/spaceshipecsat/ur_10_CatapultTest/install/linkattacher_msgs:/opt/ros/humble /usr/bin/cmake --build /home/spaceshipecsat/ur_10_CatapultTest/build/ur10_camera_gripper_moveit_config -- -j32 -l32
[3.777s] DEBUG:colcon.colcon_core.event_handler.log_command:Invoking command in '/home/spaceshipecsat/ur_10_CatapultTest/build/ur10_camera_moveit_config': CMAKE_PREFIX_PATH=/home/spaceshipecsat/ur_10_CatapultTest/install/ur_yt_sim:/home/spaceshipecsat/ur_10_CatapultTest/install/ur_description:/home/spaceshipecsat/ur_10_CatapultTest/install/robotiq_description:/home/spaceshipecsat/ur_10_CatapultTest/install/ur5_camera_moveit_config:/home/spaceshipecsat/ur_10_CatapultTest/install/ur5_camera_gripper_moveit_config:/home/spaceshipecsat/ur_10_CatapultTest/install/ur10_camera_moveit_config:/home/spaceshipecsat/ur_10_CatapultTest/install/ur10_camera_gripper_moveit_config:/home/spaceshipecsat/ur_10_CatapultTest/install/ur_simulation_gazebo:/home/spaceshipecsat/ur_10_CatapultTest/install/ros2_linkattacher:/home/spaceshipecsat/ur_10_CatapultTest/install/robotiq_controllers:/home/spaceshipecsat/ur_10_CatapultTest/install/linkattacher_msgs:/opt/ros/humble /usr/bin/cmake --build /home/spaceshipecsat/ur_10_CatapultTest/build/ur10_camera_moveit_config -- -j32 -l32
[3.778s] DEBUG:colcon.colcon_core.event_handler.log_command:Invoking command in '/home/spaceshipecsat/ur_10_CatapultTest/build/ur5_camera_gripper_moveit_config': CMAKE_PREFIX_PATH=/home/spaceshipecsat/ur_10_CatapultTest/install/ur_yt_sim:/home/spaceshipecsat/ur_10_CatapultTest/install/ur_description:/home/spaceshipecsat/ur_10_CatapultTest/install/robotiq_description:/home/spaceshipecsat/ur_10_CatapultTest/install/ur5_camera_moveit_config:/home/spaceshipecsat/ur_10_CatapultTest/install/ur5_camera_gripper_moveit_config:/home/spaceshipecsat/ur_10_CatapultTest/install/ur10_camera_moveit_config:/home/spaceshipecsat/ur_10_CatapultTest/install/ur10_camera_gripper_moveit_config:/home/spaceshipecsat/ur_10_CatapultTest/install/ur_simulation_gazebo:/home/spaceshipecsat/ur_10_CatapultTest/install/ros2_linkattacher:/home/spaceshipecsat/ur_10_CatapultTest/install/robotiq_controllers:/home/spaceshipecsat/ur_10_CatapultTest/install/linkattacher_msgs:/opt/ros/humble /usr/bin/cmake --build /home/spaceshipecsat/ur_10_CatapultTest/build/ur5_camera_gripper_moveit_config -- -j32 -l32
[3.779s] DEBUG:colcon.colcon_core.event_handler.log_command:Invoking command in '/home/spaceshipecsat/ur_10_CatapultTest/build/ur5_camera_moveit_config': CMAKE_PREFIX_PATH=/home/spaceshipecsat/ur_10_CatapultTest/install/ur_yt_sim:/home/spaceshipecsat/ur_10_CatapultTest/install/ur_description:/home/spaceshipecsat/ur_10_CatapultTest/install/robotiq_description:/home/spaceshipecsat/ur_10_CatapultTest/install/ur5_camera_moveit_config:/home/spaceshipecsat/ur_10_CatapultTest/install/ur5_camera_gripper_moveit_config:/home/spaceshipecsat/ur_10_CatapultTest/install/ur10_camera_moveit_config:/home/spaceshipecsat/ur_10_CatapultTest/install/ur10_camera_gripper_moveit_config:/home/spaceshipecsat/ur_10_CatapultTest/install/ur_simulation_gazebo:/home/spaceshipecsat/ur_10_CatapultTest/install/ros2_linkattacher:/home/spaceshipecsat/ur_10_CatapultTest/install/robotiq_controllers:/home/spaceshipecsat/ur_10_CatapultTest/install/linkattacher_msgs:/opt/ros/humble /usr/bin/cmake --build /home/spaceshipecsat/ur_10_CatapultTest/build/ur5_camera_moveit_config -- -j32 -l32
[3.798s] DEBUG:colcon.colcon_core.event_handler.log_command:Invoked command in '/home/spaceshipecsat/ur_10_CatapultTest/build/ur10_camera_gripper_moveit_config' returned '0': CMAKE_PREFIX_PATH=/home/spaceshipecsat/ur_10_CatapultTest/install/ur_yt_sim:/home/spaceshipecsat/ur_10_CatapultTest/install/ur_description:/home/spaceshipecsat/ur_10_CatapultTest/install/robotiq_description:/home/spaceshipecsat/ur_10_CatapultTest/install/ur5_camera_moveit_config:/home/spaceshipecsat/ur_10_CatapultTest/install/ur5_camera_gripper_moveit_config:/home/spaceshipecsat/ur_10_CatapultTest/install/ur10_camera_moveit_config:/home/spaceshipecsat/ur_10_CatapultTest/install/ur10_camera_gripper_moveit_config:/home/spaceshipecsat/ur_10_CatapultTest/install/ur_simulation_gazebo:/home/spaceshipecsat/ur_10_CatapultTest/install/ros2_linkattacher:/home/spaceshipecsat/ur_10_CatapultTest/install/robotiq_controllers:/home/spaceshipecsat/ur_10_CatapultTest/install/linkattacher_msgs:/opt/ros/humble /usr/bin/cmake --build /home/spaceshipecsat/ur_10_CatapultTest/build/ur10_camera_gripper_moveit_config -- -j32 -l32
[3.799s] DEBUG:colcon.colcon_core.event_handler.log_command:Invoking command in '/home/spaceshipecsat/ur_10_CatapultTest/build/ur10_camera_gripper_moveit_config': CMAKE_PREFIX_PATH=/home/spaceshipecsat/ur_10_CatapultTest/install/ur_yt_sim:/home/spaceshipecsat/ur_10_CatapultTest/install/ur_description:/home/spaceshipecsat/ur_10_CatapultTest/install/robotiq_description:/home/spaceshipecsat/ur_10_CatapultTest/install/ur5_camera_moveit_config:/home/spaceshipecsat/ur_10_CatapultTest/install/ur5_camera_gripper_moveit_config:/home/spaceshipecsat/ur_10_CatapultTest/install/ur10_camera_moveit_config:/home/spaceshipecsat/ur_10_CatapultTest/install/ur10_camera_gripper_moveit_config:/home/spaceshipecsat/ur_10_CatapultTest/install/ur_simulation_gazebo:/home/spaceshipecsat/ur_10_CatapultTest/install/ros2_linkattacher:/home/spaceshipecsat/ur_10_CatapultTest/install/robotiq_controllers:/home/spaceshipecsat/ur_10_CatapultTest/install/linkattacher_msgs:/opt/ros/humble /usr/bin/cmake --install /home/spaceshipecsat/ur_10_CatapultTest/build/ur10_camera_gripper_moveit_config
[3.801s] DEBUG:colcon.colcon_core.event_handler.log_command:Invoked command in '/home/spaceshipecsat/ur_10_CatapultTest/build/ur10_camera_moveit_config' returned '0': CMAKE_PREFIX_PATH=/home/spaceshipecsat/ur_10_CatapultTest/install/ur_yt_sim:/home/spaceshipecsat/ur_10_CatapultTest/install/ur_description:/home/spaceshipecsat/ur_10_CatapultTest/install/robotiq_description:/home/spaceshipecsat/ur_10_CatapultTest/install/ur5_camera_moveit_config:/home/spaceshipecsat/ur_10_CatapultTest/install/ur5_camera_gripper_moveit_config:/home/spaceshipecsat/ur_10_CatapultTest/install/ur10_camera_moveit_config:/home/spaceshipecsat/ur_10_CatapultTest/install/ur10_camera_gripper_moveit_config:/home/spaceshipecsat/ur_10_CatapultTest/install/ur_simulation_gazebo:/home/spaceshipecsat/ur_10_CatapultTest/install/ros2_linkattacher:/home/spaceshipecsat/ur_10_CatapultTest/install/robotiq_controllers:/home/spaceshipecsat/ur_10_CatapultTest/install/linkattacher_msgs:/opt/ros/humble /usr/bin/cmake --build /home/spaceshipecsat/ur_10_CatapultTest/build/ur10_camera_moveit_config -- -j32 -l32
[3.801s] DEBUG:colcon.colcon_core.event_handler.log_command:Invoking command in '/home/spaceshipecsat/ur_10_CatapultTest/build/ur10_camera_moveit_config': CMAKE_PREFIX_PATH=/home/spaceshipecsat/ur_10_CatapultTest/install/ur_yt_sim:/home/spaceshipecsat/ur_10_CatapultTest/install/ur_description:/home/spaceshipecsat/ur_10_CatapultTest/install/robotiq_description:/home/spaceshipecsat/ur_10_CatapultTest/install/ur5_camera_moveit_config:/home/spaceshipecsat/ur_10_CatapultTest/install/ur5_camera_gripper_moveit_config:/home/spaceshipecsat/ur_10_CatapultTest/install/ur10_camera_moveit_config:/home/spaceshipecsat/ur_10_CatapultTest/install/ur10_camera_gripper_moveit_config:/home/spaceshipecsat/ur_10_CatapultTest/install/ur_simulation_gazebo:/home/spaceshipecsat/ur_10_CatapultTest/install/ros2_linkattacher:/home/spaceshipecsat/ur_10_CatapultTest/install/robotiq_controllers:/home/spaceshipecsat/ur_10_CatapultTest/install/linkattacher_msgs:/opt/ros/humble /usr/bin/cmake --install /home/spaceshipecsat/ur_10_CatapultTest/build/ur10_camera_moveit_config
[3.802s] DEBUG:colcon.colcon_core.event_handler.log_command:Invoked command in '/home/spaceshipecsat/ur_10_CatapultTest/build/ur5_camera_gripper_moveit_config' returned '0': CMAKE_PREFIX_PATH=/home/spaceshipecsat/ur_10_CatapultTest/install/ur_yt_sim:/home/spaceshipecsat/ur_10_CatapultTest/install/ur_description:/home/spaceshipecsat/ur_10_CatapultTest/install/robotiq_description:/home/spaceshipecsat/ur_10_CatapultTest/install/ur5_camera_moveit_config:/home/spaceshipecsat/ur_10_CatapultTest/install/ur5_camera_gripper_moveit_config:/home/spaceshipecsat/ur_10_CatapultTest/install/ur10_camera_moveit_config:/home/spaceshipecsat/ur_10_CatapultTest/install/ur10_camera_gripper_moveit_config:/home/spaceshipecsat/ur_10_CatapultTest/install/ur_simulation_gazebo:/home/spaceshipecsat/ur_10_CatapultTest/install/ros2_linkattacher:/home/spaceshipecsat/ur_10_CatapultTest/install/robotiq_controllers:/home/spaceshipecsat/ur_10_CatapultTest/install/linkattacher_msgs:/opt/ros/humble /usr/bin/cmake --build /home/spaceshipecsat/ur_10_CatapultTest/build/ur5_camera_gripper_moveit_config -- -j32 -l32
[3.803s] DEBUG:colcon.colcon_core.event_handler.log_command:Invoking command in '/home/spaceshipecsat/ur_10_CatapultTest/build/ur5_camera_gripper_moveit_config': CMAKE_PREFIX_PATH=/home/spaceshipecsat/ur_10_CatapultTest/install/ur_yt_sim:/home/spaceshipecsat/ur_10_CatapultTest/install/ur_description:/home/spaceshipecsat/ur_10_CatapultTest/install/robotiq_description:/home/spaceshipecsat/ur_10_CatapultTest/install/ur5_camera_moveit_config:/home/spaceshipecsat/ur_10_CatapultTest/install/ur5_camera_gripper_moveit_config:/home/spaceshipecsat/ur_10_CatapultTest/install/ur10_camera_moveit_config:/home/spaceshipecsat/ur_10_CatapultTest/install/ur10_camera_gripper_moveit_config:/home/spaceshipecsat/ur_10_CatapultTest/install/ur_simulation_gazebo:/home/spaceshipecsat/ur_10_CatapultTest/install/ros2_linkattacher:/home/spaceshipecsat/ur_10_CatapultTest/install/robotiq_controllers:/home/spaceshipecsat/ur_10_CatapultTest/install/linkattacher_msgs:/opt/ros/humble /usr/bin/cmake --install /home/spaceshipecsat/ur_10_CatapultTest/build/ur5_camera_gripper_moveit_config
[3.803s] DEBUG:colcon.colcon_core.event_handler.log_command:Invoked command in '/home/spaceshipecsat/ur_10_CatapultTest/build/ur5_camera_moveit_config' returned '0': CMAKE_PREFIX_PATH=/home/spaceshipecsat/ur_10_CatapultTest/install/ur_yt_sim:/home/spaceshipecsat/ur_10_CatapultTest/install/ur_description:/home/spaceshipecsat/ur_10_CatapultTest/install/robotiq_description:/home/spaceshipecsat/ur_10_CatapultTest/install/ur5_camera_moveit_config:/home/spaceshipecsat/ur_10_CatapultTest/install/ur5_camera_gripper_moveit_config:/home/spaceshipecsat/ur_10_CatapultTest/install/ur10_camera_moveit_config:/home/spaceshipecsat/ur_10_CatapultTest/install/ur10_camera_gripper_moveit_config:/home/spaceshipecsat/ur_10_CatapultTest/install/ur_simulation_gazebo:/home/spaceshipecsat/ur_10_CatapultTest/install/ros2_linkattacher:/home/spaceshipecsat/ur_10_CatapultTest/install/robotiq_controllers:/home/spaceshipecsat/ur_10_CatapultTest/install/linkattacher_msgs:/opt/ros/humble /usr/bin/cmake --build /home/spaceshipecsat/ur_10_CatapultTest/build/ur5_camera_moveit_config -- -j32 -l32
[3.805s] DEBUG:colcon.colcon_core.event_handler.log_command:Invoking command in '/home/spaceshipecsat/ur_10_CatapultTest/build/ur5_camera_moveit_config': CMAKE_PREFIX_PATH=/home/spaceshipecsat/ur_10_CatapultTest/install/ur_yt_sim:/home/spaceshipecsat/ur_10_CatapultTest/install/ur_description:/home/spaceshipecsat/ur_10_CatapultTest/install/robotiq_description:/home/spaceshipecsat/ur_10_CatapultTest/install/ur5_camera_moveit_config:/home/spaceshipecsat/ur_10_CatapultTest/install/ur5_camera_gripper_moveit_config:/home/spaceshipecsat/ur_10_CatapultTest/install/ur10_camera_moveit_config:/home/spaceshipecsat/ur_10_CatapultTest/install/ur10_camera_gripper_moveit_config:/home/spaceshipecsat/ur_10_CatapultTest/install/ur_simulation_gazebo:/home/spaceshipecsat/ur_10_CatapultTest/install/ros2_linkattacher:/home/spaceshipecsat/ur_10_CatapultTest/install/robotiq_controllers:/home/spaceshipecsat/ur_10_CatapultTest/install/linkattacher_msgs:/opt/ros/humble /usr/bin/cmake --install /home/spaceshipecsat/ur_10_CatapultTest/build/ur5_camera_moveit_config
[3.812s] Level 1:colcon.colcon_core.environment:create_environment_scripts_only(ur10_camera_gripper_moveit_config)
[3.813s] Level 1:colcon.colcon_core.environment:checking '/home/spaceshipecsat/ur_10_CatapultTest/install/ur10_camera_gripper_moveit_config' for CMake module files
[3.816s] DEBUG:colcon.colcon_core.event_handler.log_command:Invoked command in '/home/spaceshipecsat/ur_10_CatapultTest/build/ur10_camera_gripper_moveit_config' returned '0': CMAKE_PREFIX_PATH=/home/spaceshipecsat/ur_10_CatapultTest/install/ur_yt_sim:/home/spaceshipecsat/ur_10_CatapultTest/install/ur_description:/home/spaceshipecsat/ur_10_CatapultTest/install/robotiq_description:/home/spaceshipecsat/ur_10_CatapultTest/install/ur5_camera_moveit_config:/home/spaceshipecsat/ur_10_CatapultTest/install/ur5_camera_gripper_moveit_config:/home/spaceshipecsat/ur_10_CatapultTest/install/ur10_camera_moveit_config:/home/spaceshipecsat/ur_10_CatapultTest/install/ur10_camera_gripper_moveit_config:/home/spaceshipecsat/ur_10_CatapultTest/install/ur_simulation_gazebo:/home/spaceshipecsat/ur_10_CatapultTest/install/ros2_linkattacher:/home/spaceshipecsat/ur_10_CatapultTest/install/robotiq_controllers:/home/spaceshipecsat/ur_10_CatapultTest/install/linkattacher_msgs:/opt/ros/humble /usr/bin/cmake --install /home/spaceshipecsat/ur_10_CatapultTest/build/ur10_camera_gripper_moveit_config
[3.818s] Level 1:colcon.colcon_core.environment:checking '/home/spaceshipecsat/ur_10_CatapultTest/install/ur10_camera_gripper_moveit_config' for CMake config files
[3.818s] Level 1:colcon.colcon_core.shell:create_environment_hook('ur10_camera_gripper_moveit_config', 'cmake_prefix_path')
[3.818s] INFO:colcon.colcon_core.shell:Creating environment hook '/home/spaceshipecsat/ur_10_CatapultTest/install/ur10_camera_gripper_moveit_config/share/ur10_camera_gripper_moveit_config/hook/cmake_prefix_path.ps1'
[3.819s] INFO:colcon.colcon_core.shell:Creating environment descriptor '/home/spaceshipecsat/ur_10_CatapultTest/install/ur10_camera_gripper_moveit_config/share/ur10_camera_gripper_moveit_config/hook/cmake_prefix_path.dsv'
[3.819s] INFO:colcon.colcon_core.shell:Creating environment hook '/home/spaceshipecsat/ur_10_CatapultTest/install/ur10_camera_gripper_moveit_config/share/ur10_camera_gripper_moveit_config/hook/cmake_prefix_path.sh'
[3.819s] Level 1:colcon.colcon_core.environment:checking '/home/spaceshipecsat/ur_10_CatapultTest/install/ur10_camera_gripper_moveit_config/bin'
[3.819s] Level 1:colcon.colcon_core.environment:checking '/home/spaceshipecsat/ur_10_CatapultTest/install/ur10_camera_gripper_moveit_config/lib/pkgconfig/ur10_camera_gripper_moveit_config.pc'
[3.820s] Level 1:colcon.colcon_core.environment:checking '/home/spaceshipecsat/ur_10_CatapultTest/install/ur10_camera_gripper_moveit_config/lib/python3.10/site-packages'
[3.820s] Level 1:colcon.colcon_core.environment:checking '/home/spaceshipecsat/ur_10_CatapultTest/install/ur10_camera_gripper_moveit_config/bin'
[3.820s] INFO:colcon.colcon_core.shell:Creating package script '/home/spaceshipecsat/ur_10_CatapultTest/install/ur10_camera_gripper_moveit_config/share/ur10_camera_gripper_moveit_config/package.ps1'
[3.820s] INFO:colcon.colcon_core.shell:Creating package descriptor '/home/spaceshipecsat/ur_10_CatapultTest/install/ur10_camera_gripper_moveit_config/share/ur10_camera_gripper_moveit_config/package.dsv'
[3.821s] INFO:colcon.colcon_core.shell:Creating package script '/home/spaceshipecsat/ur_10_CatapultTest/install/ur10_camera_gripper_moveit_config/share/ur10_camera_gripper_moveit_config/package.sh'
[3.821s] INFO:colcon.colcon_core.shell:Creating package script '/home/spaceshipecsat/ur_10_CatapultTest/install/ur10_camera_gripper_moveit_config/share/ur10_camera_gripper_moveit_config/package.bash'
[3.821s] INFO:colcon.colcon_core.shell:Creating package script '/home/spaceshipecsat/ur_10_CatapultTest/install/ur10_camera_gripper_moveit_config/share/ur10_camera_gripper_moveit_config/package.zsh'
[3.821s] Level 1:colcon.colcon_core.environment:create_file_with_runtime_dependencies(/home/spaceshipecsat/ur_10_CatapultTest/install/ur10_camera_gripper_moveit_config/share/colcon-core/packages/ur10_camera_gripper_moveit_config)
[3.822s] Level 1:colcon.colcon_core.environment:create_environment_scripts_only(ur10_camera_gripper_moveit_config)
[3.822s] Level 1:colcon.colcon_core.environment:checking '/home/spaceshipecsat/ur_10_CatapultTest/install/ur10_camera_gripper_moveit_config' for CMake module files
[3.822s] Level 1:colcon.colcon_core.environment:checking '/home/spaceshipecsat/ur_10_CatapultTest/install/ur10_camera_gripper_moveit_config' for CMake config files
[3.822s] Level 1:colcon.colcon_core.shell:create_environment_hook('ur10_camera_gripper_moveit_config', 'cmake_prefix_path')
[3.822s] INFO:colcon.colcon_core.shell:Creating environment hook '/home/spaceshipecsat/ur_10_CatapultTest/install/ur10_camera_gripper_moveit_config/share/ur10_camera_gripper_moveit_config/hook/cmake_prefix_path.ps1'
[3.823s] INFO:colcon.colcon_core.shell:Creating environment descriptor '/home/spaceshipecsat/ur_10_CatapultTest/install/ur10_camera_gripper_moveit_config/share/ur10_camera_gripper_moveit_config/hook/cmake_prefix_path.dsv'
[3.823s] INFO:colcon.colcon_core.shell:Creating environment hook '/home/spaceshipecsat/ur_10_CatapultTest/install/ur10_camera_gripper_moveit_config/share/ur10_camera_gripper_moveit_config/hook/cmake_prefix_path.sh'
[3.823s] Level 1:colcon.colcon_core.environment:checking '/home/spaceshipecsat/ur_10_CatapultTest/install/ur10_camera_gripper_moveit_config/bin'
[3.823s] Level 1:colcon.colcon_core.environment:checking '/home/spaceshipecsat/ur_10_CatapultTest/install/ur10_camera_gripper_moveit_config/lib/pkgconfig/ur10_camera_gripper_moveit_config.pc'
[3.823s] Level 1:colcon.colcon_core.environment:checking '/home/spaceshipecsat/ur_10_CatapultTest/install/ur10_camera_gripper_moveit_config/lib/python3.10/site-packages'
[3.823s] Level 1:colcon.colcon_core.environment:checking '/home/spaceshipecsat/ur_10_CatapultTest/install/ur10_camera_gripper_moveit_config/bin'
[3.823s] INFO:colcon.colcon_core.shell:Creating package script '/home/spaceshipecsat/ur_10_CatapultTest/install/ur10_camera_gripper_moveit_config/share/ur10_camera_gripper_moveit_config/package.ps1'
[3.824s] INFO:colcon.colcon_core.shell:Creating package descriptor '/home/spaceshipecsat/ur_10_CatapultTest/install/ur10_camera_gripper_moveit_config/share/ur10_camera_gripper_moveit_config/package.dsv'
[3.824s] INFO:colcon.colcon_core.shell:Creating package script '/home/spaceshipecsat/ur_10_CatapultTest/install/ur10_camera_gripper_moveit_config/share/ur10_camera_gripper_moveit_config/package.sh'
[3.824s] INFO:colcon.colcon_core.shell:Creating package script '/home/spaceshipecsat/ur_10_CatapultTest/install/ur10_camera_gripper_moveit_config/share/ur10_camera_gripper_moveit_config/package.bash'
[3.824s] INFO:colcon.colcon_core.shell:Creating package script '/home/spaceshipecsat/ur_10_CatapultTest/install/ur10_camera_gripper_moveit_config/share/ur10_camera_gripper_moveit_config/package.zsh'
[3.824s] Level 1:colcon.colcon_core.environment:create_file_with_runtime_dependencies(/home/spaceshipecsat/ur_10_CatapultTest/install/ur10_camera_gripper_moveit_config/share/colcon-core/packages/ur10_camera_gripper_moveit_config)
[3.825s] Level 1:colcon.colcon_core.environment:create_environment_scripts_only(ur10_camera_moveit_config)
[3.825s] Level 1:colcon.colcon_core.environment:checking '/home/spaceshipecsat/ur_10_CatapultTest/install/ur10_camera_moveit_config' for CMake module files
[3.826s] DEBUG:colcon.colcon_core.event_handler.log_command:Invoked command in '/home/spaceshipecsat/ur_10_CatapultTest/build/ur10_camera_moveit_config' returned '0': CMAKE_PREFIX_PATH=/home/spaceshipecsat/ur_10_CatapultTest/install/ur_yt_sim:/home/spaceshipecsat/ur_10_CatapultTest/install/ur_description:/home/spaceshipecsat/ur_10_CatapultTest/install/robotiq_description:/home/spaceshipecsat/ur_10_CatapultTest/install/ur5_camera_moveit_config:/home/spaceshipecsat/ur_10_CatapultTest/install/ur5_camera_gripper_moveit_config:/home/spaceshipecsat/ur_10_CatapultTest/install/ur10_camera_moveit_config:/home/spaceshipecsat/ur_10_CatapultTest/install/ur10_camera_gripper_moveit_config:/home/spaceshipecsat/ur_10_CatapultTest/install/ur_simulation_gazebo:/home/spaceshipecsat/ur_10_CatapultTest/install/ros2_linkattacher:/home/spaceshipecsat/ur_10_CatapultTest/install/robotiq_controllers:/home/spaceshipecsat/ur_10_CatapultTest/install/linkattacher_msgs:/opt/ros/humble /usr/bin/cmake --install /home/spaceshipecsat/ur_10_CatapultTest/build/ur10_camera_moveit_config
[3.826s] Level 1:colcon.colcon_core.environment:checking '/home/spaceshipecsat/ur_10_CatapultTest/install/ur10_camera_moveit_config' for CMake config files
[3.826s] Level 1:colcon.colcon_core.shell:create_environment_hook('ur10_camera_moveit_config', 'cmake_prefix_path')
[3.826s] INFO:colcon.colcon_core.shell:Creating environment hook '/home/spaceshipecsat/ur_10_CatapultTest/install/ur10_camera_moveit_config/share/ur10_camera_moveit_config/hook/cmake_prefix_path.ps1'
[3.826s] INFO:colcon.colcon_core.shell:Creating environment descriptor '/home/spaceshipecsat/ur_10_CatapultTest/install/ur10_camera_moveit_config/share/ur10_camera_moveit_config/hook/cmake_prefix_path.dsv'
[3.827s] INFO:colcon.colcon_core.shell:Creating environment hook '/home/spaceshipecsat/ur_10_CatapultTest/install/ur10_camera_moveit_config/share/ur10_camera_moveit_config/hook/cmake_prefix_path.sh'
[3.827s] Level 1:colcon.colcon_core.environment:checking '/home/spaceshipecsat/ur_10_CatapultTest/install/ur10_camera_moveit_config/bin'
[3.827s] Level 1:colcon.colcon_core.environment:checking '/home/spaceshipecsat/ur_10_CatapultTest/install/ur10_camera_moveit_config/lib/pkgconfig/ur10_camera_moveit_config.pc'
[3.827s] Level 1:colcon.colcon_core.environment:checking '/home/spaceshipecsat/ur_10_CatapultTest/install/ur10_camera_moveit_config/lib/python3.10/site-packages'
[3.827s] Level 1:colcon.colcon_core.environment:checking '/home/spaceshipecsat/ur_10_CatapultTest/install/ur10_camera_moveit_config/bin'
[3.827s] INFO:colcon.colcon_core.shell:Creating package script '/home/spaceshipecsat/ur_10_CatapultTest/install/ur10_camera_moveit_config/share/ur10_camera_moveit_config/package.ps1'
[3.828s] INFO:colcon.colcon_core.shell:Creating package descriptor '/home/spaceshipecsat/ur_10_CatapultTest/install/ur10_camera_moveit_config/share/ur10_camera_moveit_config/package.dsv'
[3.828s] INFO:colcon.colcon_core.shell:Creating package script '/home/spaceshipecsat/ur_10_CatapultTest/install/ur10_camera_moveit_config/share/ur10_camera_moveit_config/package.sh'
[3.828s] INFO:colcon.colcon_core.shell:Creating package script '/home/spaceshipecsat/ur_10_CatapultTest/install/ur10_camera_moveit_config/share/ur10_camera_moveit_config/package.bash'
[3.828s] INFO:colcon.colcon_core.shell:Creating package script '/home/spaceshipecsat/ur_10_CatapultTest/install/ur10_camera_moveit_config/share/ur10_camera_moveit_config/package.zsh'
[3.828s] Level 1:colcon.colcon_core.environment:create_file_with_runtime_dependencies(/home/spaceshipecsat/ur_10_CatapultTest/install/ur10_camera_moveit_config/share/colcon-core/packages/ur10_camera_moveit_config)
[3.828s] Level 1:colcon.colcon_core.environment:create_environment_scripts_only(ur10_camera_moveit_config)
[3.828s] Level 1:colcon.colcon_core.environment:checking '/home/spaceshipecsat/ur_10_CatapultTest/install/ur10_camera_moveit_config' for CMake module files
[3.829s] Level 1:colcon.colcon_core.environment:checking '/home/spaceshipecsat/ur_10_CatapultTest/install/ur10_camera_moveit_config' for CMake config files
[3.829s] Level 1:colcon.colcon_core.shell:create_environment_hook('ur10_camera_moveit_config', 'cmake_prefix_path')
[3.829s] INFO:colcon.colcon_core.shell:Creating environment hook '/home/spaceshipecsat/ur_10_CatapultTest/install/ur10_camera_moveit_config/share/ur10_camera_moveit_config/hook/cmake_prefix_path.ps1'
[3.829s] INFO:colcon.colcon_core.shell:Creating environment descriptor '/home/spaceshipecsat/ur_10_CatapultTest/install/ur10_camera_moveit_config/share/ur10_camera_moveit_config/hook/cmake_prefix_path.dsv'
[3.829s] INFO:colcon.colcon_core.shell:Creating environment hook '/home/spaceshipecsat/ur_10_CatapultTest/install/ur10_camera_moveit_config/share/ur10_camera_moveit_config/hook/cmake_prefix_path.sh'
[3.829s] Level 1:colcon.colcon_core.environment:checking '/home/spaceshipecsat/ur_10_CatapultTest/install/ur10_camera_moveit_config/bin'
[3.829s] Level 1:colcon.colcon_core.environment:checking '/home/spaceshipecsat/ur_10_CatapultTest/install/ur10_camera_moveit_config/lib/pkgconfig/ur10_camera_moveit_config.pc'
[3.829s] Level 1:colcon.colcon_core.environment:checking '/home/spaceshipecsat/ur_10_CatapultTest/install/ur10_camera_moveit_config/lib/python3.10/site-packages'
[3.829s] Level 1:colcon.colcon_core.environment:checking '/home/spaceshipecsat/ur_10_CatapultTest/install/ur10_camera_moveit_config/bin'
[3.830s] INFO:colcon.colcon_core.shell:Creating package script '/home/spaceshipecsat/ur_10_CatapultTest/install/ur10_camera_moveit_config/share/ur10_camera_moveit_config/package.ps1'
[3.830s] INFO:colcon.colcon_core.shell:Creating package descriptor '/home/spaceshipecsat/ur_10_CatapultTest/install/ur10_camera_moveit_config/share/ur10_camera_moveit_config/package.dsv'
[3.830s] INFO:colcon.colcon_core.shell:Creating package script '/home/spaceshipecsat/ur_10_CatapultTest/install/ur10_camera_moveit_config/share/ur10_camera_moveit_config/package.sh'
[3.830s] INFO:colcon.colcon_core.shell:Creating package script '/home/spaceshipecsat/ur_10_CatapultTest/install/ur10_camera_moveit_config/share/ur10_camera_moveit_config/package.bash'
[3.830s] INFO:colcon.colcon_core.shell:Creating package script '/home/spaceshipecsat/ur_10_CatapultTest/install/ur10_camera_moveit_config/share/ur10_camera_moveit_config/package.zsh'
[3.830s] Level 1:colcon.colcon_core.environment:create_file_with_runtime_dependencies(/home/spaceshipecsat/ur_10_CatapultTest/install/ur10_camera_moveit_config/share/colcon-core/packages/ur10_camera_moveit_config)
[3.830s] Level 1:colcon.colcon_core.environment:create_environment_scripts_only(ur5_camera_gripper_moveit_config)
[3.830s] Level 1:colcon.colcon_core.environment:checking '/home/spaceshipecsat/ur_10_CatapultTest/install/ur5_camera_gripper_moveit_config' for CMake module files
[3.831s] Level 1:colcon.colcon_core.environment:checking '/home/spaceshipecsat/ur_10_CatapultTest/install/ur5_camera_gripper_moveit_config' for CMake config files
[3.831s] DEBUG:colcon.colcon_core.event_handler.log_command:Invoked command in '/home/spaceshipecsat/ur_10_CatapultTest/build/ur5_camera_gripper_moveit_config' returned '0': CMAKE_PREFIX_PATH=/home/spaceshipecsat/ur_10_CatapultTest/install/ur_yt_sim:/home/spaceshipecsat/ur_10_CatapultTest/install/ur_description:/home/spaceshipecsat/ur_10_CatapultTest/install/robotiq_description:/home/spaceshipecsat/ur_10_CatapultTest/install/ur5_camera_moveit_config:/home/spaceshipecsat/ur_10_CatapultTest/install/ur5_camera_gripper_moveit_config:/home/spaceshipecsat/ur_10_CatapultTest/install/ur10_camera_moveit_config:/home/spaceshipecsat/ur_10_CatapultTest/install/ur10_camera_gripper_moveit_config:/home/spaceshipecsat/ur_10_CatapultTest/install/ur_simulation_gazebo:/home/spaceshipecsat/ur_10_CatapultTest/install/ros2_linkattacher:/home/spaceshipecsat/ur_10_CatapultTest/install/robotiq_controllers:/home/spaceshipecsat/ur_10_CatapultTest/install/linkattacher_msgs:/opt/ros/humble /usr/bin/cmake --install /home/spaceshipecsat/ur_10_CatapultTest/build/ur5_camera_gripper_moveit_config
[3.831s] Level 1:colcon.colcon_core.shell:create_environment_hook('ur5_camera_gripper_moveit_config', 'cmake_prefix_path')
[3.831s] INFO:colcon.colcon_core.shell:Creating environment hook '/home/spaceshipecsat/ur_10_CatapultTest/install/ur5_camera_gripper_moveit_config/share/ur5_camera_gripper_moveit_config/hook/cmake_prefix_path.ps1'
[3.831s] INFO:colcon.colcon_core.shell:Creating environment descriptor '/home/spaceshipecsat/ur_10_CatapultTest/install/ur5_camera_gripper_moveit_config/share/ur5_camera_gripper_moveit_config/hook/cmake_prefix_path.dsv'
[3.832s] INFO:colcon.colcon_core.shell:Creating environment hook '/home/spaceshipecsat/ur_10_CatapultTest/install/ur5_camera_gripper_moveit_config/share/ur5_camera_gripper_moveit_config/hook/cmake_prefix_path.sh'
[3.832s] Level 1:colcon.colcon_core.environment:checking '/home/spaceshipecsat/ur_10_CatapultTest/install/ur5_camera_gripper_moveit_config/bin'
[3.832s] Level 1:colcon.colcon_core.environment:checking '/home/spaceshipecsat/ur_10_CatapultTest/install/ur5_camera_gripper_moveit_config/lib/pkgconfig/ur5_camera_gripper_moveit_config.pc'
[3.832s] Level 1:colcon.colcon_core.environment:checking '/home/spaceshipecsat/ur_10_CatapultTest/install/ur5_camera_gripper_moveit_config/lib/python3.10/site-packages'
[3.832s] Level 1:colcon.colcon_core.environment:checking '/home/spaceshipecsat/ur_10_CatapultTest/install/ur5_camera_gripper_moveit_config/bin'
[3.832s] INFO:colcon.colcon_core.shell:Creating package script '/home/spaceshipecsat/ur_10_CatapultTest/install/ur5_camera_gripper_moveit_config/share/ur5_camera_gripper_moveit_config/package.ps1'
[3.832s] INFO:colcon.colcon_core.shell:Creating package descriptor '/home/spaceshipecsat/ur_10_CatapultTest/install/ur5_camera_gripper_moveit_config/share/ur5_camera_gripper_moveit_config/package.dsv'
[3.832s] INFO:colcon.colcon_core.shell:Creating package script '/home/spaceshipecsat/ur_10_CatapultTest/install/ur5_camera_gripper_moveit_config/share/ur5_camera_gripper_moveit_config/package.sh'
[3.832s] INFO:colcon.colcon_core.shell:Creating package script '/home/spaceshipecsat/ur_10_CatapultTest/install/ur5_camera_gripper_moveit_config/share/ur5_camera_gripper_moveit_config/package.bash'
[3.833s] INFO:colcon.colcon_core.shell:Creating package script '/home/spaceshipecsat/ur_10_CatapultTest/install/ur5_camera_gripper_moveit_config/share/ur5_camera_gripper_moveit_config/package.zsh'
[3.833s] Level 1:colcon.colcon_core.environment:create_file_with_runtime_dependencies(/home/spaceshipecsat/ur_10_CatapultTest/install/ur5_camera_gripper_moveit_config/share/colcon-core/packages/ur5_camera_gripper_moveit_config)
[3.833s] Level 1:colcon.colcon_core.environment:create_environment_scripts_only(ur5_camera_gripper_moveit_config)
[3.833s] Level 1:colcon.colcon_core.environment:checking '/home/spaceshipecsat/ur_10_CatapultTest/install/ur5_camera_gripper_moveit_config' for CMake module files
[3.833s] Level 1:colcon.colcon_core.environment:checking '/home/spaceshipecsat/ur_10_CatapultTest/install/ur5_camera_gripper_moveit_config' for CMake config files
[3.833s] Level 1:colcon.colcon_core.shell:create_environment_hook('ur5_camera_gripper_moveit_config', 'cmake_prefix_path')
[3.833s] INFO:colcon.colcon_core.shell:Creating environment hook '/home/spaceshipecsat/ur_10_CatapultTest/install/ur5_camera_gripper_moveit_config/share/ur5_camera_gripper_moveit_config/hook/cmake_prefix_path.ps1'
[3.833s] INFO:colcon.colcon_core.shell:Creating environment descriptor '/home/spaceshipecsat/ur_10_CatapultTest/install/ur5_camera_gripper_moveit_config/share/ur5_camera_gripper_moveit_config/hook/cmake_prefix_path.dsv'
[3.834s] INFO:colcon.colcon_core.shell:Creating environment hook '/home/spaceshipecsat/ur_10_CatapultTest/install/ur5_camera_gripper_moveit_config/share/ur5_camera_gripper_moveit_config/hook/cmake_prefix_path.sh'
[3.834s] Level 1:colcon.colcon_core.environment:checking '/home/spaceshipecsat/ur_10_CatapultTest/install/ur5_camera_gripper_moveit_config/bin'
[3.834s] Level 1:colcon.colcon_core.environment:checking '/home/spaceshipecsat/ur_10_CatapultTest/install/ur5_camera_gripper_moveit_config/lib/pkgconfig/ur5_camera_gripper_moveit_config.pc'
[3.834s] Level 1:colcon.colcon_core.environment:checking '/home/spaceshipecsat/ur_10_CatapultTest/install/ur5_camera_gripper_moveit_config/lib/python3.10/site-packages'
[3.834s] Level 1:colcon.colcon_core.environment:checking '/home/spaceshipecsat/ur_10_CatapultTest/install/ur5_camera_gripper_moveit_config/bin'
[3.834s] INFO:colcon.colcon_core.shell:Creating package script '/home/spaceshipecsat/ur_10_CatapultTest/install/ur5_camera_gripper_moveit_config/share/ur5_camera_gripper_moveit_config/package.ps1'
[3.834s] INFO:colcon.colcon_core.shell:Creating package descriptor '/home/spaceshipecsat/ur_10_CatapultTest/install/ur5_camera_gripper_moveit_config/share/ur5_camera_gripper_moveit_config/package.dsv'
[3.834s] INFO:colcon.colcon_core.shell:Creating package script '/home/spaceshipecsat/ur_10_CatapultTest/install/ur5_camera_gripper_moveit_config/share/ur5_camera_gripper_moveit_config/package.sh'
[3.835s] INFO:colcon.colcon_core.shell:Creating package script '/home/spaceshipecsat/ur_10_CatapultTest/install/ur5_camera_gripper_moveit_config/share/ur5_camera_gripper_moveit_config/package.bash'
[3.835s] INFO:colcon.colcon_core.shell:Creating package script '/home/spaceshipecsat/ur_10_CatapultTest/install/ur5_camera_gripper_moveit_config/share/ur5_camera_gripper_moveit_config/package.zsh'
[3.835s] Level 1:colcon.colcon_core.environment:create_file_with_runtime_dependencies(/home/spaceshipecsat/ur_10_CatapultTest/install/ur5_camera_gripper_moveit_config/share/colcon-core/packages/ur5_camera_gripper_moveit_config)
[3.835s] Level 1:colcon.colcon_core.environment:create_environment_scripts_only(ur5_camera_moveit_config)
[3.835s] Level 1:colcon.colcon_core.environment:checking '/home/spaceshipecsat/ur_10_CatapultTest/install/ur5_camera_moveit_config' for CMake module files
[3.836s] DEBUG:colcon.colcon_core.event_handler.log_command:Invoked command in '/home/spaceshipecsat/ur_10_CatapultTest/build/ur5_camera_moveit_config' returned '0': CMAKE_PREFIX_PATH=/home/spaceshipecsat/ur_10_CatapultTest/install/ur_yt_sim:/home/spaceshipecsat/ur_10_CatapultTest/install/ur_description:/home/spaceshipecsat/ur_10_CatapultTest/install/robotiq_description:/home/spaceshipecsat/ur_10_CatapultTest/install/ur5_camera_moveit_config:/home/spaceshipecsat/ur_10_CatapultTest/install/ur5_camera_gripper_moveit_config:/home/spaceshipecsat/ur_10_CatapultTest/install/ur10_camera_moveit_config:/home/spaceshipecsat/ur_10_CatapultTest/install/ur10_camera_gripper_moveit_config:/home/spaceshipecsat/ur_10_CatapultTest/install/ur_simulation_gazebo:/home/spaceshipecsat/ur_10_CatapultTest/install/ros2_linkattacher:/home/spaceshipecsat/ur_10_CatapultTest/install/robotiq_controllers:/home/spaceshipecsat/ur_10_CatapultTest/install/linkattacher_msgs:/opt/ros/humble /usr/bin/cmake --install /home/spaceshipecsat/ur_10_CatapultTest/build/ur5_camera_moveit_config
[3.836s] Level 1:colcon.colcon_core.environment:checking '/home/spaceshipecsat/ur_10_CatapultTest/install/ur5_camera_moveit_config' for CMake config files
[3.836s] Level 1:colcon.colcon_core.shell:create_environment_hook('ur5_camera_moveit_config', 'cmake_prefix_path')
[3.836s] INFO:colcon.colcon_core.shell:Creating environment hook '/home/spaceshipecsat/ur_10_CatapultTest/install/ur5_camera_moveit_config/share/ur5_camera_moveit_config/hook/cmake_prefix_path.ps1'
[3.836s] INFO:colcon.colcon_core.shell:Creating environment descriptor '/home/spaceshipecsat/ur_10_CatapultTest/install/ur5_camera_moveit_config/share/ur5_camera_moveit_config/hook/cmake_prefix_path.dsv'
[3.836s] INFO:colcon.colcon_core.shell:Creating environment hook '/home/spaceshipecsat/ur_10_CatapultTest/install/ur5_camera_moveit_config/share/ur5_camera_moveit_config/hook/cmake_prefix_path.sh'
[3.836s] Level 1:colcon.colcon_core.environment:checking '/home/spaceshipecsat/ur_10_CatapultTest/install/ur5_camera_moveit_config/bin'
[3.836s] Level 1:colcon.colcon_core.environment:checking '/home/spaceshipecsat/ur_10_CatapultTest/install/ur5_camera_moveit_config/lib/pkgconfig/ur5_camera_moveit_config.pc'
[3.836s] Level 1:colcon.colcon_core.environment:checking '/home/spaceshipecsat/ur_10_CatapultTest/install/ur5_camera_moveit_config/lib/python3.10/site-packages'
[3.836s] Level 1:colcon.colcon_core.environment:checking '/home/spaceshipecsat/ur_10_CatapultTest/install/ur5_camera_moveit_config/bin'
[3.837s] INFO:colcon.colcon_core.shell:Creating package script '/home/spaceshipecsat/ur_10_CatapultTest/install/ur5_camera_moveit_config/share/ur5_camera_moveit_config/package.ps1'
[3.837s] INFO:colcon.colcon_core.shell:Creating package descriptor '/home/spaceshipecsat/ur_10_CatapultTest/install/ur5_camera_moveit_config/share/ur5_camera_moveit_config/package.dsv'
[3.837s] INFO:colcon.colcon_core.shell:Creating package script '/home/spaceshipecsat/ur_10_CatapultTest/install/ur5_camera_moveit_config/share/ur5_camera_moveit_config/package.sh'
[3.837s] INFO:colcon.colcon_core.shell:Creating package script '/home/spaceshipecsat/ur_10_CatapultTest/install/ur5_camera_moveit_config/share/ur5_camera_moveit_config/package.bash'
[3.837s] INFO:colcon.colcon_core.shell:Creating package script '/home/spaceshipecsat/ur_10_CatapultTest/install/ur5_camera_moveit_config/share/ur5_camera_moveit_config/package.zsh'
[3.837s] Level 1:colcon.colcon_core.environment:create_file_with_runtime_dependencies(/home/spaceshipecsat/ur_10_CatapultTest/install/ur5_camera_moveit_config/share/colcon-core/packages/ur5_camera_moveit_config)
[3.838s] Level 1:colcon.colcon_core.environment:create_environment_scripts_only(ur5_camera_moveit_config)
[3.838s] Level 1:colcon.colcon_core.environment:checking '/home/spaceshipecsat/ur_10_CatapultTest/install/ur5_camera_moveit_config' for CMake module files
[3.838s] Level 1:colcon.colcon_core.environment:checking '/home/spaceshipecsat/ur_10_CatapultTest/install/ur5_camera_moveit_config' for CMake config files
[3.838s] Level 1:colcon.colcon_core.shell:create_environment_hook('ur5_camera_moveit_config', 'cmake_prefix_path')
[3.838s] INFO:colcon.colcon_core.shell:Creating environment hook '/home/spaceshipecsat/ur_10_CatapultTest/install/ur5_camera_moveit_config/share/ur5_camera_moveit_config/hook/cmake_prefix_path.ps1'
[3.838s] INFO:colcon.colcon_core.shell:Creating environment descriptor '/home/spaceshipecsat/ur_10_CatapultTest/install/ur5_camera_moveit_config/share/ur5_camera_moveit_config/hook/cmake_prefix_path.dsv'
[3.838s] INFO:colcon.colcon_core.shell:Creating environment hook '/home/spaceshipecsat/ur_10_CatapultTest/install/ur5_camera_moveit_config/share/ur5_camera_moveit_config/hook/cmake_prefix_path.sh'
[3.838s] Level 1:colcon.colcon_core.environment:checking '/home/spaceshipecsat/ur_10_CatapultTest/install/ur5_camera_moveit_config/bin'
[3.838s] Level 1:colcon.colcon_core.environment:checking '/home/spaceshipecsat/ur_10_CatapultTest/install/ur5_camera_moveit_config/lib/pkgconfig/ur5_camera_moveit_config.pc'
[3.838s] Level 1:colcon.colcon_core.environment:checking '/home/spaceshipecsat/ur_10_CatapultTest/install/ur5_camera_moveit_config/lib/python3.10/site-packages'
[3.839s] Level 1:colcon.colcon_core.environment:checking '/home/spaceshipecsat/ur_10_CatapultTest/install/ur5_camera_moveit_config/bin'
[3.839s] INFO:colcon.colcon_core.shell:Creating package script '/home/spaceshipecsat/ur_10_CatapultTest/install/ur5_camera_moveit_config/share/ur5_camera_moveit_config/package.ps1'
[3.839s] INFO:colcon.colcon_core.shell:Creating package descriptor '/home/spaceshipecsat/ur_10_CatapultTest/install/ur5_camera_moveit_config/share/ur5_camera_moveit_config/package.dsv'
[3.839s] INFO:colcon.colcon_core.shell:Creating package script '/home/spaceshipecsat/ur_10_CatapultTest/install/ur5_camera_moveit_config/share/ur5_camera_moveit_config/package.sh'
[3.839s] INFO:colcon.colcon_core.shell:Creating package script '/home/spaceshipecsat/ur_10_CatapultTest/install/ur5_camera_moveit_config/share/ur5_camera_moveit_config/package.bash'
[3.839s] INFO:colcon.colcon_core.shell:Creating package script '/home/spaceshipecsat/ur_10_CatapultTest/install/ur5_camera_moveit_config/share/ur5_camera_moveit_config/package.zsh'
[3.839s] Level 1:colcon.colcon_core.environment:create_file_with_runtime_dependencies(/home/spaceshipecsat/ur_10_CatapultTest/install/ur5_camera_moveit_config/share/colcon-core/packages/ur5_camera_moveit_config)
[3.840s] DEBUG:colcon.colcon_parallel_executor.executor.parallel:closing loop
[3.840s] DEBUG:colcon.colcon_parallel_executor.executor.parallel:loop closed
[3.840s] DEBUG:colcon.colcon_parallel_executor.executor.parallel:run_until_complete finished with '0'
[3.840s] DEBUG:colcon.colcon_core.event_reactor:joining thread
[3.842s] INFO:colcon.colcon_core.plugin_system:Skipping extension 'colcon_notification.desktop_notification.terminal_notifier': Not used on non-Darwin systems
[3.842s] INFO:colcon.colcon_core.plugin_system:Skipping extension 'colcon_notification.desktop_notification.win32': Not used on non-Windows systems
[3.842s] INFO:colcon.colcon_notification.desktop_notification:Sending desktop notification using 'notify2'
[3.848s] DEBUG:colcon.colcon_core.event_reactor:joined thread
[3.848s] INFO:colcon.colcon_core.shell:Creating prefix script '/home/spaceshipecsat/ur_10_CatapultTest/install/local_setup.ps1'
[3.849s] INFO:colcon.colcon_core.shell:Creating prefix util module '/home/spaceshipecsat/ur_10_CatapultTest/install/_local_setup_util_ps1.py'
[3.849s] INFO:colcon.colcon_core.shell:Creating prefix chain script '/home/spaceshipecsat/ur_10_CatapultTest/install/setup.ps1'
[3.850s] INFO:colcon.colcon_core.shell:Creating prefix script '/home/spaceshipecsat/ur_10_CatapultTest/install/local_setup.sh'
[3.850s] INFO:colcon.colcon_core.shell:Creating prefix util module '/home/spaceshipecsat/ur_10_CatapultTest/install/_local_setup_util_sh.py'
[3.850s] INFO:colcon.colcon_core.shell:Creating prefix chain script '/home/spaceshipecsat/ur_10_CatapultTest/install/setup.sh'
[3.851s] INFO:colcon.colcon_core.shell:Creating prefix script '/home/spaceshipecsat/ur_10_CatapultTest/install/local_setup.bash'
[3.851s] INFO:colcon.colcon_core.shell:Creating prefix chain script '/home/spaceshipecsat/ur_10_CatapultTest/install/setup.bash'
[3.851s] INFO:colcon.colcon_core.shell:Creating prefix script '/home/spaceshipecsat/ur_10_CatapultTest/install/local_setup.zsh'
[3.851s] INFO:colcon.colcon_core.shell:Creating prefix chain script '/home/spaceshipecsat/ur_10_CatapultTest/install/setup.zsh'
